site_name,source_url,listing_url,detail_url,title,company_name,category,contract_type,reward_text,initial_cost,recurring_revenue,area,target_persona,summary,features,published_at,status,first_seen_at,last_seen_at,scraped_at
b-seeds,https://b-seeds.com/,https://b-seeds.com/,https://b-seeds.com/ct-eniuma,"1,000本以上の販売実績を持つ人気AI商材！「AI競馬予想ソフト」販売パートナー募集",,,,代金の30％をお支払い,無料,,関東 募集対象 法人・個人事業主・個人 初期費用 無料,法人・個人事業主・個人 初期費用 無料,"「AI競馬予想ソフト」は、AIによる高精度な競馬予想ソフトです。過去20年以上のデータと最新情報をもとに独自のアルゴリズムで予測を行い、すでに1,000本以上の販売実績を誇ります。 20年以上のレースデータに加え、騎手や厩舎など人間関係データ、レースごとの相性データを複合的に分析。ディープラーニングによって常に自己学習し、予測精度を高め続けています。 その結果、平均的中率の向上率は35%以上。リア",,,active,2026-03-24T08:51:34Z,2026-03-24T08:51:34Z,2026-03-24T08:51:34Z
b-seeds,https://b-seeds.com/,https://b-seeds.com/,https://b-seeds.com/ax-smartmatcloud,"1,400社の導入実績！在庫の管理、発注、棚卸を自動化するシステムです！ 「スマートマットクラウド」販売支援企業募集",,,,獲得した件数に応じて収益が発生します （ストック収益も可）,無料,あり,全国,法人,現場のあらゆる課題を解決！マットを敷くだけで在庫確認や棚卸、発注まで自動化できます！ 「SmartMat Cloud」（スマートマット クラウド）は、重さで数を数えるIoTの新しい在庫管理システムです。 商品に限らず、部品や完成品、副資材や仕掛品、粉モノや液体の原材料まで、マットの上に置くだけで日々の在庫確認や棚卸、発注まで自動化できます。 さらに、現場内の「取る・置く」の動きを記録して、モノの流,,,active,2026-03-24T08:52:41Z,2026-03-24T08:52:41Z,2026-03-24T08:52:41Z
b-seeds,https://b-seeds.com/,https://b-seeds.com/,https://b-seeds.com/ps-officedeyasai,100円で食べられる設置型健康社食をご紹介ください！「OFFICE DE YASAI」紹介パートナー募集,,,,トライアル＋本契約のダブルで数万円の報酬獲得 （トライアルのお申込みをいただいた時点で報酬が発生します）,無料,,全国 募集対象 法人・個人事業主・個人 初期費用 無料,法人・個人事業主・個人 初期費用 無料,「オフィスで健康的な食事がとれる環境があればいいのに」そう感じたことはありませんか？『OFFICE DE YASAI』は、オフィスに設置するだけでいつでも自由に利用できる“食の福利厚生サービス”です。導入企業様の多くが「時間に縛られず、各自のタイミングで健康的な食事を取れることがありがたい」と評価しています。 ラインナップは、サラダやフルーツ、お惣菜から軽食まで50種類以上。冷蔵プランでは朝食や昼,,,active,2026-03-24T08:42:26Z,2026-03-24T08:42:26Z,2026-03-24T08:42:26Z
b-seeds,https://b-seeds.com/,https://b-seeds.com/,https://b-seeds.com/wu-mapsyokunin,"13,000店舗導入の集客ツール！「一括管理＆店舗集客ツール マップ職人」販売パートナー募集",,,,ご契約件数に応じた手数料をお支払い,無料,,全国 募集対象 法人 初期費用 無料,法人 初期費用 無料,"「マップ職人」は、Googleビジネスプロフィールを効率的に管理・最適化し、集客効果を高める支援ツールです。すでに海外店舗を含む13,000店舗以上の集客支援実績があり、成果を出すための実践的なノウハウがございます。 代理店活動では、クライアントごとに異なる業種や立地条件にも対応可能な提案ができるようになるため、信頼性の高い提案営業が可能です。導入初期から成果を上げやすく、代理店ビジネスとしての成",,,active,2026-03-24T08:52:07Z,2026-03-24T08:52:07Z,2026-03-24T08:52:07Z
b-seeds,https://b-seeds.com/,https://b-seeds.com/,https://b-seeds.com/pi-pignet,1次募集、ストック収益型！「AIを使ったSNS自動投稿サービス Pignet」販売代理店募集,,,,28％の手数料を還元（初期導入費・月額利用料も対象）,"198,000円（税込）",あり,"全国 募集対象 法人・個人事業主・個人 初期費用 198,000円（税込）","法人・個人事業主・個人 初期費用 198,000円（税込）",•試験運用において、Instagramの閲覧数（表示回数）が2.3倍、Googleマップでの反応も1.7倍に向上するという驚異的な結果を記録しています。•この裏付けられた「集客実績」を提示できるため、説得力のある提案が可能になり、高い成約率と顧客満足度を実現します。•販売がしやすい！1人で年間50件の販売実績あり！ •Instagram、Googleマップ、Xに、AIを使って一括自動投稿する。投稿,,,active,2026-03-24T08:43:11Z,2026-03-24T08:43:11Z,2026-03-24T08:43:11Z
b-seeds,https://b-seeds.com/,https://b-seeds.com/,https://b-seeds.com/pi-pignetfc,1次募集、売上の90%が収益！「AIを使ったSNS自動投稿サービス Pignet」FC加盟店募集,,,,売上の90％が収益です,無料（仕入れ代金がかかります）,,全国 募集対象 法人・個人事業主 初期費用 無料（仕入れ代金がかかります）,法人・個人事業主 初期費用 無料（仕入れ代金がかかります）,•試験運用において、Instagramの閲覧数（表示回数）が2.3倍、Googleマップでの反応も1.7倍に向上するという驚異的な結果を記録しています。•この裏付けられた「集客実績」を提示できるため、説得力のある提案が可能になり、高い成約率と顧客満足度を実現します。•販売がしやすい！1人で年間50件の販売実績あり！ •Instagram、Googleマップ、Xに、AIを使って一括自動投稿する。投稿,,,active,2026-03-24T08:48:04Z,2026-03-24T08:48:04Z,2026-03-24T08:48:04Z
b-seeds,https://b-seeds.com/,https://b-seeds.com/,https://b-seeds.com/cm-careermovehou,1県1社限定の高収益×高成約率ビジネス！「業界特化型求人 Career Move」法人代理店募集,,,,売上に応じて55％〜65％のマージンが得られる高利益率モデル,無料,,全国 募集対象 法人 初期費用 無料,法人 初期費用 無料,「Career Move」は、建設・工場・医療という日本を支える3大産業に特化したHRプラットフォームです。総合型求人媒体のように業種を広くカバーするのではなく、あえて市場を絞り込むことで、企業と求職者双方にとって最適化されたマッチング環境を実現しています。専門特化型であるからこそ、求職者の質が高く、企業側の採用ニーズとも一致しやすい構造になっています。 営業時には「どの業界にも対応できます」とい,,,active,2026-03-24T08:42:55Z,2026-03-24T08:42:55Z,2026-03-24T08:42:55Z
b-seeds,https://b-seeds.com/,https://b-seeds.com/,https://b-seeds.com/kt-unext,31日無料トライアルで提案しやすい人気VOD！「U-NEXT」販売代理店募集,,,,2段階の手数料支払い,無料,,全国 募集対象 法人・個人事業主 初期費用 無料,法人・個人事業主 初期費用 無料,「U-NEXT」は映画・ドラマ・アニメ・バラエティ、さらに電子書籍まで幅広く楽しめる、日本最大級の動画配信サービスです。新規登録者には31日間の無料トライアルが提供され、リスクなくサービスを体験できるのが魅力です。実際に使ってみて満足し、そのまま有料会員へ移行するケースが多く、高い継続率を誇ります。 営業現場でも「まずは無料で試せます」という提案が信頼感につながり、成約率アップに貢献します。さらに,,,active,2026-03-24T08:44:47Z,2026-03-24T08:44:47Z,2026-03-24T08:44:47Z
b-seeds,https://b-seeds.com/,https://b-seeds.com/,https://b-seeds.com/wb-meo,"5,000店舗超の導入実績で提案しやすい人気集客サービス！「MEO対策サービス」販売代理店",,,,・初期費用＋月額費用（クライアントがお支払いする総額）の最大40％をお支払い ・契約が続く限りストック収益をお支払い,無料,あり,全国 募集対象 法人・個人事業主・個人 初期費用 無料,法人・個人事業主・個人 初期費用 無料,"「MEO対策サービス」は、Googleマップ検索で上位表示を実現する高品質なサービスです。表示順位の向上により、エステ、美容院、飲食店、病院など、さまざまな業種で来店数や問い合わせ数の増加を実現しています。導入店舗数はすでに5,000店舗を超え、地域密着型の集客施策として、今や欠かせない存在となっています。ユーザーの関心が高いタイミングで情報を届けられるため、クリック率も非常に高く、集客コストを抑",,,active,2026-03-24T08:45:52Z,2026-03-24T08:45:52Z,2026-03-24T08:45:52Z
b-seeds,https://b-seeds.com/,https://b-seeds.com/,https://b-seeds.com/qt-bbiq,50万回線突破の光商材！「光インターネットサービス BBIQ」販売代理店募集,,,,獲得件数に応じた報酬をお支払い,無料,,全国 募集対象 法人 初期費用 無料,法人 初期費用 無料,「BBIQ」（ビビック）は、九電グループのQTnetが提供する光インターネットサービスであり、これまでに50万回線を超える契約実績があります 特に、初めて販売代理に挑戦する方にとっては、「お客様にどうやって信頼してもらうか」というのが不安要素の一つかもしれません。ですが、BBIQの場合はその実績自体が信用力となり、自然な形で提案を進めることができます。たとえば、訪問販売でも「もう聞いたことがある」,,,active,2026-03-24T08:42:41Z,2026-03-24T08:42:41Z,2026-03-24T08:42:41Z
b-seeds,https://b-seeds.com/,https://b-seeds.com/,https://b-seeds.com/wu-eigyoshienai,5万件の実績データを活用した！「営業×AI支援サービス」パートナー募集,,,,ご契約件数に応じた貴社の収益,無料,,全国（沖縄を除く） 募集対象 法人・個人事業主 初期費用 無料,法人・個人事業主 初期費用 無料,営業活動における最大の課題の一つが、提案資料やトークスクリプトの作成にかかる時間と労力です。特に営業未経験者や新人にとっては、どのような言葉で顧客に提案すべきか迷うことも多く、成果が出るまでに時間がかかる傾向があります。 この当サービスは、わずか10秒で業種や商材、顧客の課題に合わせた提案文やトークスクリプトを自動生成します。しかも、営業担当者の実績や企業名などの情報を反映したオリジナルの文面が作,,,active,2026-03-24T08:50:29Z,2026-03-24T08:50:29Z,2026-03-24T08:50:29Z
b-seeds,https://b-seeds.com/,https://b-seeds.com/,https://b-seeds.com/fr-tagboardpa,75種の商材が扱える！「タグボート商材」販売パートナー募集,,,,各商材に応じた手数料をお支払い,無料,,全国 募集対象 法人・個人事業主・個人 初期費用 無料,法人・個人事業主・個人 初期費用 無料,「タグボート」の最大の特徴は、パートナーがアポイント取得（紹介）を行うだけで完結する点にあります 。商談、クロージング、そして納品といった専門的な実務は全て本部の「専門部隊」が代行するため、営業リソースや時間が限られている方でも問題ありません 。成約の可否を問わず報酬が発生する商材も多数用意されており、即戦力として収益化を狙えるモデルです。 未経験者でも安心して活動できるよう、万全のサポート体制が,,,active,2026-03-24T08:49:49Z,2026-03-24T08:49:49Z,2026-03-24T08:49:49Z
b-seeds,https://b-seeds.com/,https://b-seeds.com/,https://b-seeds.com/vo-voostertori,AI×自動化で手間なく始める！「運用型インフルエンサー広告 Vooster」取次パートナー募集,,,,最大10％のストック収益,"5,500円（税込）",あり,"全国 募集対象 法人・個人事業主 初期費用 5,500円（税込）","法人・個人事業主 初期費用 5,500円（税込）",「Vooster」は、インフルエンサーマーケティングの課題を解消するAI活用型の運用支援サービスです。初期費用・固定費は一切不要で、クライアントの予算や目的に応じて柔軟に導入できる点が特長です。商品情報とPR条件を登録するだけで、AIが8万人以上の登録インフルエンサーの中から最適な人材を自動で選定し、PR投稿の依頼からレポート作成までを一括でサポートします。 従来のインフルエンサー施策における「誰,,,active,2026-03-24T08:42:13Z,2026-03-24T08:42:13Z,2026-03-24T08:42:13Z
b-seeds,https://b-seeds.com/,https://b-seeds.com/,https://b-seeds.com/vo-vooster,AIが最適マッチング！「運用型インフルエンサー広告 Vooster」パートナー募集,,,,販売価格から運用代行費を差し引いた金額,無料,,全国 募集対象 法人 初期費用 無料,法人 初期費用 無料,「Vooster」は、インフルエンサーマーケティングの課題を解消するAI活用型の運用支援サービスです。初期費用・固定費は一切不要で、クライアントの予算や目的に応じて柔軟に導入できる点が特長です。商品情報とPR条件を登録するだけで、AIが8万人以上の登録インフルエンサーの中から最適な人材を自動で選定し、PR投稿の依頼からレポート作成までを一括でサポートします。 従来のインフルエンサー施策における「誰,,,active,2026-03-24T08:48:49Z,2026-03-24T08:48:49Z,2026-03-24T08:48:49Z
b-seeds,https://b-seeds.com/,https://b-seeds.com/,https://b-seeds.com/wu-eigyoshienaicam,AIで抽出した見込み顧客リストを無料提供中！「自動スクリプト生成 営業支援AI 100社リスト無料キャンペーン」パートナー募集,,,,ご契約件数に応じた貴社の収益,"55,000円（税込）",,"石川県/新潟県 募集対象 法人・個人事業主 初期費用 55,000円（税込）","法人・個人事業主 初期費用 55,000円（税込）",「営業支援AI」は、企業の営業活動を支援する自動スクリプト生成サービスです。当サービスでは導入促進施策として、現在、AIスコア付き企業リスト100社分を無料提供するキャンペーンを実施しています。 当キャンペーンでは、AIが全国数百万社の中から自動でスコアリングを行い、「自社に関心を持つ可能性が高い企業」100社を抽出。リスト化された企業には、既に高い関心度が見込まれており、効率的なアプローチが可能,,,active,2026-03-24T08:53:43Z,2026-03-24T08:53:43Z,2026-03-24T08:53:43Z
b-seeds,https://b-seeds.com/,https://b-seeds.com/,https://b-seeds.com/wu-omneky,AI広告で成果最大化！「Omneky」販売パートナー募集,,,,ストックモデルを中心とした継続的な報酬獲得が可能,無料,あり,栃木県・群馬県 募集対象 法人・個人事業主・個人 初期費用 無料,法人・個人事業主・個人 初期費用 無料,「Omneky（オムネキー）」は、AIの力を使ってデザインを数値化し、究極までパーソナライズした広告をデザイナーがバナーを作成するクリエイティブ最適化ツールです。 最先端のディープラーニングにより、各顧客に合わせたクリエイティブ（広告）を表示させることで、広告による投資対効果を最大化することができます。 今回、日本国内で初めての正規代理店となった弊社にて、販売パートナー（代理店）を募集させていただ,,,active,2026-03-24T08:46:12Z,2026-03-24T08:46:12Z,2026-03-24T08:46:12Z
b-seeds,https://b-seeds.com/,https://b-seeds.com/,https://b-seeds.com/ss-mweb,DX推進で高粗利実現！「クラウドERP エムウェブ2h」紹介斡旋パートナー募集,,,,売上額の70％をお支払い等,"22,000円（税込）",,"全国 募集対象 法人・個人事業主・個人 初期費用 22,000円（税込）","法人・個人事業主・個人 初期費用 22,000円（税込）",「エムウェブ2h」は経営システムを統合し、中小企業の業務効率化・DX化に役立つクラウドERPです。これまで別々のツールで行っていた給与計算・在庫管理・経営計画などを当システムで統合し、作業を効率化します。高価だったERPをクラウド化することで、中小企業様・小規模事業様などにも手が届きやすい価格帯です。企業のIT化は国策の一つであり、当システムもIT導入補助金の対象となっております。 当システムは、,,,active,2026-03-24T08:50:04Z,2026-03-24T08:50:04Z,2026-03-24T08:50:04Z
b-seeds,https://b-seeds.com/,https://b-seeds.com/,https://b-seeds.com/cs-themeopar,Googleマップで店舗集客！「集客支援サービス THE MEO」販売パートナー募集,,,,販売件数に応じた手数料をお支払い,無料,,全国 募集対象 法人・個人事業主 初期費用 無料,法人・個人事業主 初期費用 無料,「THE MEO」は、Googleマップを活用して地域密着型の店舗集客を支援するサービスです。店舗の情報を正確に整え、検索結果に表示されやすくすることで、新規顧客の来店を促進します。広告のように大きな予算は不要で、継続的に効果が見込める点が特徴です。 また当サービスは、ただのMEO対策にとどまらず、SNSの投稿代行や口コミ返信、レポート提出なども含まれた「オールインワンパッケージ」です。お客様の手,,,active,2026-03-24T08:53:32Z,2026-03-24T08:53:32Z,2026-03-24T08:53:32Z
b-seeds,https://b-seeds.com/,https://b-seeds.com/,https://b-seeds.com/nr-fudosanfc,LPで不動産売却を支援！「不動産売却の駆け込み寺」加盟店募集,,,,獲得案件により、100万円以上も可能です,"55,000円（税込）",,"全国 募集対象 法人・個人事業主・個人 初期費用 55,000円（税込）","法人・個人事業主・個人 初期費用 55,000円（税込）",「不動産売却の駆け込み寺」は、ブランド化された売却相談システムを提供し、集客用LP・オリジナルCM・LINE設定など、すぐに使えるツールが揃っています。さらに手厚いサポートで、あなたのビジネスを強力にバックアップします。 当ビジネスでは、1案件あたりの収益性が高く、実際に稼働している代理店様では月収100万円を超えるケースも少なくありません。相談者からの依頼を解決に導くサポートを提供し、その対価と,,,active,2026-03-24T08:54:59Z,2026-03-24T08:54:59Z,2026-03-24T08:54:59Z
b-seeds,https://b-seeds.com/,https://b-seeds.com/,https://b-seeds.com/wu-madesk,M&A支援で新収益化！「事業承継相談 M&Aオファー」販売パートナー募集,,,,ストック型WEBサービスとして長期収益が期待可能,"11,000円（税込）",あり,"全国 募集対象 法人・個人事業主 初期費用 11,000円（税込）","法人・個人事業主 初期費用 11,000円（税込）",「M&Aオファー」は、事業承継にお悩みの経営者様の初期相談に役立つサービスです。 M&Aの初期相談・フラットな情報提供を行うプラットフォームを提供し、費用負担無料など経営者様に寄り添うサービスとなっています。後継者不足など、事業承継は社会的な課題となっていて、円滑な事業承継を求める経営者様に非常にご好評いただいています。 今回、弊社にて販売パートナー様を募集させていただくことになり,,,active,2026-03-24T08:44:16Z,2026-03-24T08:44:16Z,2026-03-24T08:44:16Z
b-seeds,https://b-seeds.com/,https://b-seeds.com/,https://b-seeds.com/it-utm,NTTブランド活動、アポ提供可能で営業専念！「UTM」販売パートナー募集,,,,ご契約件数に応じた手数料をお支払い,無料（仕入れ代金がかかります）,,全国 募集対象 法人・個人事業主 初期費用 無料（仕入れ代金がかかります）,法人・個人事業主 初期費用 無料（仕入れ代金がかかります）,中小企業様中心に弊社でアポを取得したお客様を提供可能ですので、販売員はアポ済みのお客様に訪問し、昨今サイバー攻撃などのニュースが多いセキュリティに対するＵＴＭ等のセキュリティ機器の提案を中心に販売活動をして頂きます。 提案契約後も事務作業や工事関係も全て弊社側で行いますので、営業活動のみに専念していただけることが可能です。,,,active,2026-03-24T08:49:18Z,2026-03-24T08:49:18Z,2026-03-24T08:49:18Z
b-seeds,https://b-seeds.com/,https://b-seeds.com/,https://b-seeds.com/xm-nuroterema,NURO催事イベント始動、限定数社のみ！一次代理店だからこその高単価！「NURO光 キャッシュバックキャンペーン」パートナー募集,,,,1件約8万円以上のインセンティブをお支払い,11万円（税込）～,,全国 募集対象 法人・個人事業主・個人 初期費用 11万円（税込）～,法人・個人事業主・個人 初期費用 11万円（税込）～,「NURO光」は、ソニーネットワークコミュニケーションズ株式会社が提供する高速インターネット回線サービスです。最大通信速度は下り最大2Gbpsという国内最高水準を誇り、快適なネット環境を求める個人・法人双方に支持されています。 当サービスは、光ファイバー回線と専用機器「ONU（光回線終端装置）」を活用し、従来の光回線よりも高速・安定した通信を実現している点が最大の特長です。特に、動画視聴やオンライ,,,active,2026-03-24T08:54:26Z,2026-03-24T08:54:26Z,2026-03-24T08:54:26Z
b-seeds,https://b-seeds.com/,https://b-seeds.com/,https://b-seeds.com/ts-aireskillingoem,OEM×高マージン「生成AIリスキリング研修事業」OEM代理店募集,,,,マージン率60％,"198,000円（税込）",,"全国 募集対象 個人 初期費用 198,000円（税込）","個人 初期費用 198,000円（税込）",「生成AIリスキリング研修事業」は、国の助成金制度を活用して企業の人材育成を支援する事業です。オンライン完結型のeラーニング形式で、生成AIの基礎から業務活用、アプリ開発まで幅広い内容を12ヶ月間学べます。厚生労働省の「人材開発支援助成金（リスキリング支援コース）」の対象で、最大75％の助成が受けられるため、実質負担は大幅に軽減されます。 講座は全業種・全職種に対応しており、導入実績も多数。サンプ,,,active,2026-03-24T08:55:52Z,2026-03-24T08:55:52Z,2026-03-24T08:55:52Z
b-seeds,https://b-seeds.com/,https://b-seeds.com/,https://b-seeds.com/cc-colorcasting,SNSマーケティングで企業の集客を支援！「インフルエンサーPRプラットフォーム カラキャス for Business」販売代理店募集,,,,1件につき10万円以上の手数料をお支払い,無料,,大阪府/兵庫県/京都府/奈良県 募集対象 法人・個人事業主・個人 初期費用 無料,法人・個人事業主・個人 初期費用 無料,「カラキャス for Business」は、国内最大級となるインフルエンサーデータベースを活用でき、企業の集客やブランディングに役立てることができるサービスです。このサービスには、18万人以上の登録ユーザーが参加しており、インフルエンサー、モデル、タレント志望者、一般ユーザーなど、さまざまな個性を持つ人材が登録されています。企業や店舗は、こうした多様な人材の中からプロモーションに適した人材を選び、,,,active,2026-03-24T08:42:22Z,2026-03-24T08:42:22Z,2026-03-24T08:42:22Z
b-seeds,https://b-seeds.com/,https://b-seeds.com/,https://b-seeds.com/ma-camp,SNS・MEO・LPをまるっと自動化！「SaaS型プラットフォーム Camp」販売代理店募集,,,,獲得プランに応じた金額をストックでお支払い,無料,あり,全国 募集対象 法人・個人事業主 初期費用 無料,法人・個人事業主 初期費用 無料,「Camp」は、SNS・MEO・LPといった複数のマーケティング業務を一元管理・自動化するSaaS型プラットフォームです。Instagram、TikTok、YouTube、Googleマップ、LINE公式アカウントなど、複数のSNSへの同時投稿やスケジュール予約が可能で、従来煩雑だったSNS運用を大幅に効率化します。 さらに、AIによるキャプション自動生成やトレンド分析、画像・動画の自動生成機能に,,,active,2026-03-24T08:48:13Z,2026-03-24T08:48:13Z,2026-03-24T08:48:13Z
b-seeds,https://b-seeds.com/,https://b-seeds.com/,https://b-seeds.com/wu-storelink,SNS更新で集客強化！「ローカルSEO対策 STORE LINK」代理店募集,,,,高い利益率と安定した収益が期待できる代理店ビジネスモデル,55万円～110万円（税込）,,全国 募集対象 法人・個人事業主・個人 初期費用 55万円～110万円（税込）,法人・個人事業主・個人 初期費用 55万円～110万円（税込）,「STORE LINK」（ストアリンク）は、インスタグラムとGoogleマイビジネスを自動連携させる店舗向けマーケティングツールです。一度の投稿で両方を更新。スタッフからの投稿もでき、日々の業務の中で無理なく簡単にインスタグラム以外からの流入経路を作ることができます。今回、弊社で「STORE LINK」の代理店様を募集させていただくことになりましたので、是非ご応募いただければ幸いです。 「あなたの,,,active,2026-03-24T08:47:49Z,2026-03-24T08:47:49Z,2026-03-24T08:47:49Z
b-seeds,https://b-seeds.com/,https://b-seeds.com/,https://b-seeds.com/me-line,SNS活用で店舗集客！「LINE公式アカウント構築サービス」紹介パートナー募集,,,,成果報酬型で紹介だけでも報酬発生、短期間で収益化可能,55万円～110万円（税込）,,全国 募集対象 法人・個人事業主・個人 初期費用 55万円～110万円（税込）,法人・個人事業主・個人 初期費用 55万円～110万円（税込）,「LINE公式アカウント構築サービス」は、企業、店舗、個人事業主の収益アップに役立つサービスです。ご存知のように、日本ではLINEが最も利用者数が多いSNSとして、日常のコミュニケーションツールとなっています。従来のようなメールマガジンではなく、このLINEを活用した方が収益アップに役立つことが分かっています。経営者が求める成果を短期間で出せるツールとして、自信を持って提案いただけるサービスとなっ,,,active,2026-03-24T08:46:31Z,2026-03-24T08:46:31Z,2026-03-24T08:46:31Z
b-seeds,https://b-seeds.com/,https://b-seeds.com/,https://b-seeds.com/ir-snsupakhan,SNS集客で早期売上実現！「WEB集客サービス SNSパック」販売パートナー募集,,,,契約が続く限り、報酬をお支払い,55万円～110万円（税込）,,全国 募集対象 法人・個人事業主・個人 初期費用 55万円～110万円（税込）,法人・個人事業主・個人 初期費用 55万円～110万円（税込）,「SNSパック」は、Googleマップを活用したMEO対策、ビジュアルで魅せるInstagram、そして高い開封率を誇るLINE公式アカウントの運用を一括して支援するオールインワン型のサービスです。それぞれ個別に導入するのではなく、相互に連携させることで、より効果的な集客を実現します。 導入企業からは「インスタのフォロワーが着実に増えた」「Googleマップからの来店が増加した」「LINEでのリピ,,,active,2026-03-24T08:52:32Z,2026-03-24T08:52:32Z,2026-03-24T08:52:32Z
b-seeds,https://b-seeds.com/,https://b-seeds.com/,https://b-seeds.com/rb-factoring,SaaS向け資金調達支援！「資金調達サポート ファクタリングロボ for SaaS」販売パートナー募集,,,,初回契約時の販売価格の20％をお支払い,無料,,全国 募集対象 法人・個人事業主・個人 初期費用 無料,法人・個人事業主・個人 初期費用 無料,この制度の大きな特長は、「紹介だけでOK」という点にあります。つまり、見込みのある企業をご紹介いただくだけで、その後のヒアリング・提案・条件交渉・契約締結など、すべての営業活動は弊社の専門スタッフが担当します。代理店の方が専門知識を覚えたり、契約書を交わしたりする必要は一切ありません。 紹介の方法もシンプルです。普段の会話の中で「資金繰りに悩んでいる」といった声を聞いた際に、「こういうサービスがあ,,,active,2026-03-24T08:50:11Z,2026-03-24T08:50:11Z,2026-03-24T08:50:11Z
b-seeds,https://b-seeds.com/,https://b-seeds.com/,https://b-seeds.com/un-usenpay,U-NEXT運営の決済商材！「法人向け USEN PAY」販売代理店募集,,,,お客様の利用額（GMV）に応じて、高額報酬が可能です,23万円（税込）,,全国 募集対象 法人・個人事業主 初期費用 23万円（税込）,法人・個人事業主 初期費用 23万円（税込）,従来のペイメント商材では、端末を導入してもらった時点での報酬に留まるケースが多く、導入後の利用状況が代理店の利益に反映されにくいという課題がありました。しかし「USEN PAY」では、店舗での決済利用額（GMV）に応じて報酬が発生する仕組みを採用。つまり、お客様が端末を継続的に利用すればするほど、あなたの収入も増えていきます。 この「継続利用＝収入増」というモデルは、特に店舗や施設など、日常的にキ,,,active,2026-03-24T08:54:52Z,2026-03-24T08:54:52Z,2026-03-24T08:54:52Z
b-seeds,https://b-seeds.com/,https://b-seeds.com/,https://b-seeds.com/vl-valuefax,「valueFax」紹介代理店募集,,,,紹介だけで年間480万円以上の実績もあり、上限なしのストック型報酬,"35,000円（資格取得費用として）",あり,"全国 募集対象 法人・個人事業主・個人 初期費用 35,000円（資格取得費用として）","法人・個人事業主・個人 初期費用 35,000円（資格取得費用として）",「valueFax」（バリューファックス）は、1件2.3円～という業界最安値のクラウド型FAX一斉送信システムです。法人向けの顧客開拓に成果が出るツールとして注目が高まっています。「valueFax」は日本で4社しかないFAXDM一斉送信のプラットフォームを提供しておりますので、初期費用無料、基本料金無料、FAXリスト無料という圧倒的なコストパフォーマンスで多くのお客様にご満足いただいています。今,,,active,2026-03-24T08:47:46Z,2026-03-24T08:47:46Z,2026-03-24T08:47:46Z
b-seeds,https://b-seeds.com/,https://b-seeds.com/,https://b-seeds.com/request-list/,お気に入り資料をリストに追加!,,,,,,,,,,,,active,2026-03-24T08:41:16Z,2026-03-24T08:41:16Z,2026-03-24T08:41:16Z
b-seeds,https://b-seeds.com/,https://b-seeds.com/,https://b-seeds.com/request-list,お気に入り資料をリストに追加!,,,,,,,,,,,,active,2026-03-24T08:50:20Z,2026-03-24T08:50:20Z,2026-03-24T08:50:20Z
b-seeds,https://b-seeds.com/,https://b-seeds.com/,https://b-seeds.com/eg-hizasupport,ひざケア市場で注目！「ひざサポートコラーゲン」販売店募集,,,,成約・継続率が高く、リピート購入による安定収益が期待できる,22万円（税込）,あり,全国 募集対象 法人・個人事業主・個人 初期費用 22万円（税込）,法人・個人事業主・個人 初期費用 22万円（税込）,"「ひざサポートコラーゲン」はひざ関節の曲げ伸ばしを助ける、ひざ関節カテゴリーで日本初の機能性表示食品です。 好きなお飲み物やお料理に混ぜていただる粉末タイプで、味もにおいも気になりません。コラーゲン健康食品通販売上14年連続一位、コラーゲン健康食品シリーズ販売数4,500万袋突破。たくさんのお客様に選ばれ続けています。 今回、本商品の新規販売店様および卸代理店様を募集させていただくことになりました",,,active,2026-03-24T08:52:09Z,2026-03-24T08:52:09Z,2026-03-24T08:52:09Z
b-seeds,https://b-seeds.com/,https://b-seeds.com/,https://b-seeds.com/eg-sppowder,アスリート必見の新飲料！「パフォーマンス持続飲料 SPURT」販売店募集,,,,1件あたりの単価が高く、継続利用が期待できるためリピート収益に繋がりやすい,無料,あり,全国 募集対象 法人 初期費用 無料,法人 初期費用 無料,「SPURT」（スパート）は、アスリートが理想のパフォーマンスを維持できるよう、豊富な栄養素でカラダを支える飲み物です。 コンディションを整えてくれるユーグレナをはじめ、激しい運動時に必要でありながら見落とされがちなビタミンやミネラルのほか、GABAも配合。栄養素を複合的に設計することで吸収されやすくし、高負荷がかかるカラダの状態を整えます。 今回、新たに登場した粉末タイプの新規販売店様および卸代,,,active,2026-03-24T08:54:15Z,2026-03-24T08:54:15Z,2026-03-24T08:54:15Z
b-seeds,https://b-seeds.com/,https://b-seeds.com/,https://b-seeds.com/fa-shodanapo,アポ取得のみで報酬が発生する在宅向け商材！「ZOOM商談アポ」獲得代理店募集,,,,獲得した件数に応じて報酬をお支払いします,55万円～110万円（税込）,,全国 募集対象 法人・個人事業主・個人 初期費用 55万円～110万円（税込）,法人・個人事業主・個人 初期費用 55万円～110万円（税込）,「ZOOM商談アポ獲得」は、在宅で電話営業を行い、商談のアポイントを取得するビジネスです。未経験の方でも安心して始められるよう、充実したオンライン研修を実施しています。研修では、電話営業の基本からアポイント獲得のテクニックまで丁寧に指導します。さらに、実際の営業活動中もサポート体制が整っているため、分からないことがあればすぐに相談できます。 当ビジネスの業務内容は、弊社が提供するリストに基づいて電,,,active,2026-03-24T08:55:12Z,2026-03-24T08:55:12Z,2026-03-24T08:55:12Z
b-seeds,https://b-seeds.com/,https://b-seeds.com/,https://b-seeds.com/kt-huluevent,イベント単価を底上げするサブスク商材！「動画配信サービス Hulu」催事イベント代理店募集,,,,3段階の手数料支払い,40万円（税込）,,全国 募集対象 法人 初期費用 40万円（税込）,法人 初期費用 40万円（税込）,「Hulu」は、会員数260万人を誇るサブスクリプション型の動画配信サービスです。毎月定額で利用でき、映画やドラマはもちろん、特にアニメやキッズ向け作品が充実しているため、家族全員で安心して楽しめる点が大きな特長です。さらに、日本テレビとの連携により制作されたオリジナルストーリーや、地上波番組の完全版配信など、Huluならではの独自コンテンツも多数取り揃えています。 新規登録ユーザーには14日間の,,,active,2026-03-24T08:49:41Z,2026-03-24T08:49:41Z,2026-03-24T08:49:41Z
b-seeds,https://b-seeds.com/,https://b-seeds.com/,https://b-seeds.com/wu-meoautomaticinb,インバウンド集客に最適！「インバウンド向け MEOオートマチック」販売パートナー募集,,,,ご契約件数に応じた貴社の収益,無料,,全国 募集対象 個人事業主 初期費用 無料,個人事業主 初期費用 無料,店舗ビジネスにおいて「集客」は最大の課題です。特にスマートフォンの普及により、「今すぐ近くで良い店を探したい」というニーズが急増しています。こうした検索行動の多くはGoogleマップを起点としており、日本人だけでなく訪日外国人も含め、地図上で上位に表示されるかどうかが来店の明暗を分ける重要な要素となっています。 「MEOオートマチック」は、この時代の流れに対応した集客支援サービスです。Google,,,active,2026-03-24T08:56:08Z,2026-03-24T08:56:08Z,2026-03-24T08:56:08Z
b-seeds,https://b-seeds.com/,https://b-seeds.com/,https://b-seeds.com/kt-areadairiten,エリアごとに10社限定募集！「Rocket now」エリア代理店募集,,,,獲得件数に応じた手数料をお支払い,無料,,全国 募集対象 個人事業主、個人 初期費用 無料,個人事業主、個人 初期費用 無料,2026年はロケットナウの新規エリアが全国で一気に拡大予定。成長市場のフードデリバリー事業に、今から参入できるチャンスです。 各エリアで代理店は10社限定。早期参入することで地域のマーケットを押さえやすく、ビジネスの優位性を築くことが可能です。 訪問販売・テレマーケティングなど、営業未経験の方でも安心してスタートできるよう、営業研修をしっかりサポート。経験者の方は即戦力として活躍できます。 加盟店,,,active,2026-03-24T08:41:26Z,2026-03-24T08:41:26Z,2026-03-24T08:41:26Z
b-seeds,https://b-seeds.com/,https://b-seeds.com/,https://b-seeds.com/ktm-propane,ガス代削減で提案しやすい！「プロパンガス切り替え」営業パートナー募集,,,,ご契約件数に応じた手数料をお支払い,無料,,全国 募集対象 法人・個人事業主・個人 初期費用 無料,法人・個人事業主・個人 初期費用 無料,プロパンガスは、同じ地域でもガス会社によって料金に大きな差があるのをご存知ですか？実は、都市ガスと比べても価格設定が自由なプロパンガスは、適正価格でないケースも少なくありません。そのため、乗り換えを提案するだけで「月々のガス代が20〜30％安くなる」というわかりやすいメリットをお客様にご案内できます。 この営業の魅力は、まず提案のしやすさ。生活に直結する光熱費の話なので、最初の会話から関心を持って,,,active,2026-03-24T08:44:49Z,2026-03-24T08:44:49Z,2026-03-24T08:44:49Z
b-seeds,https://b-seeds.com/,https://b-seeds.com/,https://b-seeds.com/ro-kaitoriapo,キャッシュフローが早い！「出張買取アポ代行」法人パートナー募集,,,,"1件獲得につき平均8,000円の手数料をお支払い",無料,,全国 募集対象 法人 初期費用 無料,法人 初期費用 無料,「出張買取アポ代行」は、場所を選ばずに始められる完全リモート型の法人向け業務です。業務の中心は「不用品を売りたい個人宅」へ電話をかけ、訪問の約束（アポイント）を取り付けること。買取自体は提携している古物商許可を持つ業者が担当するため、貴社で訪問や査定を行う必要はありません。 電話とインターネット環境があれば、全国どこからでもオンライン上で作業ができます。事務所を構えた都市部の企業はもちろん、地方や,,,active,2026-03-24T08:53:41Z,2026-03-24T08:53:41Z,2026-03-24T08:53:41Z
b-seeds,https://b-seeds.com/,https://b-seeds.com/,https://b-seeds.com/jda-kouzoupis,ギリシャ発の高級ジュエリー！「ギリシャジュエリーブランド Kouzoupis」販売パートナー募集,,,,卸価格と販売価格との差益,無料,,全国 募集対象 法人 初期費用 無料,法人 初期費用 無料,"[youtube id=""CZqQT6XnVDc""] ギリシャのジュエリーブランド「Kouzoupis（クズーピス）」は、1947年にイスタンブールで創業され、現在はアテネを拠点に活動しています。このブランドは、古代ギリシャの美学と職人技を現代に伝えることを使命とし、18Kゴールド、ダイヤモンド、色とりどりの宝石を用いたハンドメイドジュエリーを提供しています。 伝統と革新の融合：古代ギリシャの文化",,,active,2026-03-24T08:51:36Z,2026-03-24T08:51:36Z,2026-03-24T08:51:36Z
b-seeds,https://b-seeds.com/,https://b-seeds.com/,https://b-seeds.com/up-koatudenryokusho,クロスセルで効率提案！「法人向け 高圧電力」紹介パートナー募集,,,,お客さまの電力ご契約規模に応じてショットでお支払い,55万円～110万円（税込）,,全国 募集対象 法人 初期費用 55万円～110万円（税込）,法人 初期費用 55万円～110万円（税込）,「法人向け 高圧電力」は、実質的に再生可能エネルギーを活用した法人向けの高圧電力サービスです。市場連動型の電力供給により、特に日中や休日に電力消費が多い企業は、大幅なコスト削減が期待できます。また、実質再エネ比率10％または100％のプランを選択可能で、脱炭素経営を推進する企業にも最適です。多くの法人のコスト削減とSDGs貢献をサポートします。 弊社のパートナー制度では、契約後の電力供給に応じたス,,,active,2026-03-24T08:52:33Z,2026-03-24T08:52:33Z,2026-03-24T08:52:33Z
b-seeds,https://b-seeds.com/,https://b-seeds.com/,https://b-seeds.com/st-stockcontents,クロスセルで継続インセン獲得が狙える商材！「ストックコンテンツ」販売代理店募集,,,,商材ごとに手数料をお支払いします,無料,あり,全国 募集対象 法人・個人事業主・個人 初期費用 無料,法人・個人事業主・個人 初期費用 無料,「ストックコンテンツ」は、全11種類のデジタルサービスを自由に組み合わせて提案できるサブスクリプション型商材です。ウイルス対策やパスワード管理、地震予測アプリ、写真保存など、日常生活やビジネスに役立つラインナップが揃っており、3〜5種類をセットにして販売する仕組みです。 セット販売形式により、商材の内容で差別化しやすく、顧客ニーズに応じた柔軟な提案が可能です。たとえば「高齢者向けにはセキュリティ＋,,,active,2026-03-24T08:43:50Z,2026-03-24T08:43:50Z,2026-03-24T08:43:50Z
b-seeds,https://b-seeds.com/,https://b-seeds.com/,https://b-seeds.com/kt-hulukeitai,クロスセルに最適なサブスク商材！「動画配信サービス Hulu」携帯ショップ専門代理店募集,,,,3段階の手数料支払い,55万円～110万円（税込）,,全国 募集対象 法人・個人事業主・個人 初期費用 55万円～110万円（税込）,法人・個人事業主・個人 初期費用 55万円～110万円（税込）,「Hulu」は、会員数260万人を誇るサブスクリプション型の動画配信サービスです。毎月定額で映画やドラマ、アニメ、バラエティなど幅広いコンテンツを楽しめるほか、特にアニメやキッズ向け作品が充実しているため、家族全員で安心して利用できる点が大きな特長です。日本テレビとの連携により制作されたオリジナル作品や、地上波番組の見逃し配信・完全版など、Huluならではの独自コンテンツも多数揃っています。 新規,,,active,2026-03-24T08:48:06Z,2026-03-24T08:48:06Z,2026-03-24T08:48:06Z
b-seeds,https://b-seeds.com/,https://b-seeds.com/,https://b-seeds.com/ash-cosmowater,クロスセルに最適な家庭向けインフラ商材！「コスモウォーター」販売パートナー募集,,,,ご契約により手数料をお支払い,無料,,全国 募集対象 法人・個人事業主・個人 初期費用 無料,法人・個人事業主・個人 初期費用 無料,「コスモウォーター」は、知名度と商品力を兼ね備えた天然水ウォーターサーバーです。本体レンタル料が無料のため、お客様にとって初期費用の負担が少なく、導入のハードルを下げやすい設計になっています。価格面の説明がシンプルなので、営業経験が浅い方でも提案しやすいのが魅力です。 さらに、天然水は採水から48時間以内に出荷される鮮度の高い水。加えて、国際的な水の品評会での受賞歴もあり、「おいしさ」と「安全性」,,,active,2026-03-24T08:49:51Z,2026-03-24T08:49:51Z,2026-03-24T08:49:51Z
b-seeds,https://b-seeds.com/,https://b-seeds.com/,https://b-seeds.com/lp-fudosan,コミッション率100％！「不動産エージェント」パートナー募集,,,,ご契約に応じた手数料をお支払い,"440,000円（税込）",,"全国 募集対象 法人・個人事業主・個人 初期費用 440,000円（税込）","法人・個人事業主・個人 初期費用 440,000円（税込）",「不動産って専門的な知識が必要そうで難しそう…」「営業経験もないし、自分にできるか不安…」そんな声をよくいただきます。でも大丈夫です。弊社の代理店制度は、不動産業界が初めての方でも始められるように設計されています。 実際に、現在活躍している代理店の多くが、業界未経験からのスタート。接客業や販売業、主婦や学生など、まったく異なるバックグラウンドの方がチャレンジしています。 わからないことや困ったこと,,,active,2026-03-24T08:46:04Z,2026-03-24T08:46:04Z,2026-03-24T08:46:04Z
b-seeds,https://b-seeds.com/,https://b-seeds.com/,https://b-seeds.com/fc-cyberblockutm,サイバー保険付き商材！「サイバーポリス レンタル機器」取次販売店募集,,,,・お客様をご紹介頂くだけで継続収入が見込めます ・取次だけで成果報酬が得られます ・一時金＋継続収入が見込めます,無料（仕入れ代金がかかります）,あり,全国 募集対象 法人・個人事業主 初期費用 無料（仕入れ代金がかかります）,法人・個人事業主 初期費用 無料（仕入れ代金がかかります）,サイバーセキュリテイ対策は、通常100万円近く費用がかかり、設置設定も難しく中小企業様ではハードルが高く、なかなか導入が進まない現状がございます。「サイバーポリスUTM」（商品名：Pico-UTM100）は、設置工事不要で世界最高クラスのセキュリティ対策を実現する、UTM（統合脅威管理）ツールです。当社ではお気軽に導入していただくために、レンタルサービスを開始いたしました。導入費用を抑えたい方には,,,active,2026-03-24T08:53:35Z,2026-03-24T08:53:35Z,2026-03-24T08:53:35Z
b-seeds,https://b-seeds.com/,https://b-seeds.com/,https://b-seeds.com/rp-professional,サブスク特化の請求管理！「サブスクペイ Professional」販売パートナー募集,,,,ご契約件数に応じた手数料をお支払い,99万円（税込）,,全国（東京/神奈川/大阪/を除く） 募集対象 法人・個人事業主・個人 初期費用 99万円（税込）,法人・個人事業主・個人 初期費用 99万円（税込）,"[youtube id=""AFv7X3f7f4Q""] 「サブスクペイProfessional」は、クレジットカード決済や口座振替を活用し、契約の自動更新や解約防止機能を搭載した決済システムです。顧客の継続利用を促進し、売上の最大化が可能なほか、リアルタイム分析を活用して売上予測や顧客の行動分析が行えます。マーケティング施策にも活用でき、収益向上に貢献します。現在、14,000社以上が導入し、年間4",,,active,2026-03-24T08:43:35Z,2026-03-24T08:43:35Z,2026-03-24T08:43:35Z
b-seeds,https://b-seeds.com/,https://b-seeds.com/,https://b-seeds.com/sf-beautyupessence,サロン必見の美容液！「水素美容液 BEAUTYUP ESSENCE」販売代理店募集,,,,高単価商品のため、1本の販売でも利益率が高く継続購入も見込めます,無料（仕入れ代金がかかります）,あり,全国 募集対象 法人・個人事業主 初期費用 無料（仕入れ代金がかかります）,法人・個人事業主 初期費用 無料（仕入れ代金がかかります）,「BEAUTYUP ESSENCE」は、肌の活性トリートメントを目指す水素のスパイシーな美容液です。ナノバブル水素水、ニードルパウダー、ヒト臍帯幹細胞培養液を配合した他にはない水素美容液。頬やおでこ、首筋など皮膚に厚みのある箇所からデリケートな目の周りに少しずつ馴染ませながら、気になる箇所に重ねて塗布しお使いいただけます。 水素の鎮静効果があるのでデリケートなお肌の方でも肌改善の手助けも出来ますし,,,active,2026-03-24T08:50:31Z,2026-03-24T08:50:31Z,2026-03-24T08:50:31Z
b-seeds,https://b-seeds.com/,https://b-seeds.com/,https://b-seeds.com/sa-bup,ショットとストックで収益を積み上げる！「Google・Yahoo!風評対策 B-upサポート」販売代理店募集,,,,最大70％ショット＋最大40％ストック報酬,"11,000円（税込）",あり,"全国（一部地域除く） 募集対象 法人・個人事業主 初期費用 11,000円（税込）","法人・個人事業主 初期費用 11,000円（税込）",「B-upサポート」は、最大70％のショット報酬と、毎月最大40％のストック報酬を組み合わせた“ハイブリッド収益モデル”です。1件成約ごとに大きな利益を確保できるだけでなく、契約が継続する限り毎月安定した収益が積み上がっていきます。単発で終わるビジネスではなく、営業活動そのものが将来の資産となる設計です。 一般的な代理店モデルでは、成約時の報酬のみで終わるケースも少なくありません。しかし本モデルで,,,active,2026-03-24T08:46:17Z,2026-03-24T08:46:17Z,2026-03-24T08:46:17Z
b-seeds,https://b-seeds.com/,https://b-seeds.com/,https://b-seeds.com/ms-kuchikomitarget,ストック収入で安定経営へ！「クチコミターゲット」販売代理店募集,,,,月額のストック収入,55万円～110万円（税込）,あり,全国 募集対象 法人・個人事業主・個人 初期費用 55万円～110万円（税込）,法人・個人事業主・個人 初期費用 55万円～110万円（税込）,都市部と比べて広告予算やITリテラシーの面で課題を抱えやすい地方の小規模店舗においても、「クチコミターゲット」は非常に導入しやすい商材です。QRコードを店舗内に設置するだけというシンプルな運用で、スタッフに特別な知識や工数が求められません。これにより、予算も人手も限られている事業者に対しても、負担感なく導入を提案することが可能です。 また、商材自体の性質として、飲食店、クリニック、美容系サービス、,,,active,2026-03-24T08:54:38Z,2026-03-24T08:54:38Z,2026-03-24T08:54:38Z
b-seeds,https://b-seeds.com/,https://b-seeds.com/,https://b-seeds.com/ir-snsupak,ストック収益で安定収入！「WEB集客サービス SNSパック」取次パートナー募集,,,,獲得件数に応じた手数料をお支払い,"11,000円（税込）",あり,"全国 募集対象 法人・個人事業主 初期費用 11,000円（税込）","法人・個人事業主 初期費用 11,000円（税込）",「SNSパック」は、Googleマップを活用したMEO対策、ビジュアルで魅せるInstagram、そして高い開封率を誇るLINE公式アカウントの運用を一括して支援するオールインワン型のサービスです。それぞれ個別に導入するのではなく、相互に連携させることで、より効果的な集客を実現します。 導入企業からは「インスタのフォロワーが着実に増えた」「Googleマップからの来店が増加した」「LINEでのリピ,,,active,2026-03-24T08:54:45Z,2026-03-24T08:54:45Z,2026-03-24T08:54:45Z
b-seeds,https://b-seeds.com/,https://b-seeds.com/,https://b-seeds.com/nys-uririchagent,スマホで稼ぐ副業！「Uririch Express」紹介エージェント募集,,,,未経験者でも月商300万円超えの実績あり,"49,500円（税込）",,"全国 募集対象 法人・個人事業主・個人 初期費用 49,500円（税込）","法人・個人事業主・個人 初期費用 49,500円（税込）",弊社はスマホ、タブレット、PCなどを使って副収入を得られる会員制サービス「Uririch Express コンシェルジュ」を展開しています。厳選した仕入れ元をご紹介することにより、BUYMAやAmazon、楽天、メルカリ、Yahoo!ショッピングなどで販売し収益を得るお手伝いをしています。これまで多くの会員様を支援させていただいた中で、通販未経験者でも月商300万円超えの会員様も誕生しています。,,,active,2026-03-24T08:49:53Z,2026-03-24T08:49:53Z,2026-03-24T08:49:53Z
b-seeds,https://b-seeds.com/,https://b-seeds.com/,https://b-seeds.com/wu-meoautomatic,スマホ検索から来店を生む！「MEOオートマチック」販売パートナー募集,,,,ご契約件数に応じた貴社の収益,無料,,全国 募集対象 法人・個人事業主 初期費用 無料,法人・個人事業主 初期費用 無料,店舗ビジネスにおいて「集客」は最大の課題です。特にスマートフォンの普及により、「今すぐ近くで良い店を探したい」というニーズが急増。検索行動の多くはGoogleマップを起点としており、地図上で上位に表示されるかが来店の明暗を分けます。 「MEOオートマチック」は、この時代の流れに対応した集客支援サービスです。Googleマップでの上位表示を目指し、ただの自動ツール提供ではなく、専任の担当者が手動で情,,,active,2026-03-24T08:51:48Z,2026-03-24T08:51:48Z,2026-03-24T08:51:48Z
b-seeds,https://b-seeds.com/,https://b-seeds.com/,https://b-seeds.com/kt-manoma,スマート市場で安定収益を！「スマートホーム MANOMA」販売代理店募集,,,,ショットとストックでお支払い,55万円～110万円（税込）,あり,全国 募集対象 法人・個人事業主・個人 初期費用 55万円～110万円（税込）,法人・個人事業主・個人 初期費用 55万円～110万円（税込）,「MANOMA」は、防犯・見守り・家電操作をひとつのアプリでまとめて管理できるスマートホームサービスです。専用アプリとIoT機器を組み合わせることで、外出先から自宅の状況を確認したり、家族や高齢者の見守り、玄関のスマートロック操作などが可能になります。 近年、IoT機器の普及や通信環境の進化により、家庭での防犯対策や高齢者の見守り、生活の利便性向上を目的としたサービスの需要が急速に高まっています。,,,active,2026-03-24T08:44:53Z,2026-03-24T08:44:53Z,2026-03-24T08:44:53Z
b-seeds,https://b-seeds.com/,https://b-seeds.com/,https://b-seeds.com/is-shizensaibai,ゼロから始める自然栽培！「耕作放棄地の自然栽培農園」加盟店募集,,,,地域での自然栽培指導と流通で安定的な収益が可能なモデル,無料,,兵庫県 募集対象 法人・個人事業主・個人 初期費用 無料,法人・個人事業主・個人 初期費用 無料,「耕作放棄地の自然栽培農園」は、化学肥料や農薬を使わない「自然栽培」で米や麦を育てる農園主として、放置された耕作地を活用できる加盟制度です。農業未経験でも安心の研修とサポート体制が整っており、離農した農家の農機具を活用することで低コストで始められます。 研修では、自然栽培の基礎理論から、実際の圃場での作業手順までを実践的に学ぶことができます。また、自然栽培は化学肥料や農薬を一切使わないため、身体へ,,,active,2026-03-24T08:47:57Z,2026-03-24T08:47:57Z,2026-03-24T08:47:57Z
b-seeds,https://b-seeds.com/,https://b-seeds.com/,https://b-seeds.com/kt-usenpay,タブレット不要で幅広い決済に対応し売上改善に最適！「USEN PAY」販売代理店募集,,,,獲得件数に応じた報酬をお支払い,200万円（税込）,,関西 募集対象 法人・個人事業主・個人 初期費用 200万円（税込）,法人・個人事業主・個人 初期費用 200万円（税込）,「USEN PAY」は、プリンター一体型でタブレット不要のマルチ決済端末です。クレジットカード、電子マネー、QRコード決済など、主要ブランド56種類に対応し、一台で幅広い決済手段を一元化できます。複数の決済機器を使い分ける手間を省き、効率的な店舗運営が可能です。また、レシートプリンターが一体型となっているため、別途プリンターを購入する必要がなく、レジ周りをスッキリさせることができます。 当サービス,,,active,2026-03-24T08:49:21Z,2026-03-24T08:49:21Z,2026-03-24T08:49:21Z
b-seeds,https://b-seeds.com/,https://b-seeds.com/,https://b-seeds.com/pw-amadana,デザイン性と機能性を両立！「プレミアムウォーター amadanaグランデ」販売代理店募集,,,,ショット・ストック・ハイブリッド型の高額手数料で安定収益を実現可能,無料,あり,全国 募集対象 法人 初期費用 無料,法人 初期費用 無料,「amadanaグランデ」（アマダナグランデ）は、デザイン性と機能性を高次元で両立したプレミアムウォーターサーバーです。amadanaブランドならではの洗練されたフォルムと上質な素材感により、生活感が出やすいウォーターサーバーを「インテリアの一部」として空間に自然に溶け込ませることを実現しています。木製スタンドを採用した独立型デザインは、リビングやオフィス、商業空間など設置場所を選ばず、空間価値そ,,,active,2026-03-24T08:52:03Z,2026-03-24T08:52:03Z,2026-03-24T08:52:03Z
b-seeds,https://b-seeds.com/,https://b-seeds.com/,https://b-seeds.com/tmr-datadelete,データ消去で副業収益！「パソコンデータ消去サービス」紹介パートナー募集,,,,データ消去台数に応じて報酬をお支払いします,3万円（税込）～,,全国 募集対象 法人・個人事業主・個人 初期費用 3万円（税込）～,法人・個人事業主・個人 初期費用 3万円（税込）～,「パソコンデータ消去サービス」は、パソコンを処分する際に問題になっているデータ消去に関するビジネスです。捨てるにしても買い取ってもらうにしてもセキュリティの観点から「データを消去して欲しい」というニーズがあります。作業的にハードディスクを抜いたり、データを消去したりというのは業務の負担になるため弊社にご依頼いただくことが増えています。 今回募集させていただく紹介パートナー様は、データを消去したいと,,,active,2026-03-24T08:45:08Z,2026-03-24T08:45:08Z,2026-03-24T08:45:08Z
b-seeds,https://b-seeds.com/,https://b-seeds.com/,https://b-seeds.com/ur-sonet,トスアップで営業に専念できる高知名度商材！「So-net光」販売代理店募集,,,,ご契約件数に応じた手数料をお支払い,無料,,全国 募集対象 法人 初期費用 無料,法人 初期費用 無料,「So-net光」は、SONYグループが提供する高信頼の光回線サービスです。圧倒的なブランド力と信頼性があるため、初対面の提案でもお客様の反応が良く、話を聞いてもらいやすいという声が多数あります。特に光回線のようなインフラ系商材では、信頼できる提供元であることが成約の大きな後押しになります。 また、SONYグループならではの品質と安定性も評価が高く、導入後の満足度も◎。これは継続的な契約や紹介にも,,,active,2026-03-24T08:48:25Z,2026-03-24T08:48:25Z,2026-03-24T08:48:25Z
b-seeds,https://b-seeds.com/,https://b-seeds.com/,https://b-seeds.com/ash-meoservice,トスアップで成果報酬発生！「MEO対策等集客サービス」トスアップパートナー募集,,,,商談設定により手数料をお支払い,無料,,岡山県/香川県 募集対象 法人・個人事業主・個人 初期費用 無料,法人・個人事業主・個人 初期費用 無料,「MEO対策等集客サービス」は、Googleマップを活用した最先端の集客支援サービスです。飲食店、美容サロン、医療機関など、地域集客が必要な業種に対して、MEO（Map Engine Optimization）対策を中心とした総合的なコンサルティングを提供しています。 このパートナー制度では、サービスに興味を持っている企業や店舗をご紹介いただくだけでOK。商談が成立した時点で成果報酬が発生しますの,,,active,2026-03-24T08:42:57Z,2026-03-24T08:42:57Z,2026-03-24T08:42:57Z
b-seeds,https://b-seeds.com/,https://b-seeds.com/,https://b-seeds.com/ac-akiyataisaku,ニーズ急増中の空き家対策事業！「空き家対策 フル活用ドットコム」営業パートナー募集,,,,ストック収益をお支払い ※研修中は1日1万円を支給,無料,あり,全国 募集対象 法人 初期費用 無料,法人 初期費用 無料,近年、日本では空き家の増加が深刻な社会問題となっています。住宅の老朽化による倒壊リスクや景観の悪化、さらには防犯面での不安など、地域全体に影響を及ぼすケースも少なくありません。実際に「空き家は8軒に1軒」とも言われており、その対策は急務となっています。 こうした背景から、空き家対策に関するニーズは年々高まっており、不動産会社や行政書士といった専門家にとっても、無視できないテーマとなっています。本サ,,,active,2026-03-24T08:41:21Z,2026-03-24T08:41:21Z,2026-03-24T08:41:21Z
b-seeds,https://b-seeds.com/,https://b-seeds.com/,https://b-seeds.com/nx-access,"パソコン1台で月商1,100万円超も狙える！「物販システム」パートナー募集",,,,販売価格と仕入価格の差益,無料,,全国 募集対象 法人・個人事業主・個人 初期費用 無料,法人・個人事業主・個人 初期費用 無料,「物販システム アクセス」は、未経験者でもパソコン1台で始められるネット物販ビジネスです。世界7ヵ国に向けて、在庫を持たずに商品を販売できる仕組みを採用。売れた商品だけを仕入れるためリスクが少なく、コピー＆ペースト中心の作業で手軽に収益化が目指せます。 少ない資金からでも始められるという大きなメリットがあり、副業としてリスクを最小限に抑えて新しいチャレンジを始めたい方にとって、非常に相性の良いモデ,,,active,2026-03-24T08:47:11Z,2026-03-24T08:47:11Z,2026-03-24T08:47:11Z
b-seeds,https://b-seeds.com/,https://b-seeds.com/,https://b-seeds.com/al-softbankkozin,フリーランス支援の携帯商材！「ソフトバンク法人携帯」紹介パートナー募集,,,,獲得件数に応じた手数料をお支払い,無料（仕入れ代金がかかります）,,全国 募集対象 法人・個人事業主 初期費用 無料（仕入れ代金がかかります）,法人・個人事業主 初期費用 無料（仕入れ代金がかかります）,「ソフトバンク法人携帯」は、法人向けソフトバンク携帯を販売できるビジネスです。通信費削減と業務効率化を両立でき、法人専用の割引や特典を活用することでコストを抑えることができます。また、DX関連商材との組み合わせで、さらに効果的な提案も可能で、クロスセルにも最適です。当ビジネスでは、個人事業主・フリーランスに特化した支援も充実しており、開業から確定申告まで、あらゆるお悩みを解決するオプションもご用意,,,active,2026-03-24T08:56:00Z,2026-03-24T08:56:00Z,2026-03-24T08:56:00Z
b-seeds,https://b-seeds.com/,https://b-seeds.com/,https://b-seeds.com/al-miraclecms,ブランド販売可能なCMS！「ホームページ制作 ミラクルCMS」販売パートナー募集,,,,初期費用のほか、月額費用もストックでお支払い,264万円(税込),あり,全国 募集対象 法人・個人事業主・個人 初期費用 264万円(税込),法人・個人事業主・個人 初期費用 264万円(税込),｢ミラクルCMS｣のパートナー制度では、貴社の独自のサービスとして販売することが可能です。たとえば「自社CMSパッケージ」としてブランド化したり、既存サービスの一部として組み込んだりと、柔軟な活用ができます。 またパートナー向け価格は一律で固定されているため、初期費用や月額費用に自由な上乗せが可能。価格設計もしやすく、利益率を柔軟に確保できます。 このパートナー制度の大きな魅力は、「受注後の制作は,,,active,2026-03-24T08:48:56Z,2026-03-24T08:48:56Z,2026-03-24T08:48:56Z
b-seeds,https://b-seeds.com/,https://b-seeds.com/,https://b-seeds.com/eg-spurt,プロ愛用の栄養補給！「ゼリー飲料 スパート」販売店募集,,,,「スパート」の販売を通じて、販売店・代理店は高い利益率を期待できます,無料（仕入れ代金がかかります）,,全国 募集対象 法人・個人事業主 初期費用 無料（仕入れ代金がかかります）,法人・個人事業主 初期費用 無料（仕入れ代金がかかります）,「スパート」は、バイオテクノロジー企業である弊社がスポーツをされる方向けの開発した栄養補給のためのゼリー飲料です。国際的なアンチドーピング認証であるインフォームド・チョイスを取得済み。WADA（世界アンチ・ドーピング機構）の禁止物質が製品中に混入していないことが認められている安心・安全な商品です。（日本代表選手にもご愛飲いただいております）今回、本商品の新規販売店様および卸代理店様を募集させていた,,,active,2026-03-24T08:52:36Z,2026-03-24T08:52:36Z,2026-03-24T08:52:36Z
b-seeds,https://b-seeds.com/,https://b-seeds.com/,https://b-seeds.com/user-login/,ユーザーログイン | 代理店募集.com,,,,,,,,,,,,active,2026-03-24T08:41:15Z,2026-03-24T08:41:15Z,2026-03-24T08:41:15Z
b-seeds,https://b-seeds.com/,https://b-seeds.com/,https://b-seeds.com/gs-hoken,リスクを抑えて開業でき安定ストック収益を狙える！「生命保険・損害保険」代理店募集,,,,ご契約件数に応じた手数料をお支払い,無料,あり,全国 募集対象 法人・個人事業主・個人 初期費用 無料,法人・個人事業主・個人 初期費用 無料,「生命保険・損害保険」は、初期費用が低く、リスクを抑えて開業できるビジネスです。通常、保険代理店の開業には高額な初期投資が必要ですが、当社ではその負担を軽減します。リスクを最小限に抑えながら安定した収益を目指せるため、未経験者や副業希望者にも最適です。 当ビジネスでは、未経験でも安心して始められるように、弊社は体系的な研修プログラムを用意しています。保険の基本知識や商品知識を学べる基礎研修に加え、,,,active,2026-03-24T08:48:15Z,2026-03-24T08:48:15Z,2026-03-24T08:48:15Z
b-seeds,https://b-seeds.com/,https://b-seeds.com/,https://b-seeds.com/tmr-usedpcfc,ローリスクで独立開業！「中古パソコン」フランチャイズ加盟店募集,,,,売上から諸経費を差し引いた金額,55万円～110万円（税込）,,全国 募集対象 法人・個人事業主・個人 初期費用 55万円～110万円（税込）,法人・個人事業主・個人 初期費用 55万円～110万円（税込）,「中古パソコン」は中古パソコンの販売・修理・買取を取り扱いできるビジネスです。弊社の修理技術や運営ノウハウを学ぶことで、高収益や事業拡大を目指すことができます。当ビジネスのほかにも、ネット販売やクラウドサービスなど副収入源も用意されており、安定的なビジネス展開を支援します。中古パソコン業界でのビジネスを始めたい方に最適なプランとなっています。 来客だけに頼る店舗ビジネスではなく、販売・買取・修理の,,,active,2026-03-24T08:43:02Z,2026-03-24T08:43:02Z,2026-03-24T08:43:02Z
b-seeds,https://b-seeds.com/,https://b-seeds.com/,https://b-seeds.com/kt-nurohikarihoumon,一人営業で月利100万円も狙える高速回線の人気商材！「NURO光」訪問営業パートナー募集,,,,獲得件数に応じた報酬をお支払いします,"62,700円（税込）～",,"全国 募集対象 法人・個人事業主・個人 初期費用 62,700円（税込）～","法人・個人事業主・個人 初期費用 62,700円（税込）～",「NURO光」 は、快適に高画質・大容量コンテンツを利用できる光回線サービスです高画質な画像・映像のアップロードやダウンロードも、少ない待ち時間で、ストレスなく行える通信環境を提供します。今回は訪問営業にて販路を拡大いただける、パートナー様を募集しております。一人営業でも月利100万円以上の収益実績のある商材ですので、ぜひお取り扱いいただけると幸いです。 高速インターネットが特長の回線ですので、趣,,,active,2026-03-24T08:50:58Z,2026-03-24T08:50:58Z,2026-03-24T08:50:58Z
b-seeds,https://b-seeds.com/,https://b-seeds.com/,https://b-seeds.com/eg-chikara,一流メーカー商材取扱！「ちからプロフェッショナル」販売店募集,,,,"月商200万円以上の成功事例、多くの卸代理店様が月に1,000個以上の卸販売に成功",無料～,,全国 募集対象 法人・個人事業主・個人 初期費用 無料～,法人・個人事業主・個人 初期費用 無料～,株式会社ユーグレナは、藻の一種であるミドリムシ（学名：ユーグレナ）を主に活用し、食品や化粧品の販売、バイオ燃料の研究等を行っているバイオテクノロジー企業です。（世界で初めてユーグレナの食用屋外大量培養に成功。東京証券取引所第一部上場企業です）「ちからプロフェッショナル」は、美容室、整体院、整骨院、歯科医院、その他医療機関、健康食品店、フィットネス店など、対面販売専用に開発された商品シリーズです。今,,,active,2026-03-24T08:50:55Z,2026-03-24T08:50:55Z,2026-03-24T08:50:55Z
b-seeds,https://b-seeds.com/,https://b-seeds.com/,https://b-seeds.com/wu-consultingpartner,上場企業の支援商材！「助成金・補助金」コンサルティングパートナー募集,,,,1件紹介で高額報酬＋従量課金制のため、継続収益も期待可,55万円～110万円（税込）,あり,全国 募集対象 法人・個人事業主・個人 初期費用 55万円～110万円（税込）,法人・個人事業主・個人 初期費用 55万円～110万円（税込）,＜中小企業の経営者から最もニーズがあるサービス！＞経営者の大きな悩みである「資金調達」。中小企業庁のデータによると「国・都道府県・市町村などが交付する補助金・助成金」の認知率は51.5%、理解率は16.8%、利用率に至ってはわずか6%だと発表されています。 そこで「公的資金を活用したいが自社に合う〈補助金・助成金〉の情報がわからない」という企業様に対して、診断、申請までを一括でサポートできるパッケ,,,active,2026-03-24T08:42:20Z,2026-03-24T08:42:20Z,2026-03-24T08:42:20Z
b-seeds,https://b-seeds.com/,https://b-seeds.com/,https://b-seeds.com/ra-fudosanair,不動産提携で営業拡大！「ソフトバンクAir」不動産販路販売代理店募集,,,,獲得件数に応じた報酬,"5,500円（税込）",,"全国 募集対象 法人・個人事業主 初期費用 5,500円（税込）","法人・個人事業主 初期費用 5,500円（税込）","弊社はソフトバンクの一次代理店としてインターネット及びモバイル商材の事業を展開しております。今回募集させていただくのは催事販売を行っていただく法人様です。弊社は月販で8,000件以上という業界内では最上位の実績を上げており、これまで50社以上の代理店様のサポートを行っております。催事販売の成功ノウハウをお教えしますので、是非ご応募いただければ幸いです。 当サービスは、スマホやモバイルWi-Fiのよ",,,active,2026-03-24T08:55:20Z,2026-03-24T08:55:20Z,2026-03-24T08:55:20Z
b-seeds,https://b-seeds.com/,https://b-seeds.com/,https://b-seeds.com/me-butsuage,不動産業界に最適！「物上げ集客王」販売代理店募集,,,,2～3社の導入でも月に数万円のストック収益が見込める,無料,あり,九州地方 募集対象 法人・個人事業主・個人 初期費用 無料,法人・個人事業主・個人 初期費用 無料,「物上げ集客王」は、オートコールのシステムを使った空き家・空地のオーナーを自動発掘するリスト生成システムです。人の手では費用も時間もかかる見込み客（オーナー）の発掘を自動化させることができます。今回、販売代理店の募集を開始しました。安心のストック収益となっていますので、是非ご応募いただければ幸いです。 「物上げ集客王」は、不動産業界・物上げ業界で爆発的なニーズがあります。営業先が決まっていて、しか,,,active,2026-03-24T08:47:44Z,2026-03-24T08:47:44Z,2026-03-24T08:47:44Z
b-seeds,https://b-seeds.com/,https://b-seeds.com/,https://b-seeds.com/sa-wakearifudousan,不動産業界経験者限定！情報提供で最大50％報酬！「訳あり不動産」買取代行パートナー募集,,,,最大50％を報酬として還元,40万円（税込）,,全国 募集対象 法人 初期費用 40万円（税込）,法人 初期費用 40万円（税込）,SA式買取代行制度が対象とするのは、共有持分、再建築不可、底地、老朽建物、空き家、相続不動産など。仲介では売却が難しく、自社でも買えないために断ってきた案件です。 こうした訳あり不動産を株式会社SAが引き受け、問題整理から売却・再販まで対応します。 パートナー様の仕事は、訳あり不動産の情報を株式会社SAへ共有することです。その後の業務はすべてSAが担当します。物件調査、価格査定、売主との交渉、契約,,,active,2026-03-24T08:50:00Z,2026-03-24T08:50:00Z,2026-03-24T08:50:00Z
b-seeds,https://b-seeds.com/,https://b-seeds.com/,https://b-seeds.com/bp-cyberblockutm,世界人気UTMで高収益！「ハイブリットセキュリティUTM」販売代理店募集,,,,初回売上＋年間ライセンス料による継続的ストック収益,11万円（税込）～,あり,全国（沖縄を除く） 募集対象 法人・個人事業主・個人 初期費用 11万円（税込）～,法人・個人事業主・個人 初期費用 11万円（税込）～,１、らくらく設置！かんたん管理！つないだ瞬間からすぐ働いて守るプラグアンドプレイ２、業界最速クラスの処理速度脅威に対する処理速度：スループット 700Mbpsで通信スピード が落ちません。３、特許DPIエンジン搭載で検知率99%シスコシステムズ、Google、NEC等、大手企業に技術供与している LIONIC社の特許DPIエンジン搭載で検知率が99％と非常に高いUTMです。４、常に最新のセキュリテ,,,active,2026-03-24T08:50:46Z,2026-03-24T08:50:46Z,2026-03-24T08:50:46Z
b-seeds,https://b-seeds.com/,https://b-seeds.com/,https://b-seeds.com/eb-ninchisupplement,世界初の健康サプリ！「認知機能サプリメント」販売代理店募集,,,,認知機能サプリメントの販売により、販路開拓が進むことで安定的な収益が見込まれます。リピーター増加により、持続的な売上が期待できます。,"5,500円（税込）",,"全国 募集対象 法人・個人事業主 初期費用 5,500円（税込）","法人・個人事業主 初期費用 5,500円（税込）",「認知機能サプリメント」（製品名：Memoric?? メモリック）は、ヒト神経細胞を伸長させる（産総研）作用を持つ成分配合のサプリメントです。古くから伝統薬として使用されてきたインドネシアのジャワしょうがを特許手法で加工。豊富なエビデンスの元、認知機能サプリメントとして誕生しました。今回、全国の薬局への販売開拓に特化した販売代理店を募集させていただくことになりました。 認知症などのニーズは多いので,,,active,2026-03-24T08:44:12Z,2026-03-24T08:44:12Z,2026-03-24T08:44:12Z
b-seeds,https://b-seeds.com/,https://b-seeds.com/,https://b-seeds.com/mz-jinwarmer,世界初の腎ケア商材！「遠赤外線温熱ベルト 腎ウォーマー」販売代理店募集,,,,販売台数に応じて報酬を獲得,無料,,全国 募集対象 法人 初期費用 無料,法人 初期費用 無料,「腎ウォーマー」は、腎臓ケアに特化した世界初の遠赤外線温熱ベルトです。太陽と同じ遠赤外線の育成光線で、体の芯から温めます。当商品は医療機器にも使用されているシートを内蔵しており、育成光線を大量に輻射します。スプリットヒーターで腎臓をピンポイントに温める特許商品です。 当商品は、むくみ・肌荒れ・高血圧などを解消する効果が期待できます。バッテリー式で持ち運びが便利なため、アウターの下に装着することも可,,,active,2026-03-24T08:43:33Z,2026-03-24T08:43:33Z,2026-03-24T08:43:33Z
b-seeds,https://b-seeds.com/,https://b-seeds.com/,https://b-seeds.com/tmr-pcrepair,中古パソコン・修理・副業・全国展開・技術 修理受付だけで収益化！「中古パソコン」修理パートナー募集,,,,修理台数に応じて報酬をお支払いします,"22,000円（税込）",,全国,法人・個人事業主・個人,修理はすべて弊社にお任せ！中古パソコンの修理受付をお願いいたします！ 「中古パソコン」は、古いパソコンの修理受付を行うビジネスです。 パートナー様にはパソコンの修理受付をしていただくだけで、実際の修理作業は弊社が対応します。 パソコンの専門知識がなく修理依頼を断っていた業者様や、接客やよくあるケースの対応ノウハウを求める方など、多くの方にご協力いただいております。 全国260社以上のパートナー実績,,,active,2026-03-24T08:48:42Z,2026-03-24T08:48:42Z,2026-03-24T08:48:42Z
b-seeds,https://b-seeds.com/,https://b-seeds.com/,https://b-seeds.com/ad-stiichitekizaisan,中小企業支援SaaS！「stii タイムスタンプ知的財産マネージャー」販売代理店募集,,,,最大40％の利率で販売できます,無料（仕入れ代金がかかります）,,全国 募集対象 法人・個人事業主 初期費用 無料（仕入れ代金がかかります）,法人・個人事業主 初期費用 無料（仕入れ代金がかかります）,「stii タイムスタンプ知的財産マネージャー」は、特許・デザイン・著作権などの知的財産を確実に保護するソフトウェアです。タイムスタンプの付与・延長機能により、10年以上の長期保管が可能となり、知的財産権の証明を強化します。公的機関や裁判所でも証拠として採用される信頼性の高い技術で、企業の知財戦略をサポートします。 電子契約や研究開発資料は長期間の保存が求められますが、多くの電子証明書は1～3年で,,,active,2026-03-24T08:53:14Z,2026-03-24T08:53:14Z,2026-03-24T08:53:14Z
b-seeds,https://b-seeds.com/,https://b-seeds.com/,https://b-seeds.com/st-sangyouyo,中部限定で高収益実現！「産業用太陽光用地」開拓営業パートナー募集,,,,1件ご成約で平均40万円のコミッションをお支払い,3万円（税込）～,,全国 募集対象 法人・個人事業主・個人 初期費用 3万円（税込）～,法人・個人事業主・個人 初期費用 3万円（税込）～,「産業用太陽光用地」は東海エリアを中心に、太陽光発電用地の開拓を行うビジネスです。地主様との信頼関係を築き、未利用地を太陽光発電の設置に適した土地として提供することで、地域の再生可能エネルギー普及を支援します。 【経験者の方】1ヶ月で4件成約した場合、約160万円の高収入を目指せます！※1件成約平均40万円の場合。複数の土地を持つ地主様からの複数契約で、さらなる収益増も可能です。 【未経験者の方】,,,active,2026-03-24T08:46:34Z,2026-03-24T08:46:34Z,2026-03-24T08:46:34Z
b-seeds,https://b-seeds.com/,https://b-seeds.com/,https://b-seeds.com/ai-softbankmnp,乗り換え費用一部負担！「ソフトバンク法人携帯 MNP提案キャンペーン」紹介代理店募集,,,,獲得件数に応じた手数料をお支払い,無料,,全国 募集対象 法人・個人事業主 初期費用 無料,法人・個人事業主 初期費用 無料,法人携帯のコスト削減提案において、ドコモ・au・楽天などソフトバンク以外のユーザーを対象としたMNP（番号そのまま乗り換え）提案は非常に有効なアプローチです。当サービスでは、通話かけ放題や大容量データプランを含む法人専用の割引制度があり、他キャリアと比較して料金面での明確な優位性を打ち出せます。 特に中小企業や個人事業主にとって通信費は継続的な経費負担であり、1回線あたりの削減額が月数千円でも、全,,,active,2026-03-24T08:55:36Z,2026-03-24T08:55:36Z,2026-03-24T08:55:36Z
b-seeds,https://b-seeds.com/,https://b-seeds.com/,https://b-seeds.com/wu-assirobo,事務作業を自動化！「アシロボ」販売代理店募集,,,,販売実績に応じて報酬をお受取りいただけます,"99,000円（税込）",,"全国 募集対象 法人・個人事業主・個人 初期費用 99,000円（税込）","法人・個人事業主・個人 初期費用 99,000円（税込）",「アシロボ」は、現場ご担当者様が簡単操作で使えるように開発されたRPA（Robotic Process Automation）サービスです。高額なサービスが多い中、月額5万円という低価格を実現。中小企業の社長様や部署決裁者様に即決いただける価格となっています。業務効率化や生産性向上を目的として、企業様にご提案いただければ幸いです。今回、全国にて代理店様を募集させていただくことになりましたので、以下,,,active,2026-03-24T08:43:51Z,2026-03-24T08:43:51Z,2026-03-24T08:43:51Z
b-seeds,https://b-seeds.com/,https://b-seeds.com/,https://b-seeds.com/sp-tatsujin,交渉力を磨く実践講座！「THEアライアンス 交渉の達人養成講座」販売パートナー募集,,,,ご紹介いただいた顧客の受講料の一部をお支払いします,110万円（税込）,,全国 募集対象 法人・個人事業主・個人 初期費用 110万円（税込）,法人・個人事業主・個人 初期費用 110万円（税込）,交渉はビジネスにおけるすべての成果の土台です。価格交渉、提携交渉、人材採用やチーム内の調整まで、あらゆる場面で“伝える力”と“引き出す力”が必要とされます。しかし、これまで日本では「交渉力」を学ぶ機会が限られていました。 「交渉の達人養成講座」は、そんな交渉の“見えない技術”を可視化・体系化した、日本初の実践型プログラムです。講座を監修するのは、アディダスジャパンに20年以上勤務し、,,,active,2026-03-24T08:45:34Z,2026-03-24T08:45:34Z,2026-03-24T08:45:34Z
b-seeds,https://b-seeds.com/,https://b-seeds.com/,https://b-seeds.com/rc-reachingfc,人材不足市場で安定収益！「介護・看護・保育特化人材紹介 リーチングFC」フランチャイズ加盟店募集,,,,成果報酬型の人材紹介モデル（高報酬）,無料,,全国 募集対象 法人・個人事業主 初期費用 無料,法人・個人事業主 初期費用 無料,人材紹介ビジネスに興味はあるものの、「地方では求人数が少ないのでは」「都市部でないと成り立たないのでは」と不安を感じている方も多いのではないでしょうか。ですが、介護・看護・保育分野に限って言えば、その心配は当てはまりません。むしろ今、地方こそ人材紹介ビジネスのチャンスが広がっている状況です。 介護施設や保育園、医療機関では、全国的に慢性的な人手不足が続いています。特に地方では「募集を出しても応募が,,,active,2026-03-24T08:47:59Z,2026-03-24T08:47:59Z,2026-03-24T08:47:59Z
b-seeds,https://b-seeds.com/,https://b-seeds.com/,https://b-seeds.com/gb-guidableotameshi,人材系のサービス事業をされてる方にも最適！「Guidable Jobs 特別販促キャンペーン」販売代理店募集,,,,販売代金の最大40％をお支払い,無料,,関東 募集対象 法人・個人事業主・個人 初期費用 無料,法人・個人事業主・個人 初期費用 無料,「Guidable Jobs（ガイダブルジョブズ）」は、在留外国人採用に特化した求人・マッチングサービスです。永住者、定住者、日本人配偶者など、就労制限のない身分系ビザ保有者を中心に集客しており、日本語での円滑なコミュニケーションが可能で、日本人とほぼ同等の条件で就労できる人材層の応募獲得を強みとしています。日本国内では少子高齢化の影響により労働人口の減少が続き、特に飲食、宿泊、警備、製造、清掃な,,,active,2026-03-24T08:54:21Z,2026-03-24T08:54:21Z,2026-03-24T08:54:21Z
b-seeds,https://b-seeds.com/,https://b-seeds.com/,https://b-seeds.com/wu-base,人気ECサービス販売！「BASE」販売パートナー募集,,,,成果に応じて報酬が発生,110万円（税込）,,全国 募集対象 法人 初期費用 110万円（税込）,法人 初期費用 110万円（税込）,「BASE」（ベイス）は、誰でも簡単にネットショップが作成できるサービスです。プロ並みのデザインで商品やサービスをキレイに見せることができ、コロナ禍で売上減にお困りの法人様や店舗、あるいは個人で収益を得たい方などにご提案いただきたいサービスです。テレビCMで圧倒的な知名度があり、提案しやすいサービスですので、是非お取扱いいただければ幸いです。 「BASE」の特長として、初期費用や月額費用がかからな,,,active,2026-03-24T08:49:34Z,2026-03-24T08:49:34Z,2026-03-24T08:49:34Z
b-seeds,https://b-seeds.com/,https://b-seeds.com/,https://b-seeds.com/pw-premiumwatershokai,人気No.1の水商材！「プレミアムウォーター」紹介代理店募集,,,,獲得件数に応じて報酬をお受け取りいただけます,無料,,全国 募集対象 法人・個人事業主 初期費用 無料,法人・個人事業主 初期費用 無料,「プレミアムウォーター」は、お客様のご自宅までお水を定期配送するサービスです。ウォーターサーバーでのシェア＆顧客満足度No.1※の実績があり、おいしい天然水をお届しております。すでに全国のお客様にお水をお届けしており、知名度・実績ともに自信をもってご提案できるサービスを、ぜひお取り扱いしませんか？ ※シェアNo.1：日本流通産業新聞社調べ(2020年12月末時点)、顧客満足度No.1：マイボイスコ,,,active,2026-03-24T08:55:02Z,2026-03-24T08:55:02Z,2026-03-24T08:55:02Z
b-seeds,https://b-seeds.com/,https://b-seeds.com/,https://b-seeds.com/t2x-waterserver,人気のサーバーで安定収益！「ウォーターサーバー」販売代理店募集,,,,ご契約件数に応じた手数料をお支払い,"55,000円（税込）",,"栃木県/千葉県/埼玉県/神奈川県/愛知県/三重県/静岡県/大阪府/京都府/兵庫県/奈良県/滋賀県 募集対象 法人 初期費用 55,000円（税込）","法人 初期費用 55,000円（税込）",「ウォーターサーバー」は、複数の人気メーカーの商品を一括して取り扱うことができるビビジネスです。 代表的なブランド「Cosmo Water（コスモウォーター）」をはじめ、さまざまなサーバーをお客様のニーズに合わせてご提案可能です。 たとえば、見た目重視のお客様にはスタイリッシュなデザインのモデル、小さなお子様がいるご家庭にはチャイルドロック付きの機種、価格を重視する方にはコスパ重視の商品など、「選,,,active,2026-03-24T08:54:48Z,2026-03-24T08:54:48Z,2026-03-24T08:54:48Z
b-seeds,https://b-seeds.com/,https://b-seeds.com/,https://b-seeds.com/fl-carport,人気の住宅提案商材！「ソーラーカーポート」営業代理店募集,,,,契約機器売上げの5％と付帯サービスの粗利30％をお支払い,"55,000円（税込）～",,"全国 募集対象 法人・個人事業主 初期費用 55,000円（税込）～","法人・個人事業主 初期費用 55,000円（税込）～",「ソーラーカーポート」の設置販売を行う事業です。住宅ローンの見直しをお手伝いし、下がった金利分を使い実質無料にて設置できるソーラーカーポートをご提案します。昨今の電気料金の高騰によりコスト意識が非常に高くなっておりますので、多くのお客様に興味を持っていただいております。月利250万円の収益実績もあり、弊社の営業モデルにも大変良い反響を得ております。 住宅ローンの借り換えは全国の金融機関を対象として,,,active,2026-03-24T08:53:46Z,2026-03-24T08:53:46Z,2026-03-24T08:53:46Z
b-seeds,https://b-seeds.com/,https://b-seeds.com/,https://b-seeds.com/eg-powerliftingcream,人気の形状記憶コスメ！「パワーリフティングクリーム」販売店募集,,,,利益率が高く、定期購入・リピートも見込めるエイジングケア商材,無料,,全国 募集対象 法人 初期費用 無料,法人 初期費用 無料,「パワーリフティングクリーム」は、形状記憶のチカラでピーンとハリ感あふれるお肌を実現するオールインワンクリームです。ユーグレナ成分を配合したユーグレナの化粧品「oneシリーズ」の人気商品で、プルンとした濃厚な弾力ジェルは即効でハリを実感いただけます。今回、本商品の新規販売店様および卸代理店様を募集させていただくことになりました。 保湿成分の加水分解ユーグレナエキス、エモリエント成分のユーグレナオイ,,,active,2026-03-24T08:56:10Z,2026-03-24T08:56:10Z,2026-03-24T08:56:10Z
b-seeds,https://b-seeds.com/,https://b-seeds.com/,https://b-seeds.com/kt-videosub,人気動画サービスを複数取扱！「各種動画配信サービス」総合販売代理店募集,,,,商材によって、2重で手数料をお支払いします,無料,,神奈川県 募集対象 法人・個人 初期費用 無料,法人・個人 初期費用 無料,「各種動画配信サービス」は、Hulu・DMM×Disney＋・U-NEXT・FODなど、知名度の高い動画配信サービスを紹介する代理店ビジネスです。すでに多くの人が認知しており、サービスの説明に時間をかけずに提案できるのが特長です。 また、特別なスキルや専門知識は不要で、専用のQRコードを使って紹介するシンプルな仕組み。初期研修では、登録の流れや提案のポイントも丁寧に共有されるため、未経験の方でも安,,,active,2026-03-24T08:43:38Z,2026-03-24T08:43:38Z,2026-03-24T08:43:38Z
b-seeds,https://b-seeds.com/,https://b-seeds.com/,https://b-seeds.com/dc-partner,人気商品で副業に最適！「目とめがねの学校」パートナー募集,,,,チャクラグラスのご紹介や販売,11万円（税込）,,全国 募集対象 法人・個人事業主・個人 初期費用 11万円（税込）,法人・個人事業主・個人 初期費用 11万円（税込）,「目とめがねの学校」では、人気商品のチャクラグラス®をお取り扱いいただくための各種講座を行っております。チャクラグラスとは、人それぞれに合った光＝波長＝色をセッションを通じて導き出し提供する新しい眼鏡。小さなお子さまから大人まで、これまで2000人以上の方にご愛用いただいており「心と体が楽になった！」など、多くの驚きの声が届いています。現在、より多くの方にチャクラグラスのことを知っていただくために,,,active,2026-03-24T08:46:42Z,2026-03-24T08:46:42Z,2026-03-24T08:46:42Z
b-seeds,https://b-seeds.com/,https://b-seeds.com/,https://b-seeds.com/wu-hestacharge,人気急上昇の充電商材！「HESTA CHARGE」設置協力パートナー募集,,,,設置店様からの利用料の一部がマージンとして四半期ごとに還元され、ストック型収益に,無料,あり,全国 募集対象 法人・個人事業主・個人 初期費用 無料,法人・個人事業主・個人 初期費用 無料,「モバイルバッテリーシェアリング」とは、スマホの充電用バッテリーをバッテリースタンドを介して貸出・返却できるサービスです。 IT先進国・中国では2015年から人気が高まり、ユーザー数はなんと3億人以上！どこに行っても設置してあるという状態まで普及しています。 日本においてもバッテリーシェアリング市場の規模は拡大傾向にあり、2025年には2020年比約4.5倍の約45万台規模に増加する見込みです。,,,active,2026-03-24T08:45:54Z,2026-03-24T08:45:54Z,2026-03-24T08:45:54Z
b-seeds,https://b-seeds.com/,https://b-seeds.com/,https://b-seeds.com/ra-saiziair,人気通信商材で稼ぐ！「ソフトバンクAir」催事販売パートナー募集,,,,獲得件数に応じた報酬,55万円～110万円（税込）,,全国 募集対象 法人・個人事業主・個人 初期費用 55万円～110万円（税込）,法人・個人事業主・個人 初期費用 55万円～110万円（税込）,"弊社はソフトバンクの一次代理店としてインターネット及びモバイル商材の事業を展開しております。今回募集させていただくのは催事販売を行っていただく法人様です。弊社は月販で8,000件以上という業界内では最上位の実績を上げており、これまで50社以上の代理店様のサポートを行っております。催事販売の成功ノウハウをお教えしますので、是非ご応募いただければ幸いです。 当サービスは、スマホやモバイルWi-Fiのよ",,,active,2026-03-24T08:53:33Z,2026-03-24T08:53:33Z,2026-03-24T08:53:33Z
b-seeds,https://b-seeds.com/,https://b-seeds.com/,https://b-seeds.com/sb-softbankkeitai,人気通信商材で高収益！「ソフトバンク携帯」販売代理店募集,,,,高収益が期待できる「スマホ＋ネット＋でんき」のセット販売が可能,55万円～110万円（税込）,,全国 募集対象 法人・個人事業主・個人 初期費用 55万円～110万円（税込）,法人・個人事業主・個人 初期費用 55万円～110万円（税込）,ソフトバンク株式会社では、「ソフトバンク携帯」をお取扱いいただける販売代理店を募集しております。動画・SNS・オンライン会議・オンライン飲み会・VR・ARなど、スマートフォンの利用シーンやデータ通信料は増え続けています。新料金プランであるメリハリ無制限や新みんな家族割など、お客様にご提案いただきやすいのが特長です。5G対応端末も続々登場。5Gも4Gも同じ料金でお使いいただけます。 スマホとネットと,,,active,2026-03-24T08:52:12Z,2026-03-24T08:52:12Z,2026-03-24T08:52:12Z
b-seeds,https://b-seeds.com/,https://b-seeds.com/,https://b-seeds.com/ict-futaiservice,今の営業にプラスするだけの扱いやすい商材！「付帯サービス」取扱代理店募集,,,,オプション付帯でストック収益をお支払い,無料,あり,全国 募集対象 法人 初期費用 無料,法人 初期費用 無料,この代理店制度では、「既存事業に影響を与えず＋αの収益を得たい」という法人様にぴったりの仕組みです。 たとえば、訪問販売やテレマーケティング、不動産などのアライアンス販路をお持ちの企業様であれば、現在の営業フローに当社のサービスを組み込むだけ。追加の人員を採用したり、新たな設備投資をしたりする必要はありません。提案する商材も日常生活に密着した内容で、専門知識がなくてもすぐにご案内いただけます。 特,,,active,2026-03-24T08:52:14Z,2026-03-24T08:52:14Z,2026-03-24T08:52:14Z
b-seeds,https://b-seeds.com/,https://b-seeds.com/,https://b-seeds.com/al-reaxion,介護施設導入が進む！「リハビリ・認知機能トレーニング Reaxionシニア」販売代理店募集,,,,販売件数に応じた手数料をお支払い,"11,000円（税込）",,"全国（一部地域除く） 募集対象 法人・個人事業主 初期費用 11,000円（税込）","法人・個人事業主 初期費用 11,000円（税込）",「Reaxion」は、反射や認知機能を見える化し、トレーニングできるシニア向けサービスです。もともとはトップアスリート向けに開発されたトレーニングギアを、シニア向けに応用。効果の高いレクリエーションとして、介護施設などに導入されています。 当サービスのトレーニングプログラムは、スマートフォンアプリで操作可能で、利用者に手間をかけさせません。さらに、オリジナルトレーニングのカスタマイズが可能で、利用,,,active,2026-03-24T08:51:55Z,2026-03-24T08:51:55Z,2026-03-24T08:51:55Z
b-seeds,https://b-seeds.com/,https://b-seeds.com/,https://b-seeds.com/user-edit/,代理店ドットコム 会員登録,役職,,,,,,,,,,,active,2026-03-24T08:41:14Z,2026-03-24T08:41:14Z,2026-03-24T08:41:14Z
b-seeds,https://b-seeds.com/,https://b-seeds.com/,https://b-seeds.com/ms-kuchikomicansho,代理店加盟金無料キャンペーン実施中！「クチコミターゲット」特別紹介代理店募集,,,,月額のストック収入,無料,あり,全国 募集対象 法人 初期費用 無料,法人 初期費用 無料,現在、通常10万円の加盟金が無料となるキャンペーンを実施中です。新しい代理店ビジネスを始める際、初期費用は大きなハードルになります。しかし本制度では、その最初の負担を大きく軽減できる仕組みが整っており、リスクを抑えてスタートできる環境をご用意しています。 「興味はあるけれど、まずは様子を見たい」「初期リスクを最小限にして参入したい」そんな企業様にとって、加盟金無料は大きな後押しとなります。さらに本,,,active,2026-03-24T08:41:39Z,2026-03-24T08:41:39Z,2026-03-24T08:41:39Z
b-seeds,https://b-seeds.com/,https://b-seeds.com/,https://b-seeds.com/ms-kuchikomican,代理店加盟金無料キャンペーン実施中！「クチコミターゲット」特別販売代理店募集,,,,月額のストック収入,無料,あり,全国 募集対象 法人 初期費用 無料,法人 初期費用 無料,現在、通常10万円の加盟金が無料となるキャンペーンを実施中です。新しい代理店ビジネスを始める際、初期費用は大きなハードルになります。しかし本制度では、その最初の負担を大きく軽減する仕組みが整っています。 「興味はあるけれど、まずは様子を見たい」「初期リスクを抑えて参入したい」そんな企業様にとって、加盟金無料は大きな後押しになります。さらに、月額ストック型モデルのため、契約が積み上がるほど安定収益に,,,active,2026-03-24T08:50:53Z,2026-03-24T08:50:53Z,2026-03-24T08:50:53Z
b-seeds,https://b-seeds.com/,https://b-seeds.com/,https://b-seeds.com/pp-partner,代理店支援ツールの新提案！「パートナー連携ポータル PartnerProp」紹介パートナー募集,,,,ご紹介いただいた企業様の成約により報酬発生（ストック収益）,無料,あり,広島県/岡山県/山口県/鳥取県/島根県 募集対象 法人・個人事業主・個人 初期費用 無料,法人・個人事業主・個人 初期費用 無料,"[youtube id=""lMEEGe1JwnU""] 多くの企業が抱えるパートナーセールスの課題、それはパートナーの活動状況や育成プロセスの不透明さです。この問題を放置すると、効果的な改善策を見出すことが難しく、売上の伸び悩みに繋がります。PartnerPropは、最新のPRM（Partner Relationship Management）技術を活用し、パートナー情報の見える化と営",,,active,2026-03-24T08:51:27Z,2026-03-24T08:51:27Z,2026-03-24T08:51:27Z
b-seeds,https://b-seeds.com/,https://b-seeds.com/,https://b-seeds.com/ma-maebaraidekirukun,企業負担ゼロの福利厚生サービス！「給与前払いサービス 前払いできるくん」紹介代理店募集,,,,利用者が継続する限り、ストックで報酬をお支払いします,無料～,あり,全国 募集対象 法人・個人事業主・個人 初期費用 無料～,法人・個人事業主・個人 初期費用 無料～,「前払いできるくん」は、企業にとって負担がほとんどない給与前払いサービスです。最大の特長は、企業側が前払い資金を用意する必要がなく、すべてクレジットカード決済で対応できること。資金繰りに余裕がない中小企業でも安心して導入できます。 実際に導入している企業は、地域や業種を問わず幅広く、500社以上の実績があります。企業側の費用負担がないので「費用がかからないなら、一度使ってみようか」と前向きに検討し,,,active,2026-03-24T08:54:32Z,2026-03-24T08:54:32Z,2026-03-24T08:54:32Z
b-seeds,https://b-seeds.com/,https://b-seeds.com/,https://b-seeds.com/st-partner,企業配送で安定収入！「関東エリアでの軽貨物配送」ビジネスパートナー募集,,,,稼働日数分の報酬をお支払いします（案件によります）,無料～,,全国 募集対象 法人・個人事業主・個人 初期費用 無料～,法人・個人事業主・個人 初期費用 無料～,弊社は、主に軽貨物の運送業と食品衛生コンサルティング、海外向け物品販売を行い事業展開を目指している会社です。今回ご案内させていただく軽貨物事業は、一般にはなかなか出回らない企業配（企業配達）のビジネスです。弊社は、家電量販店、医療品販売、印刷会社など、さまざまな業種からの企業配を請け負っております。企業様からのご要望で配達日など制限がある中で多くの案件をいただいており、ドライバー様を常時募集してお,,,active,2026-03-24T08:41:43Z,2026-03-24T08:41:43Z,2026-03-24T08:41:43Z
b-seeds,https://b-seeds.com/,https://b-seeds.com/,https://b-seeds.com/kt-dmmpremium,会員数100万人超の人気商材！「DMMプレミアムTV」販売代理店募集,,,,2段階の手数料支払い,"5,500円（税込）",,"福岡県 募集対象 法人・個人事業主 初期費用 5,500円（税込）","法人・個人事業主 初期費用 5,500円（税込）",「DMMプレミアムTV」は、月額550円で利用可能なサブスクリプション型動画配信サービスです。数ある動画配信サービスの中でも、この低価格と豊富な作品数を誇るDMMプレミアムTVは、他社サービスに比べて非常に競争力があります。高価な動画配信サービスに抵抗がある顧客層にも訴求しやすく、代理店は既存の光回線やウォーターサーバーといった商材にクロスセルとして提供することで、新たな収益を見込めます。 当サー,,,active,2026-03-24T08:48:33Z,2026-03-24T08:48:33Z,2026-03-24T08:48:33Z
b-seeds,https://b-seeds.com/,https://b-seeds.com/,https://b-seeds.com/ash-cashless,会計効率化で売上UP！「キャッシュレスサービス」販売代理店募集,,,,稼働3カ月で90万円の売上実績あり,無料,,全国 募集対象 法人・個人事業主・個人 初期費用 無料,法人・個人事業主・個人 初期費用 無料,「キャッシュレスサービス」は、さまざまなお支払い方法に対応したキャッシュレス決済サービスです。非接触で簡単にお支払いが完了するので、お会計時の混雑や手間などを解消します。お客様・店舗様に大変喜んでいただけるサービスです。 「キャッシュレスサービス」は、店舗様のリスクがほぼないので営業がしやすいメリットがございます。キャッシュレス決済をご希望される、多くのお客様に対応いただけます。全国の小売店・飲食,,,active,2026-03-24T08:44:26Z,2026-03-24T08:44:26Z,2026-03-24T08:44:26Z
b-seeds,https://b-seeds.com/,https://b-seeds.com/,https://b-seeds.com/if-rocketnowsho,低リスクでスタートできる！「Rocket Now」紹介代理店募集,,,,ご契約件数に応じた手数料をお支払い,無料,,全国 募集対象 法人 初期費用 無料,法人 初期費用 無料,このビジネスは、事務所や在庫を構える必要がなく、パソコンやスマートフォンがあればすぐに始められるため、時間や場所にとらわれず柔軟に活動できる点が大きな魅力です。初期費用も非常に低コストに抑えられており、「リスクを最小限に抑えて新規事業にチャレンジしたい」と考える法人様にとって、非常に取り組みやすいモデルとなっています。仮に途中で活動を一時中断することがあっても、大きな設備投資が不要なため損失が少な,,,active,2026-03-24T08:53:26Z,2026-03-24T08:53:26Z,2026-03-24T08:53:26Z
b-seeds,https://b-seeds.com/,https://b-seeds.com/,https://b-seeds.com/if-rocketnow,低リスクでスタートできる！「Rocket Now」販売代理店募集,,,,ご契約件数に応じた手数料をお支払い,"11,000円（税込）",,"全国（一部地域を除く） 募集対象 法人・個人事業主 初期費用 11,000円（税込）","法人・個人事業主 初期費用 11,000円（税込）",このビジネスは事務所や在庫を構える必要もなく、パソコンやスマートフォンがあれば、すぐに活動をスタートできます。低コストな初期投資により、リスクを抑えて新規事業を始めたい法人様にとって、大きな魅力です。万が一途中で活動を中断することになっても、大きな損失が出ない点も安心材料のひとつといえるでしょう。 また、初期費用に含まれている研修では、商材の理解はもちろん、営業のノウハウも学べるます。実際に、多く,,,active,2026-03-24T08:51:45Z,2026-03-24T08:51:45Z,2026-03-24T08:51:45Z
b-seeds,https://b-seeds.com/,https://b-seeds.com/,https://b-seeds.com/fid-orthotics,体バランス改善を支援！「高機能オーダーメイド足装具 オーソティクス」販売代理店募集,,,,仕入価格と販売価格の差益,無料,,東京都/神奈川県/千葉県/埼玉県 募集対象 法人・個人事業主・個人 初期費用 無料,法人・個人事業主・個人 初期費用 無料,「オーソティクス」は、足の歪みによって引き起こされる全身の痛みや不調を解消するために開発された、米国足病専門医療に基づく足の補正装具です。日本ではまだ認知が進んでいない足の重要性を広めるため、専門の計測機を導入し、正確な足圧データを基にオーダーメイドで装具を製作します。 姿勢分析ができるPosenシステムにより、静止時だけでなく歩行時の足の動きも測定可能で、より効果的な補正を実現します。さらに、足,,,active,2026-03-24T08:49:32Z,2026-03-24T08:49:32Z,2026-03-24T08:49:32Z
b-seeds,https://b-seeds.com/,https://b-seeds.com/,https://b-seeds.com/sd-saitekidenki,価格で差別化しやすく安定ストック収益が狙える！「最適でんき」販売代理店募集,,,,ご利用期間に応じてストックでお支払い,55万円～110万円（税込）,あり,全国 募集対象 法人・個人事業主・個人 初期費用 55万円～110万円（税込）,法人・個人事業主・個人 初期費用 55万円～110万円（税込）,「最適でんき」は、日中の電気使用量が多い法人企業向けの市場連動型電力プランの新電力サービスです。大きな特長は、「平日昼間の電力使用に特化した料金設計」です。太陽光発電の普及により、JEPX（電力卸市場）の価格は平日昼間が最も安くなる傾向にあります。当サービスではこの時間帯に稼働する事業者に最適化されたプランを提供しているため、価格優位性が際立っています。 たとえば、診療時間が平日昼間に集中している,,,active,2026-03-24T08:42:48Z,2026-03-24T08:42:48Z,2026-03-24T08:42:48Z
b-seeds,https://b-seeds.com/,https://b-seeds.com/,https://b-seeds.com/wu-talentkatuyo,信頼される広告で売上UPを支援します！「タレント活用×IPマーケティング」販売代理店募集,,,,ご契約件数に応じた手数料をお支払い,"38,500円（税込）",,"全国 募集対象 法人・個人事業主・個人 初期費用 38,500円（税込）","法人・個人事業主・個人 初期費用 38,500円（税込）",タレントを広告に起用するには、高額な契約料や撮影費用が必要――そんな常識を覆すのが、「タレント活用×IPマーケティング」です。既に撮影済みの写真・動画素材を活用することで、手が届く価格帯でタレントの信頼感を広告に活かすことができます。 素材はプロ仕様で、高い品質と訴求力を備えています。撮影や契約の手間がないため、準備に時間をかけず、すぐに広告・LP・チラシなどに展開できます。 また、費用を抑えつつ,,,active,2026-03-24T08:54:33Z,2026-03-24T08:54:33Z,2026-03-24T08:54:33Z
b-seeds,https://b-seeds.com/,https://b-seeds.com/,https://b-seeds.com/ee-fpcampaign,個人向けFP相談商材！「FP無料相談 お肉・お米がもらえるキャンペーン」紹介パートナー募集,,,,面談成立で報酬が発生します,"3,423,002円（税込）",,"全国 募集対象 法人・個人事業主・個人 初期費用 3,423,002円（税込）","法人・個人事業主・個人 初期費用 3,423,002円（税込）",「FP無料相談」は、ファイナンシャルプランナーの資格取得者が、お客様のお金の不安に寄り添って、最適な将来設計をご提案するサービスです。無理な勧誘やご提案は一切なく、ご相談料は全て無料。24時間365日相談受付で、土日・祝日はもちろん、ご都合の良い日時・場所でのご相談ができるのが特徴です。日本コンシューマーリサーチで信頼度No.1を獲得した実績がある安心のサービスとなっています。今回、全国には紹介パ,,,active,2026-03-24T08:54:03Z,2026-03-24T08:54:03Z,2026-03-24T08:54:03Z
b-seeds,https://b-seeds.com/,https://b-seeds.com/,https://b-seeds.com/ac-solareigyo,個人営業で高収益！「太陽光発電システム」個人営業代理店募集,,,,月収400万円超の営業実績あり、高単価商材で高収益が狙える,55万円～110万円（税込）,,全国 募集対象 法人・個人事業主・個人 初期費用 55万円～110万円（税込）,法人・個人事業主・個人 初期費用 55万円～110万円（税込）,「太陽光発電システム」は、屋根に設置することにより電気代を大幅に削減することができる人気のシステムです。燃料費の高騰を背景に電気代が上がり続けていて多くのご家庭が悲鳴を上げています。こうした中、弊社の代理店様の多くは高い収益を上げていて、中には月収400万円以上の営業マンも誕生しています。今回、申込獲得まで行っていただく営業代理店様を募集させていただくことになりました。 このビジネスが成功している,,,active,2026-03-24T08:48:51Z,2026-03-24T08:48:51Z,2026-03-24T08:48:51Z
b-seeds,https://b-seeds.com/,https://b-seeds.com/,https://b-seeds.com/sl-costumejewelry,個性を輝かせる商材！「コスチュームジュエリー」販売代理店募集,,,,販売価格に応じた手数料をお支払い,217万円（税込）,,全国 募集対象 法人・個人事業主・個人 初期費用 217万円（税込）,法人・個人事業主・個人 初期費用 217万円（税込）,「コスチュームジュエリー」は、お客様の洋服に合わせたデザイン性や装飾性のある新しいジュエリーです。洋服を引き立てる素材・風合いなどの自由な発想で、お客様の個性を表現します。近年のジュエリー業界はファッションのトレンドに合わせ、手頃な価格で楽しめる装飾品の需要が高まっております。有名百貨店様など大手企業様にも販売実績があり、高い評価をいただいているジュエリーを販売しませんか？ 当ジュエリーは、原材料,,,active,2026-03-24T08:47:42Z,2026-03-24T08:47:42Z,2026-03-24T08:47:42Z
b-seeds,https://b-seeds.com/,https://b-seeds.com/,https://b-seeds.com/fb-olylife,健康×収益の新ビジネス！「最新健康機器 OlyLife Tera-P90」販売パートナー募集,,,,紹介により手数料が発生,33万円（税込）,,全国 募集対象 法人・個人事業主・個人 初期費用 33万円（税込）,法人・個人事業主・個人 初期費用 33万円（税込）,"[youtube id=""Hfq9McfSdOw""] OlyLife Tera-P90」は、8-1000μmという広範な波長範囲に対応した高機能治療機器です。これにより、従来の機器ではカバーできなかった領域まで効果的にアプローチでき、より多くの治療ニーズに応えることができます。 この技術は、痛みの軽減や体の深部へのアプローチを可能にし、関節痛や筋肉の痛みを軽減するために効果的です。また、1MHzの",,,active,2026-03-24T08:43:41Z,2026-03-24T08:43:41Z,2026-03-24T08:43:41Z
b-seeds,https://b-seeds.com/,https://b-seeds.com/,https://b-seeds.com/mz-hinatahaori,健康×美容の新提案！「ひなた羽織」販売代理店募集,,,,"遠赤外線グッズの複数販売で高収益が期待でき、年商1,000万円を超える法人事例あり",23万円（税込）,,全国 募集対象 法人・個人事業主 初期費用 23万円（税込）,法人・個人事業主 初期費用 23万円（税込）,「ひなた羽織」は、遠赤外線を活用したショルダーウォーマーです。遠赤外線の一種である育成光線を輻射することで、体の内部まで温めます。輻射に利用するおひさまシート（炭素繊維面状シート）は国際特許取得済みの独自技術です。充電式のコードレスなので、外出先でも気軽に使用できます。 当商品は、サイズフリーで男女問わずに着用できます。流行に左右されないキルティング生地を使用し、見た目にもこだわった意匠登録済みの,,,active,2026-03-24T08:46:15Z,2026-03-24T08:46:15Z,2026-03-24T08:46:15Z
b-seeds,https://b-seeds.com/,https://b-seeds.com/,https://b-seeds.com/fid-orthoticsoem,健康事業に新展開！「高機能オーダーメイド足装具 オーソティクス」OEMパートナー募集,,,,仕入価格と販売価格の差益,55万円（税込）,,全国 募集対象 法人・個人事業主・個人 初期費用 55万円（税込）,法人・個人事業主・個人 初期費用 55万円（税込）,「オーソティクス」は、足の歪みによって引き起こされる全身の痛みや不調を解消するために開発された、米国足病専門医療に基づく足の補正装具です。日本ではまだ認知が進んでいない足の重要性を広めるため、専門の計測機を導入し、正確な足圧データを基にオーダーメイドで装具を製作します。医療機関だけでなく、整骨院やフィットネス施設でも導入が進んでおり、既に500以上の施設で採用されています。 当サービスはトップアス,,,active,2026-03-24T08:48:28Z,2026-03-24T08:48:28Z,2026-03-24T08:48:28Z
b-seeds,https://b-seeds.com/,https://b-seeds.com/,https://b-seeds.com/ra-softbankmobile,催事販売で高収益実現！「ソフトバンクモバイル商品」催事販売パートナー募集,,,,獲得件数に応じた報酬,"33,000円（税込）",,"全国 募集対象 法人 初期費用 33,000円（税込）","法人 初期費用 33,000円（税込）","弊社はソフトバンクの一次代理店としてインターネット及びモバイル商材の事業を展開しております。今回募集させていただくのは催事販売を行っていただく法人様です。弊社は月販で8,000件以上という業界内では最上位の実績を上げており、これまで50社以上の代理店様のサポートを行っております。催事販売の成功ノウハウをお教えしますので、是非ご応募いただければ幸いです。 弊社はネットとモバイルを同時に扱える数少ない",,,active,2026-03-24T08:51:39Z,2026-03-24T08:51:39Z,2026-03-24T08:51:39Z
b-seeds,https://b-seeds.com/,https://b-seeds.com/,https://b-seeds.com/ch-rodotroublepartner,働き方支援の注目商材！「雇用クリーン企業」販売パートナー募集,,,,販売価格の35〜50％還元（月末締め翌月末払い）,無料,,全国 募集対象 法人・個人事業主・個人 初期費用 無料,法人・個人事業主・個人 初期費用 無料,2022年以降、ハラスメント窓口の設置が義務化され、企業の対応は「形式的な設置」から「実効性のある運用」へと移行しています。いま求められているのは、制度ではなく「現場で判断できる人材」の育成です。「雇用クリーン企業」は、ハラスメントや労務課題を未然に防ぐための資格取得支援サービス。組織マネジメントの質を高め、トラブルを未然に防ぐ仕組みを導入できます。社会的ニーズが継続的に拡大している分野のため、既,,,active,2026-03-24T08:48:35Z,2026-03-24T08:48:35Z,2026-03-24T08:48:35Z
b-seeds,https://b-seeds.com/,https://b-seeds.com/,https://b-seeds.com/ash-wesmo,充実の支援体制で未経験から参入できます！「決済サービス WESMO!」販売パートナー募集,,,,ご契約により手数料をお支払い,無料～,,全国 募集対象 法人 初期費用 無料～,法人 初期費用 無料～,"「WESMO!」（ウェスモ）は、JR西日本が提供する新しい決済サービスです。最大の特長は、JR西日本のポイントサービス「WESTER」と連携している点です。会員数1,000万人以上のWESTER会員が、店舗でポイントを「ためる・つかう」ことができるため、来店動機の創出やリピート促進につながり、集客・売上アップが期待できます。 その他、仕入先などへの送金にも活用できる点や、NFCタグを活用したスピー",,,active,2026-03-24T08:44:40Z,2026-03-24T08:44:40Z,2026-03-24T08:44:40Z
b-seeds,https://b-seeds.com/,https://b-seeds.com/,https://b-seeds.com/jvn-ledvison,充実サポートで新規開拓を支援する注目の映像商材！「LEDビジョン」紹介代理店募集,,,,成約した場合、手数料をお支払い,無料,,全国 募集対象 法人 初期費用 無料,法人 初期費用 無料,"「LEDビジョン」は、大型ディスプレイから3D動画まで対応可能なデジタルサイネージサービスです。商業施設や公共施設、企業様の看板など幅広い用途に活用されています。とくに、日差しの強い屋外でも視認性が高く、長寿命なため、安定した広告効果を提供できます。当サービスを含むデジタルサイネージ市場は急速に拡大しており、2027年には1,369億円に達すると予測されています​​。豊富な導入実績と高品質な製品で",,,active,2026-03-24T08:44:21Z,2026-03-24T08:44:21Z,2026-03-24T08:44:21Z
b-seeds,https://b-seeds.com/,https://b-seeds.com/,https://b-seeds.com/bl-homeone,先行特典付き注目商材！「BUBBLE LAB HOME ONE」販売代理店募集,,,,仕入・販売差益で粗利65％以上の収益,70万円（税込）～,,全国 募集対象 法人・個人事業主・個人 初期費用 70万円（税込）～,法人・個人事業主・個人 初期費用 70万円（税込）～,月間60万円〜700万円の収益が可能（販売スタイルにより変動）・副商材として導入：月間60万円～300万円の利益・メイン商材として展開：月間100万円～700万円の利益※契約条件に応じた卸価格を設定（詳細は商談時にご案内） 貴社の事業に適した販売チャネルを選択可能・訪問販売（住宅・リフォーム業界向け）・イベントプロモーション（商業施設・展示会など）・不動産業界（住宅購入特典として活用） 柔軟な販売,,,active,2026-03-24T08:52:50Z,2026-03-24T08:52:50Z,2026-03-24T08:52:50Z
b-seeds,https://b-seeds.com/,https://b-seeds.com/,https://b-seeds.com/en-gasuyanomadoguchi,光熱費削減で提案しやすい！「プロパンガス代削減 ガス屋の窓口」訪問販売パートナー募集,,,,ご契約件数に応じた手数料をお支払い,"66,000円（税込）",,"全国 募集対象 法人・個人事業主・個人 初期費用 66,000円（税込）","法人・個人事業主・個人 初期費用 66,000円（税込）",「ガス屋の窓口」は、LPガス料金を削減するために、プロパンガス会社変更を提案するサービスです。プロパンガス市場は自由化され、より安価なガス会社への変更が求められる中、弊社では約100社の提携ガス会社から最適なプランをお客様に提供します。プロパンガスの利用率は依然として高く、エネルギーコストを削減したいというニーズも強いため、非常に提案しやすい状況です。お客様には一切の費用が発生せず、20～30％の,,,active,2026-03-24T08:55:30Z,2026-03-24T08:55:30Z,2026-03-24T08:55:30Z
b-seeds,https://b-seeds.com/,https://b-seeds.com/,https://b-seeds.com/ee-townlife,入力だけで報酬獲得！「土地活用 タウンライフ」販売パートナー募集,,,,資料請求のみで報酬が発生します,49.5万円（税込）～,,全国 募集対象 法人・個人事業主・個人 初期費用 49.5万円（税込）～,法人・個人事業主・個人 初期費用 49.5万円（税込）～,不動産購入や土地活用、家づくり、空き家対策など、多彩なテーマに対応する「タウンライフ」は、資料請求型無料サービスとして非常に提案しやすいのが特長です。成約に至らなくても、ユーザーからの資料請求完了だけで報酬が発生するため、成果を出しやすいモデルとなっています。 訪問販売などのアウトバウンド販路でも利用可能で、営業スタイルに応じた柔軟な展開が可能です。顧客への訴求力も高く、クロージングの強い味方に。,,,active,2026-03-24T08:54:28Z,2026-03-24T08:54:28Z,2026-03-24T08:54:28Z
b-seeds,https://b-seeds.com/,https://b-seeds.com/,https://b-seeds.com/wu-dxassist,全国5万社導入のDX支援！「DX支援サービス DXアシスト」販売パートナー募集,,,,ご契約件数に応じた手数料をお支払い,"66,000円（税込）",,"全国 募集対象 法人 初期費用 66,000円（税込）","法人 初期費用 66,000円（税込）",「DXアシスト」は、企業のデジタル化・業務効率化・組織変革を支援する、DX導入サポートサービスです。中小企業から大手企業まで、DXの成熟度や課題に応じた適切な支援を行い、ツール導入から現場の定着支援、RPA・ERP構築までを一貫してサポート。「何から始めればいいか分からない」企業様に、安心してご利用いただけ、問題解決を伴走支援します。 当サービスは全国の中小企業を中心に、これまで5万社以上のIT・,,,active,2026-03-24T08:51:25Z,2026-03-24T08:51:25Z,2026-03-24T08:51:25Z
b-seeds,https://b-seeds.com/,https://b-seeds.com/,https://b-seeds.com/ac-yamadadenkikozi,全国のヤマダ電機催事で提案できる！「太陽光・蓄電池」催事販売パートナー募集,,,,販売件数に応じた手数料をお支払い,無料,,全国 募集対象 法人・個人事業主・個人 初期費用 無料,法人・個人事業主・個人 初期費用 無料,当ビジネスは、全国展開する大手家電量販店「ヤマダ電機」の各店舗にて、催事形式で出展・営業ができる仕組みをご提供しています。すでに多くの来店客がある環境で営業活動が可能なため、ゼロからの集客や飛び込み営業に比べて、遥かに効率的な営業展開が期待できます。 また、出展可能な店舗が全国規模であることから、地方拠点の企業様でも地元での活動ができ、交通費や移動の負担を抑えつつ、安定的に提案の機会を得ることが可,,,active,2026-03-24T08:45:57Z,2026-03-24T08:45:57Z,2026-03-24T08:45:57Z
b-seeds,https://b-seeds.com/,https://b-seeds.com/,https://b-seeds.com/cm-obis,全国対応の通信安定商材！「OBISバックアップSIM」販売代理店募集,,,,仕入価格と販売価格の差益,264万円(税込),,全国 募集対象 法人・個人事業主・個人 初期費用 264万円(税込),法人・個人事業主・個人 初期費用 264万円(税込),｢OBISバックアップSIM」は、ネットワークに障害が発生しても業務を止めないための回線冗長化サービスです。主回線にトラブルが起きた際、自動的にモバイルネットワークへ切り替わる仕組みを備えており、復旧後も自動で元の回線に戻ります。切替作業は一切不要で、誰も気づかないうちに業務が継続できるという安心感は、特にクラウドシステムを多用する現代の企業にとって大きな価値となります。 オンライン会議やPOSレ,,,active,2026-03-24T08:56:06Z,2026-03-24T08:56:06Z,2026-03-24T08:56:06Z
b-seeds,https://b-seeds.com/,https://b-seeds.com/,https://b-seeds.com/ngk-nichigaspartner,全国対応の電力商材！「ニチガス 電気・ガス」販売パートナー募集,,,,一部固定報酬の商材もございます,"55,000円（税込）～",,"全国 募集対象 法人・個人事業主・個人 初期費用 55,000円（税込）～","法人・個人事業主・個人 初期費用 55,000円（税込）～",「ニチガス 電気・ガス」は、安定したガス・電気供給を提供し、光熱費削減を実現できるサービスです。2016年の電力の小売り全面自由化や2017年の都市ガスの小売り自由化により、今エネルギー事業には大きなビジネスチャンスが到来しています。関東地域を中心に、ゼロ初期費用でスタートできるビジネスです。 当サービスは、ガスと電気の低価格を実現することで約200万戸のお客様にサービスを提供しています。（お客様,,,active,2026-03-24T08:44:14Z,2026-03-24T08:44:14Z,2026-03-24T08:44:14Z
b-seeds,https://b-seeds.com/,https://b-seeds.com/,https://b-seeds.com/ens-shindenryoku,全国対応の電力提案！「新電力（高圧・低圧）」販売パートナー募集,,,,獲得した電気契約が続く限り、安定的な収益を見込むことができます,無料,,全国（関西・九州ほか、一部地域を除く） 募集対象 法人・個人事業主・個人 初期費用 無料,法人・個人事業主・個人 初期費用 無料,物価高騰による経費の値上がりや国際情勢、円安などの外的要因により電気料金の負担が増えています。弊社のサービスでは、介護施設や工場など電気を多く利用しているの高圧契約から店舗／オフィスなどで利用されている低圧契約まで幅広くご提案いただけますので、電気料金負担増加の今、既存顧客へのプラスαの商材としてご活用ください。また、獲得いただいたお客さまの電気契約が続く限り収益が見込めますので、新規事業として大,,,active,2026-03-24T08:52:59Z,2026-03-24T08:52:59Z,2026-03-24T08:52:59Z
b-seeds,https://b-seeds.com/,https://b-seeds.com/,https://b-seeds.com/gn-googlekuchikomi,全国店舗に提案できる！「実店舗特化型 Googleクチコミ対策サービス」販売代理店募集,,,,ご契約料金の20％～をストックでお支払い,無料,あり,全国 募集対象 法人・個人事業主・個人 初期費用 無料,法人・個人事業主・個人 初期費用 無料,いまや多くの店舗が集客のカギと捉えている「Googleクチコミ」。検索順位や来店率、さらには売上にも直結するため、その対策は急務となっています。こうしたニーズに応えるのが、「Googleクチコミ対策サービス」です。クチコミの収集・管理・返信を効率的にサポートする本スキームは、すでに多くの代理店で成果を上げており、高く評価されています。 主力商品「クチコミッション」は自然な高評価投稿を促し、3か月で,,,active,2026-03-24T08:46:44Z,2026-03-24T08:46:44Z,2026-03-24T08:46:44Z
b-seeds,https://b-seeds.com/,https://b-seeds.com/,https://b-seeds.com/eg-allinonecreamst,全身に使える美容ケア！「oneオールインワンクリームST」販売店募集,,,,高保湿クリームとして高い需要が見込め、安定した収益を期待できます,無料,,全国 募集対象 法人 初期費用 無料,法人 初期費用 無料,「oneオールインワンクリームST」は、乾燥による小じわを目立たなくする効能評価試験済みの高保湿クリームです。のび～る、ユーグレナ配合、緑のつぶつぶ、という3つの秘密で、美容成分を角層のすみずみまで届けてしっとりなめらかな肌に整える商品です。今回、本商品の新規販売店様および卸代理店様を募集させていただくことになりました。 「oneオールインワンクリームST」は、5億年以上も前から生き続ける強い生命,,,active,2026-03-24T08:51:41Z,2026-03-24T08:51:41Z,2026-03-24T08:51:41Z
b-seeds,https://b-seeds.com/,https://b-seeds.com/,https://b-seeds.com/up-koatudenryoku,再エネで安定収益を実現！「法人向け 高圧電力」販売パートナー募集,,,,ご契約件数に応じた手数料をストックでお支払い,無料,あり,宮城県/山形県/福島県/栃木県/茨城県/群馬県/東京都 募集対象 法人・個人事業主・個人 初期費用 無料,法人・個人事業主・個人 初期費用 無料,「法人向け 高圧電力」は、実質的に再生可能エネルギーを活用した法人向けの高圧電力サービスです。市場連動型の電力供給により、特に日中や休日に電力消費が多い企業は、大幅なコスト削減が期待できます。また、実質再エネ比率10％または100％のプランを選択可能で、脱炭素経営を推進する企業にも最適です。多くの法人のコスト削減とSDGs貢献をサポートします。 弊社のパートナー制度では、契約後の電力供給に応じたス,,,active,2026-03-24T08:51:46Z,2026-03-24T08:51:46Z,2026-03-24T08:51:46Z
b-seeds,https://b-seeds.com/,https://b-seeds.com/,https://b-seeds.com/na-waterserver,再現性の高い営業スキル伝授！「ウォーターサーバー」対面販売代理店募集,,,,ご契約件数に応じた手数料をお支払い,55万円～110万円（税込）,,全国 募集対象 法人・個人事業主・個人 初期費用 55万円～110万円（税込）,法人・個人事業主・個人 初期費用 55万円～110万円（税込）,"弊社は、天然水や浄水型サーバーを中心に、ショッピングモールやイベント催事での対面販売を強みとし、消費者に直接“見て・触れて・体験して”もらえる販売手法で成果を上げています。 直営チームだけでも月間1,600台以上、グループ全体では月間5,000台の販売を達成しており、他社にはない高条件・高単価の取引が可能となっています。代理店様にも高水準のコミッションを還元できる体制が整っています。「売れる仕組み",,,active,2026-03-24T08:48:20Z,2026-03-24T08:48:20Z,2026-03-24T08:48:20Z
b-seeds,https://b-seeds.com/,https://b-seeds.com/,https://b-seeds.com/snc-nurosyuccho,出張営業で即収益化！「NURO光」出張販売パートナー募集,,,,高い成約単価と特典により高収益が期待できる,無料,,全国 募集対象 法人・個人事業主 初期費用 無料,法人・個人事業主 初期費用 無料,「NURO光」は、ソニーネットワークコミュニケーションズが提供する戸建て・低層階の集合住宅向けの光インターネットサービスです。 現在多くのサービスは下り最大1Gbpsが主流ですが、NURO光は下り最大通信速度2Gbpsという圧倒的な回線速度を実現しています。 今回、遠征によるNURO光の販売活動を検討いただけるご応募者様に対して、NURO光の売りやすさを体感していただくため、出張費用を一部負担させ,,,active,2026-03-24T08:53:10Z,2026-03-24T08:53:10Z,2026-03-24T08:53:10Z
b-seeds,https://b-seeds.com/,https://b-seeds.com/,https://b-seeds.com/ash-dmmdisney,初めてでも安心！「DMM×Disney+ セットプラン」販売パートナー様募集,,,,ご契約により手数料をお支払い,無料,,全国 募集対象 法人・個人事業主 初期費用 無料,法人・個人事業主 初期費用 無料,「DMM×Disney+ セットプラン」は、DMM TV（DMMプレミアム）とディズニープラスがセットになった、お得な定額視聴サービスです。映画・アニメ・ドラマ・2.5次元舞台など多彩なコンテンツが揃うDMM TVに、ディズニー、マーベル、ピクサー、スター・ウォーズなど世界的人気作品を提供するDisney+を加えた充実のラインアップとなっています。 初回登録時には、それぞれの月額料金と同額分のDM,,,active,2026-03-24T08:45:14Z,2026-03-24T08:45:14Z,2026-03-24T08:45:14Z
b-seeds,https://b-seeds.com/,https://b-seeds.com/,https://b-seeds.com/user-guide/,初めて代理店ドットコムを ご利用される方へ,,,,,,,,,代理店ドットコムは、新しくビジネスを始めるたい法人・個人事業主・個人の方のために、パートナーを募集中のビジネスを紹介しているポータルサイトです。 「代理店ビジネス」になじみがなくて、「どんな商材があるのかわからない」「どう選べばいいのかわからない」と感じている方も多いと思います。 代理店ドットコムでは、そんな方々にも便利にお使いいただけるように、さまざまな業種・ビジネスモデルの募集案件を選びやすく,,,active,2026-03-24T08:41:17Z,2026-03-24T08:41:17Z,2026-03-24T08:41:17Z
b-seeds,https://b-seeds.com/,https://b-seeds.com/,https://b-seeds.com/wr-omakaselp,初心者でも扱いやすいプロ品質のLPサービス！「おまかせLP制作」販売パートナー募集,,,,ご契約件数に応じた手数料をお支払い,無料,,埼玉県/群馬県/栃木県/愛知県/岐阜県/三重県 募集対象 法人・個人事業主・個人 初期費用 無料,法人・個人事業主・個人 初期費用 無料,「おまかせLP」は、月額定額でキャンペーン用LPをプロが制作・更新するサービスです。初期費用不要・更新無制限で、Webに不慣れな方でもヒアリングシートに答えるだけで簡単に依頼可能。美容・飲食・小売など幅広い業種に対応し、リピーター獲得にも効果的です。 このサービスではプロのデザイナーとライターがタッグを組んで、1ページずつ丁寧に制作を行っています。ヒアリングシートにご記入いただいた内容をもとに、構,,,active,2026-03-24T08:50:38Z,2026-03-24T08:50:38Z,2026-03-24T08:50:38Z
b-seeds,https://b-seeds.com/,https://b-seeds.com/,https://b-seeds.com/ons-dxtool,初心者も安心のDX商材！「DX支援ツール」販売代理店募集,,,,ご契約商材に応じて手数料をお支払い,無料,,全国 募集対象 法人、個人事業主、個人 初期費用 無料,法人、個人事業主、個人 初期費用 無料,「DX支援ツール」は、ITツールや国の制度変更に対応した製品をご提案できるビジネスです。近年の制度変更（インボイス制度、電子帳簿保存法、アルコールチェック義務化）に対応したシステムを多数取り揃えています。特に、企業が導入必須となる商品を多く扱うため、法人向けの商談チャンスが安定して得られます。また、補助金や助成金を活用することで、顧客の導入コストを抑え、より導入しやすい特長もございます。 当ビジネ,,,active,2026-03-24T08:46:10Z,2026-03-24T08:46:10Z,2026-03-24T08:46:10Z
b-seeds,https://b-seeds.com/,https://b-seeds.com/,https://b-seeds.com/ie-teraselsho,初期投資ゼロで収益化可能！「法人向け電力サービス TERASELでんき for Biz.」紹介代理店募集,,,,ご成約につきショット報酬をお支払い,無料,,全国 募集対象 法人・個人事業主・個人 初期費用 無料,法人・個人事業主・個人 初期費用 無料,「TERASELでんき for Biz.」は、伊藤忠エネクスが自ら小売電気事業者として、又は他小売電気事業者の媒介店として電力を提供する法人向けサービスです。対応エリアや電圧の幅が広いため、中小企業から大規模法人まで柔軟に対応可能で、料金体系もわかりやすく、企業様に安心してご利用いただけます。 電気というインフラを扱うため、業種を問わず提案可能で、既にBtoB営業ルートを持つ企業なら、そのネットワ,,,active,2026-03-24T08:55:56Z,2026-03-24T08:55:56Z,2026-03-24T08:55:56Z
b-seeds,https://b-seeds.com/,https://b-seeds.com/,https://b-seeds.com/ash-mobileorder,初期費ゼロで高収益化！「モバイルオーダー」トスアップパートナー募集,,,,獲得件数により手数料をお支払い,"198,000円（税込）",,"全国 募集対象 法人・個人事業主・個人 初期費用 198,000円（税込）","法人・個人事業主・個人 初期費用 198,000円（税込）",「モバイルオーダー」は、店舗などの注文・調理・配膳業務を一括管理し、業務効率化が期待できるサービスです。店舗様に合せて、モバイルやハンディなどでご注文業務ができるので、新人スタッフでもミスなく業務できます。店舗様は高機能POSレジを初期費用無料で導入できますので、パートナー様にとってもご提案しやすいサービスです。 当サービスはトスアップのみの営業ですので、手離れが良く取り組みやすい特長もございます,,,active,2026-03-24T08:49:29Z,2026-03-24T08:49:29Z,2026-03-24T08:49:29Z
b-seeds,https://b-seeds.com/,https://b-seeds.com/,https://b-seeds.com/lc-nawabari,初期費用0円の在宅起業！「バーチャルオフィス NAWABARI」販売パートナー募集,,,,成約１件につき報酬をお支払い,55万円（税込）～,,全国 募集対象 法人・個人事業主・個人 初期費用 55万円（税込）～,法人・個人事業主・個人 初期費用 55万円（税込）～,「NAWABARI」は、個人事業主やフリーランスに向けたバーチャルオフィスサービスで、特定商取引法に基づく住所公開問題を解決します。特にネットショップ運営者やインフルエンサーが自宅住所を公開せずに安心してビジネスを行える環境を提供しており、ニーズが高まっています。多くの行政や大手企業との提携を行い、信頼性のあるサービスを展開しており、業界No.1に選ばれた実績もあります。 「NAWABARI」は、,,,active,2026-03-24T08:46:52Z,2026-03-24T08:46:52Z,2026-03-24T08:46:52Z
b-seeds,https://b-seeds.com/,https://b-seeds.com/,https://b-seeds.com/fd-connectsho,初期費用ゼロ・在庫不要で始められる紹介ビジネス「法人向け モバイルWi-Fiサービス 5G CONNECT」紹介パートナー募集,,,,"ご契約1件につき2,000円～の手数料をお支払い",無料,,全国（一部地域を除く） 募集対象 法人 初期費用 無料,法人 初期費用 無料,「5G CONNECT」は、法人向けに提供される高性能モバイルWi-Fiサービスを、紹介するだけで収益化できるパートナーモデルを採用しています。最大の特長は、初期費用・在庫リスク・機材管理が一切不要で、紹介業務だけでビジネスに参加できる点です。端末の発送や契約後のカスタマー対応など、すべての運用業務は弊社が担当するため、パートナー様は顧客をご紹介いただくだけで完結します。 通信サービスは5G／4G,,,active,2026-03-24T08:55:24Z,2026-03-24T08:55:24Z,2026-03-24T08:55:24Z
b-seeds,https://b-seeds.com/,https://b-seeds.com/,https://b-seeds.com/fa-sonet,初期費用ゼロ・未経験OK！「法人向け光回線 So-net光」営業パートナー募集,,,,獲得件数に応じた手数料をお支払い,無料,,大阪府/兵庫県/京都府/奈良県 募集対象 法人・個人事業主・個人 初期費用 無料,法人・個人事業主・個人 初期費用 無料,営業や副業を始めるときに不安になるのが、初期費用やノルマの有無です。「費用をかけたのに成果が出ない」「ノルマに追われて疲れてしまう」といった声は少なくありません。 その点、弊社のパートナー制度は、初期費用・加盟金が一切不要。さらにノルマもゼロなので、始めやすく、自分のペースで活動できます。副業としても、本業にプラスして収入を得たい方にもおすすめです。 報酬は、お客様との電話でのやりとり後、「確認が,,,active,2026-03-24T08:41:45Z,2026-03-24T08:41:45Z,2026-03-24T08:41:45Z
b-seeds,https://b-seeds.com/,https://b-seeds.com/,https://b-seeds.com/sp-talklabel,制作・広告の価値を最大化する新商材！「LINE活用×CV計測ツール TalkLabel」販売代理店募集,,,,月額利用料の10％を継続してお支払い,無料,あり,全国 募集対象 法人 初期費用 無料,法人 初期費用 無料,「TalkLabel」は、広告クリックからLINE友だち追加、そして最終的な購入・成約までの導線を一気通貫で可視化できるツールです。これまでブラックボックス化しやすかったLINE経由の成果を、データとして明確に把握できます。 広告を出稿しているものの、「どの広告が本当に売上に貢献しているのか分からない」という企業は少なくありません。当サービスを導入することで、流入経路別の成果分析が可能となり、改善,,,active,2026-03-24T08:47:51Z,2026-03-24T08:47:51Z,2026-03-24T08:47:51Z
b-seeds,https://b-seeds.com/,https://b-seeds.com/,https://b-seeds.com/le-lemongus,副業でも収益化可能！「レモンガス」代理店パートナー募集,,,,ご契約件数に応じた手数料をお支払い,無料,,全国 募集対象 法人・個人事業主・個人 初期費用 無料,法人・個人事業主・個人 初期費用 無料,「レモンガス」は、LPガスをはじめ、都市ガス、電気、ウォーターサーバーなど多岐にわたる商品を販売できるビジネスです。複数のライフラインを一括で管理できるセット割の提案が大きな魅力となっています。また、料金体系の透明性と適正な価格設定により、信頼性が高く、多くの顧客から選ばれる理由となっています。初期費用がかからないため、代理店パートナーとしての参入ハードルも低く、多くの方にとって始めやすいビジネス,,,active,2026-03-24T08:43:09Z,2026-03-24T08:43:09Z,2026-03-24T08:43:09Z
b-seeds,https://b-seeds.com/,https://b-seeds.com/,https://b-seeds.com/tmr-usedpckaitori,副業でも始めやすい！「中古パソコン」買取パートナー募集,,,,手間なく収益化できるストック型モデル、パソコン1台から収益発生,22万円（税込）～,あり,東京都/神奈川県/埼玉県/千葉県 募集対象 法人・個人事業主・個人 初期費用 22万円（税込）～,法人・個人事業主・個人 初期費用 22万円（税込）～,「中古パソコン」は、古いパソコンや壊れているパソコンの買い取りを行うサービスです。処分費用などは一切かからず、出張買取や宅配買取などにも対応しています。パソコンの買取依頼にお困りのOA機器販売店・事務機器販売・不用品回収業者などに役立ち、すでに50社ほどの企業様とも提携しております。パソコンの専門知識がなくこれまで買取を断っていた業者様やパソコンの処分にお困りのお客様などに喜ばれるサービスです。,,,active,2026-03-24T08:45:23Z,2026-03-24T08:45:23Z,2026-03-24T08:45:23Z
b-seeds,https://b-seeds.com/,https://b-seeds.com/,https://b-seeds.com/ur-hozinkeitai,副業でも稼げる携帯商材！「ソフトバンク法人携帯」販売代理店募集,,,,1台につき4万円～,無料～,,全国 募集対象 法人・個人事業主・個人 初期費用 無料～,法人・個人事業主・個人 初期費用 無料～,「ソフトバンク法人携帯」は、法人向けソフトバンク携帯電話をお取り扱いできるビジネスです。ソフトバンクは全国的な知名度と信頼を誇る大手通信キャリア。その法人向けプランというだけで、お客様の反応もぐっと前向きになります。 個人プランよりお得な法人価格、1台から申込可能、個人事業主でも利用可能など、柔軟性のある設計になっているため、さまざまなお客様に合った提案が可能です。あなた自身の信頼や実績がまだなく,,,active,2026-03-24T08:44:23Z,2026-03-24T08:44:23Z,2026-03-24T08:44:23Z
b-seeds,https://b-seeds.com/,https://b-seeds.com/,https://b-seeds.com/cj-kasaihoken,副業で人気の保険商材！「火災保険申請サポート」代理店募集,,,,代理店様は1件あたりの申込紹介で報酬が得られ、月30万円?200万円の報酬実績あり,無料,,兵庫県 募集対象 法人・個人事業主・個人 初期費用 無料,法人・個人事業主・個人 初期費用 無料,中部住宅火災支援センターでは「火災保険申請サポート」を行っております。無料でご自宅を検査し修繕個所があれば火災保険の申請をお手伝いさせていただくサービスです。誰が見ても分かるような大きな損害がないと保険金の申請はできないと思っているお客様がほとんど。ところが実際は大半の家で申請さえすれば平均117万円の保険金を受け取ることができています。代理店様は当センターに見込み客をご紹介いただくだけ。コロナ禍,,,active,2026-03-24T08:48:43Z,2026-03-24T08:48:43Z,2026-03-24T08:48:43Z
b-seeds,https://b-seeds.com/,https://b-seeds.com/,https://b-seeds.com/sh-supporter,副業で稼げる営業支援！「顧客紹介マッチングサービス Saleshub」サポーター募集,,,,アポイント成立の件数に応じて報酬をお受け取りいただけます,55万円～110万円（税込）,,全国 募集対象 法人・個人事業主・個人 初期費用 55万円～110万円（税込）,法人・個人事業主・個人 初期費用 55万円～110万円（税込）,Saleshub(セールスハブ)は、新規開拓営業に課題を抱える企業を顧客紹介で支援することができるマッチングサービスです。 直近ではタクシーCMを開始し、テレビCMもスタート。日経新聞にも取り上げられるなど、メディアの注目度も高まりつつあるサービスです。 今回はぜひ、みなさまのお力をお借りしたく、Saleshubに掲載中の企業への営業支援を行っていただけるサポーターさまを募集させていただくこととな,,,active,2026-03-24T08:45:58Z,2026-03-24T08:45:58Z,2026-03-24T08:45:58Z
b-seeds,https://b-seeds.com/,https://b-seeds.com/,https://b-seeds.com/afl-questionnair,副業・未経験から始めやすい！「アンケートリサーチ」実施パートナー募集,,,,アンケートの実施件数や契約件数に応じて、手数料をお支払い,無料,,全国 募集対象 法人・個人事業主・個人 初期費用 無料,法人・個人事業主・個人 初期費用 無料,"「アンケートリサーチ」は、見込み顧客のニーズを事前に“可視化”することで、効率的かつ精度の高い営業活動を実現するサービスです。提案前に、企業の現状課題やその対策状況、さらに導入を検討しているサービスに関する情報をアンケートで収集。営業先となるのは、当社と取引のある約500社および提携パートナー企業約1,000社です。 アンケート内容は3ステップで構成されており、①企業が抱える課題、②既存の対策や未",,,active,2026-03-24T08:49:45Z,2026-03-24T08:49:45Z,2026-03-24T08:49:45Z
b-seeds,https://b-seeds.com/,https://b-seeds.com/,https://b-seeds.com/ss-joseikinconsaltos,助成金実績40億円以上！「助成金コンサルティング」トスアップパートナー募集,,,,獲得金額に応じた手数料をお支払い,無料,,全国 募集対象 法人 初期費用 無料,法人 初期費用 無料,この代理店制度は、紹介だけで収益化できるビジネスです。興味を持ちそうな企業や経営者をご紹介いただくだけで、そのあとの提案・契約・アフターフォローまではすべて弊社が対応します。クロージングの場面に立ち会う必要もなければ、専門知識を覚える必要もありません。 例えば「知り合いの会社が助成金を検討している」といった情報があれば、その場で連絡をつなぐだけでOK。その後のヒアリングや提案は、スマイルサークルの,,,active,2026-03-24T08:45:55Z,2026-03-24T08:45:55Z,2026-03-24T08:45:55Z
b-seeds,https://b-seeds.com/,https://b-seeds.com/,https://b-seeds.com/joseikin-shinsei,助成金申請で高収益！「助成金申請」販売パートナー募集,,,,低コストで高利益、簡単なトスアップで報酬獲得が可能,110万円（税込）,,全国 募集対象 法人・個人事業主・個人 初期費用 110万円（税込）,法人・個人事業主・個人 初期費用 110万円（税込）,他社にはない、上場企業ならではのサポート体制と累計1万社以上の国内トップクラスの申請実績が本サービスの特徴です。 貴社の稼働は受給条件が当てはまる企業のトスアップだけ！弊社の専門コンサルタントが年間を通じて丁寧にご案内し、受給までサポートさせて頂きます。手離れよく貴社サービスの販促にもつなげられるので、現場営業マンの強力な営業ツールとしてもご活用いただけます！ 「商材を買って下さい！」ではなく、「,,,active,2026-03-24T08:45:36Z,2026-03-24T08:45:36Z,2026-03-24T08:45:36Z
b-seeds,https://b-seeds.com/,https://b-seeds.com/,https://b-seeds.com/ts-aireskilling,効率営業で収益化！「生成AIリスキリング研修事業」取次代理店募集,,,,詳しくはお問い合わせください,無料,,東京都/神奈川県/埼玉県/千葉県 募集対象 法人・個人事業主・個人 初期費用 無料,法人・個人事業主・個人 初期費用 無料,「生成AIリスキリング研修事業」は、国の助成金制度を活用して企業の人材育成を支援する事業です。オンライン完結型のeラーニング形式で、生成AIの基礎から業務活用、アプリ開発まで幅広い内容を12ヶ月間学べます。厚生労働省の「人材開発支援助成金（リスキリング支援コース）」の対象で、最大75％の助成が受けられるため、実質負担は大幅に軽減されます。 講座は全業種・全職種に対応しており、導入実績も多数。サンプ,,,active,2026-03-24T08:43:55Z,2026-03-24T08:43:55Z,2026-03-24T08:43:55Z
b-seeds,https://b-seeds.com/,https://b-seeds.com/,https://b-seeds.com/kt-nuropos,効率営業で安定収益！「NURO光（マンション）」ポスティング・反響営業パートナー募集,,,,獲得件数に応じた報酬をお支払いします,無料～,,全国 募集対象 法人・個人事業主・個人 初期費用 無料～,法人・個人事業主・個人 初期費用 無料～,「NURO光（マンション）」は、小規模マンション（29戸以下）に焦点を当て、低コストで高速なインターネット接続を提供するサービスです。以前のプランと比較しても、月額費用が大幅に引き下げられているため、より多くの物件にアプローチすることが可能です。 ポスティングを基軸にした反響営業スタイルを採用し、効率的な営業活動を実現できるため、ターゲット物件を精査し、適切に配布することで2～7％の反響率が見込ま,,,active,2026-03-24T08:47:19Z,2026-03-24T08:47:19Z,2026-03-24T08:47:19Z
b-seeds,https://b-seeds.com/,https://b-seeds.com/,https://b-seeds.com/dm-doganomanabiya,動画教育で稼げる商材！「オンライン動画制作スクール 動画の学び舎」販売代理店募集,,,,1件獲得につき10万円の手数料をお支払い,22万円（税込）,,全国 募集対象 法人 初期費用 22万円（税込）,法人 初期費用 22万円（税込）,「動画の学び舎」は、企業や個人が自社内で動画制作スキルを習得できるオンラインスクールです。動画市場の急成長に伴い、動画活用のニーズが高まる一方で、外注費の高騰や専門人材の確保が課題となっています。当スクールは、オンラインとライブ授業を組み合わせた「自動車学校型」スタイルを採用し、初心者から上級者までスキルアップが可能です。また、いつでも入講・受講・卒業できる仕組みを導入し、動画制作の基礎から実践ま,,,active,2026-03-24T08:54:00Z,2026-03-24T08:54:00Z,2026-03-24T08:54:00Z
b-seeds,https://b-seeds.com/,https://b-seeds.com/,https://b-seeds.com/sr-machimiru,医療DXの人気商材！「順番管理システム まちみる」紹介代理店募集,,,,ご契約で3万円の手数料をお支払い,無料,,全国（一部地域を除く） 募集対象 法人・個人事業主・個人 初期費用 無料,法人・個人事業主・個人 初期費用 無料,「まちみる」は、お客様・患者様の待ち時間を見える化できる順番管理システムです。いつ呼ばれるのかわからない、という患者様の不満を解消し、モニターやスマホから順番確認できます。すでに全国約800の医療機関・薬局で導入いただいた実績があり、ご契約いただける3万円の報酬をお支払いします。 これまで病院などの待合室には患者様があふれており、いつ呼ばれるかわからないストレスが多くありました。当システムでは順番,,,active,2026-03-24T08:50:36Z,2026-03-24T08:50:36Z,2026-03-24T08:50:36Z
b-seeds,https://b-seeds.com/,https://b-seeds.com/,https://b-seeds.com/sp-sponlineclinic,医療業界FCで安定収益！「SPオンラインクリニック」フランチャイズオーナー募集,,,,獲得件数に応じた手数料をお支払い,"155,000円（税込）",,"全国 募集対象 法人・個人事業主・個人 初期費用 155,000円（税込）","法人・個人事業主・個人 初期費用 155,000円（税込）",「SPオンラインクリニック」は、AGA（男性型脱毛症）治療を中心としたオンライン診療プラットフォームです。近年、オンライン診療とAGA治療の需要が拡大しており、弊社のフランチャイズ制度では、主にWEB集客と在庫管理を担当するだけで、手間なくクリニック運営をスタートできます。オンライン診療の仕組みを活用することで、医療業界未経験でも参入しやすく、安定した収益を目指せます。 当サービスのフランチャイズ,,,active,2026-03-24T08:46:18Z,2026-03-24T08:46:18Z,2026-03-24T08:46:18Z
b-seeds,https://b-seeds.com/,https://b-seeds.com/,https://b-seeds.com/mz-belt,医療現場でも使われる国際特許取得の温熱ベルトが人気！「暖ベルト」販売代理店募集,,,,"年商1,000万円超の代理店様も存在、高収益が見込める",550万円（税込）～,,全国 募集対象 法人 初期費用 550万円（税込）～,法人 初期費用 550万円（税込）～,「暖ベルト」は、遠赤外線を活用した温熱ベルトです。遠赤外線の一種である育成光線を輻射することで、体の芯からじんわりと温めます。輻射に利用するおひさまシート（炭素繊維面状シート）は国際特許取得済みの独自技術です。遠赤外線は医療現場でも活用されており、温熱治療として取り入れています。 当商品は充電式バッテリーを内蔵した、コードレス仕様です。軽量タイプのバッテリーなので外出先でも着用でき、お腹・腰・肩な,,,active,2026-03-24T08:47:31Z,2026-03-24T08:47:31Z,2026-03-24T08:47:31Z
b-seeds,https://b-seeds.com/,https://b-seeds.com/,https://b-seeds.com/sr-kaigoyobottle,医療現場向け必須商材！「看護・介護向け洗体ボトル」販売代理店募集,,,,仕入価格と販売委価格の差益,55万円～110万円（税込）,,全国 募集対象 法人・個人事業主・個人 初期費用 55万円～110万円（税込）,法人・個人事業主・個人 初期費用 55万円～110万円（税込）,「看護・介護向け洗体ボトル」は、患者様や介助者様の体を洗う際にご使用いただける洗体ボトルです。これまでに26万本を超える出荷実績があり、医療現場・介護現場の必須アイテムとして、ご使用いただいております。昨今の日本では要介護認定者が増加傾向ですので、多くの現場で役に立つ商材となっております。 当商材は病院を中心に、介護施設や老人ホームなどにご提案いただけます。かゆいところに手が届く商材ですので、一度,,,active,2026-03-24T08:50:27Z,2026-03-24T08:50:27Z,2026-03-24T08:50:27Z
b-seeds,https://b-seeds.com/,https://b-seeds.com/,https://b-seeds.com/mz-medicalmat,医療現場推奨商材！「遠赤外線ヒーター メディカルマット」販売代理店募集,,,,1台あたり数万円～十万円超の高単価で、高収益を狙えるビジネス,50万円（税込）,,全国 募集対象 法人 初期費用 50万円（税込）,法人 初期費用 50万円（税込）,「遠赤外線ヒーター メディカルマット」は、特許技術使用の医療機関向け温熱マットです。遠赤外線の力で深部体温に直接アプローチすることで、血流を改善して美容・健康だけでなくがん治療としても注目されています。がん治療の権威として知られている医師の監修のもと生まれた製品をご家庭にもご提案いただければ幸いです。 「温活」といわれるように、体温を1度上げると血流改善により免疫力アップや基礎代謝アップなど様々な,,,active,2026-03-24T08:45:16Z,2026-03-24T08:45:16Z,2026-03-24T08:45:16Z
b-seeds,https://b-seeds.com/,https://b-seeds.com/,https://b-seeds.com/eg-injection,即効型リンクル美容液登場！「気になるほうれい線に CONCリンクルインジェクション」販売店募集,,,,販売価格と仕入価格の差益,"155,000円（税込）",,"全国 募集対象 法人・個人事業主・個人 初期費用 155,000円（税込）","法人・個人事業主・個人 初期費用 155,000円（税込）",「CONCリンクルインジェクション」は、ミドリムシ（ユーグレナ）由来の独自成分を配合したエイジングケア美容液です。目もとや口もとなど年齢サインに直接アプローチし、即効的なハリ・潤い効果を実感できます。 特に、シワが気になる部分に3種のヒアルロン酸を“手軽に・痛みなく”注入できる点が大きな魅力で、多くのお客様にとって最も重要で刺さっているポイントです。従来のケアでは得られなかった「手軽さ」と「確かな,,,active,2026-03-24T08:52:02Z,2026-03-24T08:52:02Z,2026-03-24T08:52:02Z
b-seeds,https://b-seeds.com/,https://b-seeds.com/,https://b-seeds.com/ex-rakurakudenkilight,即送電対応の新電力！「楽々でんきライトシンプルプラン」販売代理店募集,,,,獲得件数に応じた手数料をお支払いいたします,55万円～110万円（税込）,,全国 募集対象 法人 初期費用 55万円～110万円（税込）,法人 初期費用 55万円～110万円（税込）,"弊社の代理店様の中には3,500万円以上の報酬を獲得した企業様もおり、高い収益性もございます。当サービスは市場性も高く、高いニーズも期待できます。電気料金にお悩みのお客様の関心が高く、ご提案に興味を持っていただけます。 弊社の代理店様の中には3,500万円以上の報酬を獲得した企業様もおり、高い収益性もございます。当サービスは市場性も高く、高いニーズも期待できます。電気料金にお悩みのお客様の関心が高",,,active,2026-03-24T08:55:09Z,2026-03-24T08:55:09Z,2026-03-24T08:55:09Z
b-seeds,https://b-seeds.com/,https://b-seeds.com/,https://b-seeds.com/wu-hookshozai,受注率UPの人気商材！「話題のフック商材パッケージ」販売パートナー募集,,,,獲得した成果に応じて報酬を受け取れます,無料,,全国 募集対象 法人・個人事業主 初期費用 無料,法人・個人事業主 初期費用 無料,「話題のフック商材パッケージ」は、フック商材として最新の商材をお取り扱いいただけるパッケージです。スマホやタブレットを充電できるモバイルバッテリーシェアリングサービスのHESTA CHARGE・Googleの地図検索を活用したMEOオートマチック・助成金や補助金の支援を行うコンサルティングの3つの商材をお取り扱いいただけます。 いずれも受注率が高く、今の時代に合った商材です。フック商材として、新規,,,active,2026-03-24T08:44:19Z,2026-03-24T08:44:19Z,2026-03-24T08:44:19Z
b-seeds,https://b-seeds.com/,https://b-seeds.com/,https://b-seeds.com/ss-joseikinconsal,受給総額40億円超の社労士グループが支援する！「助成金コンサルティング」加盟店募集,,,,獲得金額に応じた手数料をお支払い,無料,,全国 募集対象 法人・個人事業主 初期費用 無料,法人・個人事業主 初期費用 無料,弊社の代理店制度では、1件の成約で50万円以上の高額報酬が得られる可能性があります。少ない件数でも大きな収益を確保できる点が大きな魅力です。 従来の代理店活動は、数十件・数百件の契約を積み重ねて初めて十分な利益が得られるケースが多く、労力に見合わないと感じる方も少なくありません。しかし、弊社では「少数精鋭」でしっかり成果を得られる仕組みが整っているため、副業として取り組む方や、本業で時間を効率的に,,,active,2026-03-24T08:48:08Z,2026-03-24T08:48:08Z,2026-03-24T08:48:08Z
b-seeds,https://b-seeds.com/,https://b-seeds.com/,https://b-seeds.com/fi-meoservice,口コミ対策×AI運用のMEOサービス！「MEO Next-AI」販売代理店募集,,,,売上より諸経費を差し引いた金額,"11,000円（税込）",,"全国（関西・九州ほか、一部地域を除く） 募集対象 法人・個人事業主・個人 初期費用 11,000円（税込）","法人・個人事業主・個人 初期費用 11,000円（税込）",MEO対策は専門知識や継続的な運用が必要だと思われがちです。しかし当モデルでは、代理店様の役割は「アポイントの獲得」まで。商談のクロージングから導入後の運用、口コミ返信、投稿管理、分析レポートまでを本部が一括対応します。 ITの専門知識がなくても問題なく、営業に集中できる体制が整っているため、人員を増やさずに新しい収益軸を持つことが可能です。既存商材とのセット提案もしやすく、負担を増やさずに事業領,,,active,2026-03-24T08:42:11Z,2026-03-24T08:42:11Z,2026-03-24T08:42:11Z
b-seeds,https://b-seeds.com/,https://b-seeds.com/,https://b-seeds.com/cm-voicex,品質×クラスA音声！通信キャリア自社開発クラウドPBX「VoiceX」販売パートナー募集,,,,獲得件数に応じた手数料をお支払い,264万円(税込),,全国 募集対象 法人・個人事業主・個人 初期費用 264万円(税込),法人・個人事業主・個人 初期費用 264万円(税込),「VoiceX」は、通話・FAX・IVRなどをクラウド上で提供する次世代型クラウドPBXサービスです。会社の電話番号やFAX番号をクラウド化することで、在宅勤務中でも、外出先でも、全国どこからでもビジネス電話が使える環境を実現します。スマートフォンやPCに専用アプリを入れるだけで、会社の代表番号を使った発着信やFAXの送受信が可能になり、物理的なオフィスに縛られない柔軟な働き方が可能です。 また回,,,active,2026-03-24T08:55:31Z,2026-03-24T08:55:31Z,2026-03-24T08:55:31Z
b-seeds,https://b-seeds.com/,https://b-seeds.com/,https://b-seeds.com/ahd-prfuhyouoem,唯一無二の広告手法で差別化を実現！「PR＆風評対策サービス」OEMパートナー募集,,,,販売価格－卸価格,"11,000円（税込）",,"全国 募集対象 法人・個人事業主 初期費用 11,000円（税込）","法人・個人事業主 初期費用 11,000円（税込）",従来のWeb広告は、バナーやリスティングなど「広告」として認識されやすく、クリック率やコンバージョンに課題を抱えるケースも少なくありません。そこで注目されているのが、検索エンジンの「サジェスト欄」に企業名やサービス名を表示させる新たな広告手法です。 この施策では、ユーザーがキーワードを入力した際に表示される候補（サジェスト）に貴社のブランド名を自然に露出させることが可能になります。あくまで検索結果,,,active,2026-03-24T08:48:37Z,2026-03-24T08:48:37Z,2026-03-24T08:48:37Z
b-seeds,https://b-seeds.com/,https://b-seeds.com/,https://b-seeds.com/bn-vartix,唯一無二の高級時計を販売！「メンズラグジュアリー腕時計ブランド VARTIX」販売代理店募集,,,,販売手数料とコンサルティングフィー（紹介料）,無料,,全国 募集対象 法人・個人事業主・個人 初期費用 無料,法人・個人事業主・個人 初期費用 無料,「VARTIX」（バティックス）は、機械式腕時計を中心としたメンズ向けラグジュアリーブランドです。最大の特長は、世界中から厳選した希少なムーブメントを採用している点。日本製・スイス製はもちろん、希少なアンティークムーブメントも取り入れ、他にはない本格志向の逸品を展開しています。また、供給数をあえて制限することで、希少性とプレミアム感を維持。二次流通でも価値が上がるほどのブランド力を持っています。デ,,,active,2026-03-24T08:47:41Z,2026-03-24T08:47:41Z,2026-03-24T08:47:41Z
b-seeds,https://b-seeds.com/,https://b-seeds.com/,https://b-seeds.com/wu-futuresearch,営業DXで成果倍増！「営業支援ツール Future Search」代理店募集,,,,代理店として新規顧客を獲得し、反響率向上とコスト削減を実現し、売上増加を期待,無料,,全国 募集対象 法人・個人事業主・個人 初期費用 無料,法人・個人事業主・個人 初期費用 無料,「Future Search」（ヒューチャーサーチ）は法人リスト作成からお問い合わせ営業までをワンストップで行える営業支援ツールです。 探していた顧客像とマッチした法人リストが獲得できるビジネスサーチ、一次アプローチを代行するコンタクトアシスト、手持ちのリストの情報を最新化するデータプラスの3つの機能で営業の効率化を可能にします。現在、弊社では全国で「Future Search」をご紹介いただける,,,active,2026-03-24T08:42:34Z,2026-03-24T08:42:34Z,2026-03-24T08:42:34Z
b-seeds,https://b-seeds.com/,https://b-seeds.com/,https://b-seeds.com/wu-aiseminar,営業も提案も不要！集客だけで収益化！「AIセミナー集客」パートナー募集,,,,ご契約件数に応じた手数料をお支払い,無料,,全国 募集対象 法人・個人事業主 初期費用 無料,法人・個人事業主 初期費用 無料,「AIセミナー集客」は、AIに関心を持つ企業や個人事業主をご紹介いただき、弊社セミナーへご案内いただくことが主な業務となります。パートナー様が行うのは“集客のみ”。その後の提案、商談、クロージングはすべて弊社が対応いたします。 また、セミナーで紹介するAIサービスは30種類以上。営業支援、採用効率化、業務自動化など、多岐にわたる用途に対応したパッケージを取り揃えており、さまざまな業種・業態のニーズ,,,active,2026-03-24T08:54:50Z,2026-03-24T08:54:50Z,2026-03-24T08:54:50Z
b-seeds,https://b-seeds.com/,https://b-seeds.com/,https://b-seeds.com/wu-jinbaflow,営業を効率化しながら収益も伸ばす！「AIエージェント Jinbaflow」販売パートナー募集,,,,ご契約件数に応じた手数料をお支払い,無料,,全国 募集対象 法人 初期費用 無料,法人 初期費用 無料,営業活動は「探す」「作る」「送る」という複数の工程で成り立っています。しかし実際には、その一つひとつが手作業で行われ、多くの時間と労力を消費しています。特に中小企業では、人手不足がボトルネックになり、アプローチが止まってしまうことも少なくありません。 「Jinbaflow」（ジンバフロー）は、検索・リスト生成・メールやFAX送信までを自動で実行します。人が行うのは条件指定のみ。あとはAIが継続的に,,,active,2026-03-24T08:51:38Z,2026-03-24T08:51:38Z,2026-03-24T08:51:38Z
b-seeds,https://b-seeds.com/,https://b-seeds.com/,https://b-seeds.com/jvn-ledvisonhanbai,営業サンプル付きで提案しやすい高品質LEDビジョン商材！「LEDビジョン」販売代理店募集,,,,成約した場合、手数料をお支払い,110万円（税込）,,全国 募集対象 法人・個人事業主・個人 初期費用 110万円（税込）,法人・個人事業主・個人 初期費用 110万円（税込）,「LEDビジョン」は、大型ディスプレイから3D動画まで対応可能なデジタルサイネージサービスです。商業施設や公共施設、企業様の看板など幅広い用途に活用されています。代理店様には、商品知識や販売スキルの研修はもちろん、現地での設置指導や技術サポートなどを提供します。豊富な導入実績と高品質な製品で、安定した顧客獲得と収益アップが期待できます。 当サービスは日差しの強い屋外でも視認性が高く、長寿命なため、,,,active,2026-03-24T08:51:17Z,2026-03-24T08:51:17Z,2026-03-24T08:51:17Z
b-seeds,https://b-seeds.com/,https://b-seeds.com/,https://b-seeds.com/wu-jdnetforsales,営業ノウハウを外部化！次世代型営業支援を実現！「営業支援サービス JDnet」パートナー募集,,,,ご契約件数に応じた貴社の収益,無料,,全国（一部地域を除く） 募集対象 法人 初期費用 無料,法人 初期費用 無料,現在、多くの中小企業が直面しているのが「人手不足」と「営業活動の継続」の両立です。採用活動を強化しようにも人材市場は競争が激化し、特に営業職の確保は困難を極めています。そこで注目されているのが、人的リソースに依存せず営業活動を推進できる仕組み「JDネット」です。 当サービスは、営業活動を外部化しながらも、成果を出し続けることを目的とした次世代型の顧客開拓支援サービスです。単なる営業代行ではなく、戦,,,active,2026-03-24T08:52:45Z,2026-03-24T08:52:45Z,2026-03-24T08:52:45Z
b-seeds,https://b-seeds.com/,https://b-seeds.com/,https://b-seeds.com/ps-fondeskivr,営業先多数！今の時代にピッタリの商材です！「電話自動応答サービス fondesk IVR」紹介パートナー募集,,,,ご紹介のみでも報酬が発生します,無料,,全国 募集対象 法人 初期費用 無料,法人 初期費用 無料,店舗やサロンでは、接客中や施術中の電話応対に悩まされることが多くあります。「fondesk IVR」は、そんな中小・ベンチャー企業の悩みを解決するための自動音声応答サービスです。 「fondesk IVR」は、電話に出られないタイミングでも自動で応答し、あらかじめ設定されたシナリオに沿って、お客様を適切に案内します。例えば「営業時間の案内」「予約の変更受付」「よくある質問への回答」など、シンプルな,,,active,2026-03-24T08:49:23Z,2026-03-24T08:49:23Z,2026-03-24T08:49:23Z
b-seeds,https://b-seeds.com/,https://b-seeds.com/,https://b-seeds.com/mr-deliverypar,営業力を活かして収益を広げる！「フードデリバリーサービス」販売パートナー募集,,,,獲得件数に応じた手数料をお支払い,無料,,全国 募集対象 法人・個人事業主・個人 初期費用 無料,法人・個人事業主・個人 初期費用 無料,世界中で利用されている大手フードデリバリーサービスは、飲食業界においてすでに広く知られている存在です。多くのユーザーに利用されているサービスであるため、飲食店オーナーにとっても認知度が高く、営業時の説明がスムーズに進みやすいという特徴があります。 知名度のあるサービスを扱えることは、営業活動において大きな強みとなります。まだ認知されていない商材の場合、サービスの理解から始める必要がありますが、既に,,,active,2026-03-24T08:52:29Z,2026-03-24T08:52:29Z,2026-03-24T08:52:29Z
b-seeds,https://b-seeds.com/,https://b-seeds.com/,https://b-seeds.com/c-maker,営業効率化の必需品！「コンタクトメーカー」パートナー募集,,,,初期費用＋月額利用料の一部が紹介手数料として還元される継続型報酬モデル,"99,000円（税込）",あり,"全国 募集対象 法人・個人事業主・個人 初期費用 99,000円（税込）","法人・個人事業主・個人 初期費用 99,000円（税込）",中小企業庁の調査によると76.2％もの企業が既存営業に時間を取られていて、新規開拓が疎かになっていることが分かっています。実際に営業先をインターネットで検索したら、どんなに早くても1時間で数10件しかリストが作れません。リストを作ってからが電話営業やDMなど本当の営業活動ですから、どれだけ多くの時間を非生産的なリスト作りに費やしているか分かりません。弊社の「コンタクトメーカー」はこうした課題を解決,,,active,2026-03-24T08:45:18Z,2026-03-24T08:45:18Z,2026-03-24T08:45:18Z
b-seeds,https://b-seeds.com/,https://b-seeds.com/,https://b-seeds.com/ds-bpaas,営業支援を“実行まで”提供したい法人様へ！「AI×人のハイブリッド営業支援 BPaaS」紹介パートナー募集,,,,ご紹介いただいたお客様が契約に至った場合に、 初期費用・月額利用料金の10%~を手数料としてお支払い ※該当のお客様がサービス利用中の場合は、継続的にお支払いします,無料,あり,全国 募集対象 法人・個人事業主 初期費用 無料,法人・個人事業主 初期費用 無料,営業組織の成長を妨げる大きな要因の一つが「属人化」です。成果が特定の担当者の経験やスキルに依存してしまうと、売上は安定せず、担当者の退職や異動によって一気にパフォーマンスが落ちてしまうリスクもあります。また、成功事例が仕組みとして共有されなければ、組織全体の底上げは難しくなります。 「BPaaS」では、AIと人のハイブリッド運用によって、この課題を根本から解決します。AIが受付突破や再コールなどの,,,active,2026-03-24T08:53:57Z,2026-03-24T08:53:57Z,2026-03-24T08:53:57Z
b-seeds,https://b-seeds.com/,https://b-seeds.com/,https://b-seeds.com/kt-suisui,営業未経験でも安心！「飲食店向けファストパスサービス SuiSui」開拓代理店募集,,,,契約締結時と売上3万円超え時の2段階支払い,無料,,大阪府/兵庫県/京都府/岡山県/徳島県/香川県/石川県/福井県 募集対象 法人・個人事業主・個人 初期費用 無料,法人・個人事業主・個人 初期費用 無料,「営業は初めてで不安…」という方でも、弊社の代理店制度なら安心して始められます。実際の契約業務やクロージングは本社や運営元が対応するため、代理店様が行うのは「商談の了承を得る」まででOK。興味を持った飲食店にサービスを紹介し、了承をもらったら、専用フォームで情報を送るだけというシンプルな流れです。 紹介後のやり取りや契約手続きはすべて本部が担当するため、営業に自信がない方でも始めやすく、副業として,,,active,2026-03-24T08:47:27Z,2026-03-24T08:47:27Z,2026-03-24T08:47:27Z
b-seeds,https://b-seeds.com/,https://b-seeds.com/,https://b-seeds.com/wu-aifollowmeishi,営業機会損失をゼロにする！「名刺フォローAI」販売パートナー募集,,,,ご契約件数に応じた手数料をお支払い,55万円～110万円（税込）,,全国 募集対象 法人・個人事業主・個人 初期費用 55万円～110万円（税込）,法人・個人事業主・個人 初期費用 55万円～110万円（税込）,「名刺フォローAI」は、名刺をスマートフォンで撮影するだけで約20秒で登録が完了し、AIが情報を自動解析して営業用の“詳細カルテ”を生成するサービスです。翌日のお礼連絡から中長期フォローまでを自動設計し、相手に合わせた自然な文章で継続連絡を行います。人の記憶や努力に頼らず、名刺交換を長期的な営業資産へと変え、機会損失を防ぎながら関係構築を仕組み化できる点が大きな特長です。 営業は、タイミングと情報,,,active,2026-03-24T08:54:53Z,2026-03-24T08:54:53Z,2026-03-24T08:54:53Z
b-seeds,https://b-seeds.com/,https://b-seeds.com/,https://b-seeds.com/no-gyomuitaku,営業経験を活かして、安定独立を目指す方へ！「TVアンテナの修理・新規設置」業務委託パートナー募集,,,,売上から諸経費を差し引いた金額の70％をお支払い,70万円（税込）～,,全国 募集対象 法人・個人事業主・個人 初期費用 70万円（税込）～,法人・個人事業主・個人 初期費用 70万円（税込）～,独立を考えたとき、多くの方が不安に感じるのが「案件を継続的に獲得できるか」という点ではないでしょうか。営業経験があっても、広告出稿や見込み客探しまで自分一人で行うのは、時間的にも費用的にも大きな負担になります。 弊社の業務委託パートナー制度では、Web広告や既存ルートからの集客を本部が担当します。パートナー様には、提供された案件へのアポイント取得、訪問、提案、施工を行っていただきます。飛び込み営業,,,active,2026-03-24T08:44:59Z,2026-03-24T08:44:59Z,2026-03-24T08:44:59Z
b-seeds,https://b-seeds.com/,https://b-seeds.com/,https://b-seeds.com/cn-myanmarbpo,営業経験を活かして継続報酬を得られる！「ミャンマー人材を活用したBPOサービス」紹介代理店募集,,,,ご契約金額の1か月分をお支払い ※契約後、ユーザー様の3ヵ月利用実績の平均,無料,あり,大阪府/京都府/兵庫県/奈良県/滋賀県/和歌山県 募集対象 法人 初期費用 無料,法人 初期費用 無料,「ミャンマー人材を活用したBPOサービス」は、ミャンマーの優秀な人材を活用し、企業の業務プロセスを遠隔で遂行するサービスです。特長は、単純作業にとどまらず、EC運営・CAD作図・鉄筋積算・不動産間取り図作成・画像加工・電子書籍化など、幅広く複雑な業務に対応できる点にあります。 現地には日本語対応可能なスタッフを中心に専用チームを編成し、属人化の回避や業務継続性を確保しています。さらに、現地のIT学,,,active,2026-03-24T08:42:09Z,2026-03-24T08:42:09Z,2026-03-24T08:42:09Z
b-seeds,https://b-seeds.com/,https://b-seeds.com/,https://b-seeds.com/al-softbankset,営業経験ゼロでもOK！「ソフトバンク光スマホセット割」紹介代理店募集,,,,獲得件数に応じた手数料をお支払い,550万円（税込）～,,全国 募集対象 法人 初期費用 550万円（税込）～,法人 初期費用 550万円（税込）～,"ソフトバンク光は、オフィスや店舗のインターネット回線としてだけでなく、ソフトバンクのスマートフォンやタブレットと組み合わせることで、通信コストの大幅な削減が可能なサービスです。特に法人・個人事業主を対象にした「おうち割 光セット」。スマートフォンやデータ端末とソフトバンク光を同時に契約することで、1回線あたり毎月最大1,000円の割引が適用され、最大10回線まで対応可能です。 この割引は、例えば5",,,active,2026-03-24T08:50:49Z,2026-03-24T08:50:49Z,2026-03-24T08:50:49Z
b-seeds,https://b-seeds.com/,https://b-seeds.com/,https://b-seeds.com/ds-tereapoai,国内初！トップ営業レベルの”受付突破”をAIが代行する電話ツール「テレアポAI」紹介パートナー募集,,,,ご紹介いただいたお客様が契約に至った場合に、 初期費用・月額利用料金の10%~を手数料としてお支払い ※該当のお客様がサービス利用中の場合は、継続的にお支払いします,55万円～110万円（税込）,あり,全国 募集対象 法人 初期費用 55万円～110万円（税込）,法人 初期費用 55万円～110万円（税込）,営業支援の現場では、「受付で止まってしまう」という課題は想像以上に大きな壁になります。どれだけ良い商材や提案力があっても、担当者につながらなければ価値は届きません。 「テレアポAI」は、この“受付突破”を自動化する営業電話ツールです。実際の営業担当者のトークスクリプトと音声を活用し、自然な応対で取次依頼までを代行。営業担当者は、担当者につながった通話のみに集中できます。 パートナー様にとっては、「,,,active,2026-03-24T08:55:33Z,2026-03-24T08:55:33Z,2026-03-24T08:55:33Z
b-seeds,https://b-seeds.com/,https://b-seeds.com/,https://b-seeds.com/bb-cloud,国産クラウドで安定収益！「国産クラウドサービス BitoB Cloud」OEM代理店募集,,,,利益率30％～50％,無料,,全国 募集対象 法人・個人事業主 初期費用 無料,法人・個人事業主 初期費用 無料,「BitoB Cloud」は、社内データ共有を円滑にしながらDX推進を支える国産オンラインストレージです。ユーザー数無制限、電子帳簿保存法への対応、そしてPPAP対策機能を備え、中小企業の業務効率化を強力にサポートします。 OA機器販売業や建設業、小売業など、幅広い業種で導入実績があり、顧客満足度の高い商品です。他社サービスと比較しても、操作の簡便さやサポートの充実度で優位性があります。 弊社の代,,,active,2026-03-24T08:54:25Z,2026-03-24T08:54:25Z,2026-03-24T08:54:25Z
b-seeds,https://b-seeds.com/,https://b-seeds.com/,https://b-seeds.com/le-aquaclala,在宅OKの人気ウォーター商材！「アクアクララ」販売パートナー募集,,,,お申込み件数に応じた手数料をお支払い,66万円（税込）,,全国 募集対象 法人・個人事業主・個人 初期費用 66万円（税込）,法人・個人事業主・個人 初期費用 66万円（税込）,副業やスキマ時間を活かした働き方が注目される中、「やってみたいけど営業ノルマが心配…」という声もよく耳にします。アクアクララの代理店制度では、そのような心配はいりません。営業成績に応じたプレッシャーをかけるようなノルマ制度はなく、あなたのペースで活動できるのが特長です。 もちろん「このくらいの収益を目指したい」という目標がある方には、実現に向けたサポートを行いますが、それもご希望ベース。無理に追い,,,active,2026-03-24T08:42:40Z,2026-03-24T08:42:40Z,2026-03-24T08:42:40Z
b-seeds,https://b-seeds.com/,https://b-seeds.com/,https://b-seeds.com/ls-chukohanbai,在宅でも始められる高収益物販！「中古ブランド品販売ビジネス」パートナー募集,,,,販売価格と仕入価格の差益,無料,,埼玉県/群馬県/栃木県/愛知県/岐阜県/三重県 募集対象 法人・個人事業主・個人 初期費用 無料,法人・個人事業主・個人 初期費用 無料,"「中古ブランド品販売ビジネス」の特長は、高単価・高回転・再現性を兼ね備えた収益設計にあります。業者専用の競り市ルートを活用することで、一般市場よりも優位な価格で仕入れを行い、安定した価格差を確保。平均粗利約2万円、利益率約20～40％という設計により、薄利多売に依存しないビジネスモデルを構築しています。 また、販売チャネルには月間約2,300万人が利用するメルカリを活用し、さらに越境EC事業者との",,,active,2026-03-24T08:43:58Z,2026-03-24T08:43:58Z,2026-03-24T08:43:58Z
b-seeds,https://b-seeds.com/,https://b-seeds.com/,https://b-seeds.com/fls-webfuricom,在庫なし・仕入れ不要・サポートも不要！「法人向け振込代行サービス Web-Furi.Com」販売パートナー募集,,,,仕入価格と販売価格の差益,20万円（税込）～,,全国 募集対象 法人 初期費用 20万円（税込）～,法人 初期費用 20万円（税込）～,「Web-Furi.Com」は、法人向けに特化した振込代行サービスで、コスト削減と業務効率化を実現する実用性の高いソリューションです。振込処理は午前11時半までで当日対応も可能、さらに既存の業務ソフトデータ（CSV・全銀データ）との連携にも対応しており、導入の手間が少ないのも特徴です。 また、販売パートナーにとっては、在庫や仕入れの必要がなく、紹介後のアフターフォローもすべて弊社が対応するため、営,,,active,2026-03-24T08:51:56Z,2026-03-24T08:51:56Z,2026-03-24T08:51:56Z
b-seeds,https://b-seeds.com/,https://b-seeds.com/,https://b-seeds.com/pl-tennensuiso,在庫も発送も不要！「天然低重水素水」販売代理店募集,,,,紹介実績に応じた手数料をお支払い,55万円（税込）,,東京都/神奈川県/千葉県/埼玉県/茨城県/栃木県/群馬県/大阪府/京都府/兵庫県/滋賀県/奈良県/和歌山県/三重県（一部地域を除く） 募集対象 個人事業主・個人 初期費用 55万円（税込）,個人事業主・個人 初期費用 55万円（税込）,COOLAND LDW135は、中国北西部アルタイ山脈周辺の水資源保護区で採水された天然ミネラルウォーターです。この地域は、人的活動や産業活動が制限されており、降水・積雪・氷河由来の水が地下で長い時間をかけて形成されています。本製品は非加熱・非加工で、人工的な成分調整を行わず、自然のままをお届けしています。第三者機関による水質検査も実施しており、PFOS・PFOA(いわゆる「永遠の化学物質」)は検,,,active,2026-03-24T08:46:39Z,2026-03-24T08:46:39Z,2026-03-24T08:46:39Z
b-seeds,https://b-seeds.com/,https://b-seeds.com/,https://b-seeds.com/osh-ninshosystem,在庫ゼロからスタート可能！副業・新規事業にも！「生体認証システム」一次代理店募集,,,,1台あたり約12万円〜最大33万円のインセンティブをお支払い,無料,,全国 募集対象 法人 初期費用 無料,法人 初期費用 無料,代理店ビジネスを始める上で、多くの方が不安に思うのが「在庫リスク」です。商品を仕入れたものの売れなかったら…という心配は、特に副業として始める方にとって大きなハードルになります。 弊社の代理店制度では、そんな不安を解消する「本部決済方式」をご用意。代理店はお客様からの発注を受けるだけでOK。商品の管理や在庫の確保、さらには工事の手配や設置対応まで、すべて本部が代行します。これにより、在庫を抱えるリ,,,active,2026-03-24T08:43:40Z,2026-03-24T08:43:40Z,2026-03-24T08:43:40Z
b-seeds,https://b-seeds.com/,https://b-seeds.com/,https://b-seeds.com/osh-ninshosystem2,在庫ゼロからスタート可能！始めやすい代理店制度です！「生体認証システム」二次代理店募集,,,,販売商品に応じたインセンティブをお支払い,"11,000円（税込）",,"全国（一部地域を除く） 募集対象 法人・個人事業主 初期費用 11,000円（税込）","法人・個人事業主 初期費用 11,000円（税込）",代理店ビジネスを始める上で、多くの方が不安に思うのが「在庫リスク」です。商品を仕入れたものの売れなかったら…という心配は、特に副業として始める方にとって大きなハードルになります。 弊社の代理店制度では、そんな不安を解消する「本部決済方式」をご用意。代理店はお客様からの発注を受けるだけでOK。商品の管理や在庫の確保、さらには工事の手配や設置対応まで、すべて本部が代行します。これにより、在庫を抱えるリ,,,active,2026-03-24T08:48:18Z,2026-03-24T08:48:18Z,2026-03-24T08:48:18Z
b-seeds,https://b-seeds.com/,https://b-seeds.com/,https://b-seeds.com/or-oemchina,在庫ゼロで始めるOEM販売！「OEM製造・中国輸入サービス」販売パートナー募集,,,,"【利益は青天井！】当社卸価格に自由に上乗せして販売可能。上乗せ分は100%あなたの利益に。 例: 卸価格800 円の T シャツを2,000 円で売れば、1,200 円があなたの利益。営業力次第で 収益は無限大！",無料（仕入れ代金がかかります）,,全国 募集対象 法人・個人事業主 初期費用 無料（仕入れ代金がかかります）,法人・個人事業主 初期費用 無料（仕入れ代金がかかります）,「OEM製造・中国輸入サービス」は、中国の製造力と日本の品質管理を融合させたOEM・輸入サポートサービスです。中国の信頼できる製造工場と直接提携しており、中間業者を介さないからこそ、圧倒的な価格競争力を実現しています。飲食店のユニフォームやイベントグッズ、企業ノベルティなど、多くの企業が必要とする製品を「高品質なのにリーズナブル」に提供できるため、価格重視のお客様にも自信を持って提案できます。 実,,,active,2026-03-24T08:49:13Z,2026-03-24T08:49:13Z,2026-03-24T08:49:13Z
b-seeds,https://b-seeds.com/,https://b-seeds.com/,https://b-seeds.com/nx-accessminimum,在庫レスで始める物販ビジネス！「物販システム ミニマムお試しプラン」パートナー募集,,,,販売価格と仕入価格の差益,"11,000円（税込）",,"全国 募集対象 法人・個人事業主・個人 初期費用 11,000円（税込）","法人・個人事業主・個人 初期費用 11,000円（税込）",「物販システム アクセス」は、未経験者でもパソコン1台で始められるネット物販ビジネスです。在庫を持たずに商品を販売できる仕組みを採用しており、売れた商品だけを仕入れるためリスクを最小限に抑えられます。作業もコピー＆ペーストが中心で、スキルに自信のない方でも手軽に収益化を目指せます。 また、初期導入時の不安を解消するために「導入費全額返金保証制度」を導入。一定期間内に成果が得られなかった場合は、所定,,,active,2026-03-24T08:46:55Z,2026-03-24T08:46:55Z,2026-03-24T08:46:55Z
b-seeds,https://b-seeds.com/,https://b-seeds.com/,https://b-seeds.com/fd-connect,在庫・初期費用ゼロで始める通信ビジネス「5G CONNECT」販売パートナー募集,,,,"ご契約1件につき2,000円～の手数料をお支払い",55万円～110万円（税込）,,全国 募集対象 法人・個人事業主・個人 初期費用 55万円～110万円（税込）,法人・個人事業主・個人 初期費用 55万円～110万円（税込）,「5G CONNECT」は、法人向けに提供される高性能なモバイルWi-Fiサービスです。最大の特長は、初期費用や在庫リスクが一切なく、低コストでビジネス参入が可能な点です。端末はレンタル制で、顧客への端末配送やカスタマー対応もすべて弊社が代行するため、販売パートナーは営業活動に専念できます。 取り扱う通信サービスは、5G／4G対応で、工事不要かつ最短翌日発送可能なため、オフィスや出張所など、固定回,,,active,2026-03-24T08:55:07Z,2026-03-24T08:55:07Z,2026-03-24T08:55:07Z
b-seeds,https://b-seeds.com/,https://b-seeds.com/,https://b-seeds.com/gs-cmsmobile,地域密着で稼ぐネット提案！「無料インターネット全戸導入提案」販売パートナー募集,,,,1ヵ月で100万円超えの報酬が可能,無料,,岡山県 募集対象 法人・個人事業主・個人 初期費用 無料,法人・個人事業主・個人 初期費用 無料,「無料インターネット全戸導入提案」は、香川県高松市を拠点とするケーブルメディア四国の通信サービスを、マンション・アパートなど集合住宅のオーナーや管理会社に提案する全戸導入型の営業商材です。 エリアは限定されますが、その分、地域に密着した営業活動が可能で、「地元で働きたい」「地域に根ざしたビジネスがしたい」という方には最適な商材です。 営業の対象は主にマンションやアパートのオーナー様、または物件の管,,,active,2026-03-24T08:44:06Z,2026-03-24T08:44:06Z,2026-03-24T08:44:06Z
b-seeds,https://b-seeds.com/,https://b-seeds.com/,https://b-seeds.com/gs-cms,地域密着の通信事業！「ケーブルメディア四国」販売パートナー募集,,,,完全成果報酬型で、月商140万円の実績あり,55万円～110万円（税込）,,全国 募集対象 法人・個人事業主・個人 初期費用 55万円～110万円（税込）,法人・個人事業主・個人 初期費用 55万円～110万円（税込）,「ケーブルメディア四国」は香川県高松市のCATV局が提供している、インターネットなどをお取り扱いできる事業です。光ファイバーを利用した高速インターネット通信で、お客様にも大変喜ばれております。その他、光でんわ・光てれびなど複数のサービスをご提案できます。 地域に密着したサービスですので、知名度が高くご提案しやすい特長がございます。光インターネットはセキュリティソフトが標準装備ですので、年代を問わず,,,active,2026-03-24T08:49:03Z,2026-03-24T08:49:03Z,2026-03-24T08:49:03Z
b-seeds,https://b-seeds.com/,https://b-seeds.com/,https://b-seeds.com/gs-banbannetworks,地域密着の通信営業！「BAN-BANネットワークス」販売代理店募集,,,,新規エリアでの営業により、効率よく安定収益を確保可能,無料,,全国 募集対象 法人・個人事業主・個人 初期費用 無料,法人・個人事業主・個人 初期費用 無料,弊社は2003年の設立以来、通信関連商材を販売してまいりました。訪問販売、ブース販売、不動産営業など様々な手法での実践経験があります。 今回、兵庫県内において新規顧客獲得を推進している「BAN-BANネットワークス」を販売いただく代理店様を募集することになりました。 飽和している地域ではなく、新規エリアが拡大しているケーブルテレビの営業こそ、効率良く収益を得られるのです。（提供エリアは加古川市、高,,,active,2026-03-24T08:44:38Z,2026-03-24T08:44:38Z,2026-03-24T08:44:38Z
b-seeds,https://b-seeds.com/,https://b-seeds.com/,https://b-seeds.com/ap-smiloop,地域密着型介護FCビジネス！「SmiLoop 訪問ステーション」FC加盟店募集,,,,売上から諸経費を差し引いた金額,無料,,全国 募集対象 法人 初期費用 無料,法人 初期費用 無料,当ビジネスの大きな特徴は、専門スタッフによる開業サポートが徹底していることです。法人の立ち上げ方法から物件探し、行政への申請、スタッフの採用方法や給与設定、広告宣伝の仕方まで、初めての方にもわかりやすく丁寧に指導します。また、加盟後の研修も充実しており、オーナー向けの経営研修だけでなく、看護師やリハビリ職の専門職による実践的な研修も用意されています。 さらに、現場で困ったことがあれば、いつでも相談,,,active,2026-03-24T08:46:53Z,2026-03-24T08:46:53Z,2026-03-24T08:46:53Z
b-seeds,https://b-seeds.com/,https://b-seeds.com/,https://b-seeds.com/gs-catvokayama,地域密着通信商材！「テレビ津山 光回線」販売パートナー募集,,,,完全成果報酬制で月収120万円以上も可能な高収益モデル,無料,,東京都/神奈川県/埼玉県/千葉県 募集対象 法人・個人事業主・個人 初期費用 無料,法人・個人事業主・個人 初期費用 無料,「地域型 通信回線」は、岡山県津山市のCATV局が提供している、光テレビ・光インターネット回線・光でんわなどを複数お取り扱いできるビジネスです。地デジ・BSデジタルなどに対応したケーブルテレビや地域に密着したインターネットサービスなどをご利用できます。その他、ソフトバンク料金やNHK受信料などが割引になるサービスなどもご活用でき、お客様に喜んでいただける事業です。 すでに当たり前となっているインタ,,,active,2026-03-24T08:44:31Z,2026-03-24T08:44:31Z,2026-03-24T08:44:31Z
b-seeds,https://b-seeds.com/,https://b-seeds.com/,https://b-seeds.com/wu-keieishien,地域支援で高収益化！「地域貢献・経営支援パッケージ」販売パートナー募集,,,,ご契約件数に応じた手数料をお支払い,無料,,福岡県 募集対象 法人・個人事業主・個人 初期費用 無料,法人・個人事業主・個人 初期費用 無料,「地域貢献・経営支援パッケージ」は中小企業様のIT化を支援するサービスを、複数お取り扱いできるパッケージです。弊社の中⼩企業⽀援5万社以上の実績・ノウハウを活⽤し、ITツール・公的資金を活用したサービスをご提案します。近年はオンラインの活性化により、地域に関わらずビジネス商圏が拡大しております。当パッケージは地域企業のお悩みを解決し、地方活性化・地域貢献ができるビジネスです。 当パッケージでは、人,,,active,2026-03-24T08:44:36Z,2026-03-24T08:44:36Z,2026-03-24T08:44:36Z
b-seeds,https://b-seeds.com/,https://b-seeds.com/,https://b-seeds.com/ng-ibaraki,地域限定で高収益化！「LPガス・都市ガス・電気」販売代理店募集,,,,高単価のインフラ商材で、安定的かつ中長期的な収益を見込めます,無料,,全国 募集対象 法人 初期費用 無料,法人 初期費用 無料,日本瓦斯株式会社は1955年の設立以来、LPガス・都市ガス・電気を提供しております東証プライム企業です。 テレビCMなどでもおなじみで、国内約196万件のお客様にご利用いただいています。 今回、茨城県・福島県を対象に営業を担当いただける代理店（ビジネスパートナー）を募集させていただくことになりました。 特に茨城県は家庭用LPガスからの切り替えを提案しやすいなど、非常にアツい地域ですので是非ご応募い,,,active,2026-03-24T08:46:45Z,2026-03-24T08:46:45Z,2026-03-24T08:46:45Z
b-seeds,https://b-seeds.com/,https://b-seeds.com/,https://b-seeds.com/nicigas-dairiten,地域限定で高収益！「LPガス・都市ガス・電気」販売代理店募集,,,,月収40万～80万円（成果型）,無料,,全国 募集対象 法人・個人事業主 初期費用 無料,法人・個人事業主 初期費用 無料,日本瓦斯株式会社（ニチガス）は1955年の設立以来、LPガス・都市ガス・電気を提供しております東証一部上場企業です。テレビCMでもおなじみで、国内約197万件のお客様にご利用いただいています。今回、栃木県・群馬県を対象に営業を担当いただける代理店（ビジネスパートナー）を募集させていただくことになりました。まだ灯油をお使いのご家庭も多く、営業効率が高い点が特長です。家計の節約になるご提案ですので喜ば,,,active,2026-03-24T08:47:22Z,2026-03-24T08:47:22Z,2026-03-24T08:47:22Z
b-seeds,https://b-seeds.com/,https://b-seeds.com/,https://b-seeds.com/td-hikarikaisen,基本料金が割安で提案しやすい節約型の人気光回線商材！「光回線」販売代理店募集,,,,ご契約件数に応じた手数料をお支払い,無料,,全国（関西・九州ほか、一部地域を除く） 募集対象 法人・個人事業主・個人 初期費用 無料,法人・個人事業主・個人 初期費用 無料,「光回線」は、上場企業が提供する光回線サービスです。すでに同社のインフラをご利用いただいているお客様に当サービスをご紹介していただきます。お客様のデメリットがほぼなく、販売しやすいサービスです。 「光回線」は、基本料金を安くしたいお客様におすすめのサービスです。基本料金やサービスが充実しているため、契約獲得率は7割以上と高くお客様にもご満足いただいております。月々の料金の見直しや支払いを一本化した,,,active,2026-03-24T08:49:09Z,2026-03-24T08:49:09Z,2026-03-24T08:49:09Z
b-seeds,https://b-seeds.com/,https://b-seeds.com/,https://b-seeds.com/ir-webshigyo,士業の顧客紹介がそのまま報酬に変わる大人気WEB商材！「WEB制作パック」販売パートナー募集,,,,アポイント（商談）で報酬支払し、契約成立すると更に成果報酬をお支払いします,無料,,広島県 募集対象 法人・個人事業主 初期費用 無料,法人・個人事業主 初期費用 無料,「WEB制作パック」は、ホームページ制作を中心に、MEO対策、SNS運用、公式LINE構築など、ニーズに応じた幅広いサービスを提供するパッケージです。スマートフォン対応のレスポンシブデザインを採用し、MEO対策やSNS運用など、最新のデジタルマーケティングのトレンドを反映したサービスを提供します。 当サービスは、税理士・社労士・行政書士・弁護士など、士業事務所に特化して開発された営業支援サービスで,,,active,2026-03-24T08:55:43Z,2026-03-24T08:55:43Z,2026-03-24T08:55:43Z
b-seeds,https://b-seeds.com/,https://b-seeds.com/,https://b-seeds.com/as-localtech,売れる仕組みごと提供します！「口コミ獲得・MEO内製化支援ツール ローカルテック」販売パートナー募集,,,,加盟プランにより収益が異なります（詳しくはダウンロード資料をご確認ください）,"11,000円（税込）",,"全国 募集対象 法人・個人事業主 初期費用 11,000円（税込）","法人・個人事業主 初期費用 11,000円（税込）",「ローカルテック」は、Web制作会社・広告代理店・LINE構築業者などが抱えがちな「単発案件中心のビジネスモデル」から脱却するための仕組みを提供します。ホームページ制作はどうしても納品型になりやすく、毎月新規案件を追い続けなければ売上が安定しないという課題があります。 そこで重要になるのが、MEOを軸としたサブスク型モデルへの転換です。Googleマップ対策は継続的な運用が前提となるため、月額契約,,,active,2026-03-24T08:51:08Z,2026-03-24T08:51:08Z,2026-03-24T08:51:08Z
b-seeds,https://b-seeds.com/,https://b-seeds.com/,https://b-seeds.com/bt-gsapo,売上の70％が報酬の高収益モデル！Google口コミ削除サービス！「Gサポ」販売代理店募集,,,,ストック報酬あり,無料,あり,全国 募集対象 個人事業主 初期費用 無料,個人事業主 初期費用 無料,「Gサポ」は、ネット上で最も影響力があるGoogleの悪い口コミを削除するGoogle口コミ完全対策サービスです。飲食店などの店舗ではGoogleの口コミによる風評被害に困って、多くのお客様を失っているケースが少なくありません。「Gサポ」はこうした悪い口コミを削除し、店舗の売上アップ、病院などのイメージアップ、企業の採用効率UPにお役立ていただけます。今回、全国にて販売代理店を募集させていただくこ,,,active,2026-03-24T08:48:12Z,2026-03-24T08:48:12Z,2026-03-24T08:48:12Z
b-seeds,https://b-seeds.com/,https://b-seeds.com/,https://b-seeds.com/aq-builds,売上保障で手堅く失敗しない独立をしたい方へ！「清掃ビジネス Build’s」オーナー加盟店募集,,,,売上から諸経費を差し引いた金額(一都三県で1人当たりの平均月商は75万程度),"348,000円（税込）～",,"全国（東京を除く） 募集対象 法人・個人 初期費用 348,000円（税込）～","法人・個人 初期費用 348,000円（税込）～",「Build’s」では、案件獲得のための営業活動を本部が代行します。オーナーは無理に営業を行う必要がなく、清掃業務に集中することができます。営業経験がなくてもスタートできる環境が整っているため、「自分にできるだろうか」と不安を感じている方でも安心です。 実際に、これまで多くの方が未経験からスタートし、自分のペースで技術を身につけながら仕事を続けています。営業の負担を減らすことで、オーナーが本来注力,,,active,2026-03-24T08:41:34Z,2026-03-24T08:41:34Z,2026-03-24T08:41:34Z
b-seeds,https://b-seeds.com/,https://b-seeds.com/,https://b-seeds.com/ict-gaikokujinhikari,外国人市場で急拡大！「外国人向け光回線サービス」販売代理店募集,,,,インフラ商材のため解約率が低く、安定収益を見込めるビジネスモデル,無料,,全国 募集対象 法人 初期費用 無料,法人 初期費用 無料,"「外国人向け光回線サービス」は外国人のお客様に紹介できる光回線はないかという多くのお声を受けて誕生したサービスです。 弊社はブロードバンド光回線サービスの総合商社として2014年創業致しました。おかげ様でグループ全体の月間販売件数は5,000件を超え、お客様、販売店様に大変ご好評いただいております。 そんな弊社が自信をもって独自の販売ルートをご提供させていただきますので販路をお持ちの企業様は是非お",,,active,2026-03-24T08:55:27Z,2026-03-24T08:55:27Z,2026-03-24T08:55:27Z
b-seeds,https://b-seeds.com/,https://b-seeds.com/,https://b-seeds.com/ee-gaikokuzin,外国人市場向け高単価商材！「外国人向け光回線」販売代理店募集,,,,"1件ご契約につき90,000円の手数料をお支払い",無料（仕入れ代金がかかります）,,全国 募集対象 法人・個人事業主 初期費用 無料（仕入れ代金がかかります）,法人・個人事業主 初期費用 無料（仕入れ代金がかかります）,"弊社の代理店様には、手離れの良いトスアップのみで1件90,000円の報酬をお支払い致します。その後の面倒な業務作業は弊社が行いますので、代理店様は営業活動に専念することができます。また、代理店様の報酬とは別でお客様には工事費実質無料特典、現状の光回線の違約金補填、最大6か月分の月額利用料金のキャッシュバックもご用意しております。 「外国人向け光回線」は、お得な光回線を複数お取り扱いできるビジネスで",,,active,2026-03-24T08:51:04Z,2026-03-24T08:51:04Z,2026-03-24T08:51:04Z
b-seeds,https://b-seeds.com/,https://b-seeds.com/,https://b-seeds.com/ir-webseisakupak,大人気の２次商材！「WEB制作パック」取次パートナー募集,,,,アポイント（商談）で報酬支払し、契約成立すると更に成果報酬をお支払いします,無料,,全国 募集対象 法人 初期費用 無料,法人 初期費用 無料,「WEB制作パック」は、ホームページ制作を中心に、MEO対策、SNS運用、公式LINE構築など、ニーズに応じた幅広いサービスを提供するパッケージです。スマートフォン対応のレスポンシブデザインを採用し、MEO対策やSNS運用など、最新のデジタルマーケティングのトレンドを反映したサービスを提供します。特に美容業界や採用活動向けなど、多様なニーズに応じた提案が可能で、顧客満足度が高い点が特徴です。 取次,,,active,2026-03-24T08:53:51Z,2026-03-24T08:53:51Z,2026-03-24T08:53:51Z
b-seeds,https://b-seeds.com/,https://b-seeds.com/,https://b-seeds.com/ktr-hikarikaisen,大手ブランドで成約を取りやすい通信商材！「光回線商材」販売代理店募集,,,,ご契約件数に応じた手数料をお支払い,55万円～110万円（税込）,,全国 募集対象 法人 初期費用 55万円～110万円（税込）,法人 初期費用 55万円～110万円（税込）,弊社の代理店様には、ITツール、営業ノウハウ、マーケティング支援をパッケージでご提供。提案資料やトークスクリプトなど、現場ですぐ使える実践的なツールを一式ご用意しています。 また、専用のチャットツールを通じて、リアルタイムでの相談・質問が可能。「このお客様にはどうアプローチしたらいい？」「この商品説明、どう伝えるといい？」そんな細かな疑問にもすぐに対応します。 さらに、営業やマーケティングに関する,,,active,2026-03-24T08:55:49Z,2026-03-24T08:55:49Z,2026-03-24T08:55:49Z
b-seeds,https://b-seeds.com/,https://b-seeds.com/,https://b-seeds.com/kt-hulu,大手配信で提案しやすい！「動画配信サービス Hulu」販売代理店募集,,,,2段階の手数料支払い,"5,500円（税込）",,"全国 募集対象 法人・個人事業主 初期費用 5,500円（税込）","法人・個人事業主 初期費用 5,500円（税込）",「Hulu」は、会員数260万人を誇るサブスクリプション型動画配信サービスです。毎月定額で、家族全員が安心して楽しめるコンテンツが充実しており、特にアニメやキッズ向け作品が豊富です。日本テレビとの連携によるオリジナルストーリーや地上波番組の完全版など、独自の魅力を提供します。代理店様にはWEB入会にはない14日間無料トライアルの特典が特別に付与されており、新規顧客を獲得しやすい環境が整っています。,,,active,2026-03-24T08:46:24Z,2026-03-24T08:46:24Z,2026-03-24T08:46:24Z
b-seeds,https://b-seeds.com/,https://b-seeds.com/,https://b-seeds.com/su-taiyokobusiness,太陽光×蓄電池×オール電化！「太陽光ビジネス」販売代理店募集,,,,販売価格と仕入価格の差益,55万円～110万円（税込）,,全国 募集対象 法人 初期費用 55万円～110万円（税込）,法人 初期費用 55万円～110万円（税込）,新しいビジネスを始める上で、「初期費用」は多くの方にとって大きなハードルです。弊社の代理店制度は、そのハードルを取り除くべく、加盟金や初期費用を一切かけずにスタートできる仕組みをご用意しています。 取り扱う商材は、太陽光発電システム・蓄電池・オール電化といった、今まさにニーズが高まっている環境関連製品です。電気代の高騰や災害対策の必要性から、一般のご家庭でも関心が非常に高く、提案しやすいのが特徴で,,,active,2026-03-24T08:48:23Z,2026-03-24T08:48:23Z,2026-03-24T08:48:23Z
b-seeds,https://b-seeds.com/,https://b-seeds.com/,https://b-seeds.com/ac-taiyoukchikudenchi,太陽光で高収益実現！「太陽光・蓄電池」販売パートナー募集,,,,粗利の40％を手数料としてお支払い,無料,,全国 募集対象 法人・個人事業主 初期費用 無料,法人・個人事業主 初期費用 無料,"「太陽光・蓄電池」は、電気料金にお困りの一戸建てのお客様を対象に、太陽光パネル・蓄電池をご提案するビジネスです。従来、高額な太陽光パネル・蓄電池を、仕入れや販売などをすべて自社で対応することでお客様がお求めやすい価格で販売が可能になりました。弊社のパートナー様の中には、月間3,000万円の売上を達成した会社様もおり、高収益ビジネスとして参入いただけます。 当ビジネスは紹介のみで、販売や施工などはす",,,active,2026-03-24T08:46:22Z,2026-03-24T08:46:22Z,2026-03-24T08:46:22Z
b-seeds,https://b-seeds.com/,https://b-seeds.com/,https://b-seeds.com/ons-dxtoollady,女性向けDX支援ビジネス！「DX支援ツール」女性パートナー募集,,,,ご契約商材に応じて手数料をお支払い,無料,,全国 募集対象 法人・個人事業主・個人 初期費用 無料,法人・個人事業主・個人 初期費用 無料,"「DX支援ツール」は、ITツールや国の制度変更に対応した製品をご提案できるビジネスです。近年の制度変更（インボイス制度、電子帳簿保存法、アルコールチェック義務化）に対応したシステムを多数取り揃えています。特に、企業が導入必須となる商品を多く扱うため、法人向けの商談チャンスが安定して得られます。 女性パートナー様の活躍も多く、子育てをしながら年間売上ベースで4,500万円を稼いでいる方もおり、今後ま",,,active,2026-03-24T08:42:14Z,2026-03-24T08:42:14Z,2026-03-24T08:42:14Z
b-seeds,https://b-seeds.com/,https://b-seeds.com/,https://b-seeds.com/wa-sherpakobetu,女性向け高報酬不動産！「不動産エージェント SHERPA 現役エージェント個別相談キャンペーン」パートナー募集,,,,売上に対して80～90％,無料,,全国 募集対象 法人・個人事業主・個人 初期費用 無料,法人・個人事業主・個人 初期費用 無料,日本では、家を借りたい人と貸したい人を不動産会社がつなげるのが一般的。一方、アメリカでは、個人の「不動産エージェント」がその役割を担うケースが多いです。 実際に不動産エージェントはアメリカに150万人以上おり、日本でも今後一般的な働き方になることが予想されています。 そんな今注目の不動産エージェントとして働く人をサポートするのが、「SHERPA」です。 例えば不動産会社の社員として働く場合、社員が,,,active,2026-03-24T08:43:37Z,2026-03-24T08:43:37Z,2026-03-24T08:43:37Z
b-seeds,https://b-seeds.com/,https://b-seeds.com/,https://b-seeds.com/ns-aiachoolredy,女性支援のAIスクール！「生成AIスクール事業」女性オーナー募集,,,,売上から諸経費を引いた金額,"11,000円（税込）",,"全国 募集対象 法人・個人事業主 初期費用 11,000円（税込）","法人・個人事業主 初期費用 11,000円（税込）",「生成AIスクール事業」は、急成長中の生成AI市場に参入できるオンラインスクールです。スクール運営はすべて本部が行うため、加盟オーナー様は顧客管理に専念するだけでAIスクールビジネスに参加できます。講師の手配やカリキュラムの作成、授業の実施も一切不要で、専門知識がなくても安心して始められる設計です。さらに、個別相談や経営コンサルティングが何度でも受けられるほか、120万円相当の集客・マーケティング,,,active,2026-03-24T08:45:05Z,2026-03-24T08:45:05Z,2026-03-24T08:45:05Z
b-seeds,https://b-seeds.com/,https://b-seeds.com/,https://b-seeds.com/wb-meolady,女性活躍のMEO商材！「MEOサービス」女性パートナー募集,,,,・初期費用＋月額費用（クライアントがお支払いする総額）の最大40％をお支払い ・契約が続く限りストック収益をお支払い,440万円（税込）,あり,全国（主要13エリアにて募集） 募集対象 法人・個人事業主・個人 初期費用 440万円（税込）,法人・個人事業主・個人 初期費用 440万円（税込）,"「MEO対策サービス」は、Googleマップ検索で上位表示を実現する高品質なサービスです。表示順位の向上により、エステ、美容院、飲食店、病院など、さまざまな業種で来店数や問い合わせ数の増加を実現しています。導入店舗数はすでに5,000店舗を超え、地域密着型の集客施策として、今や欠かせない存在となっています。ユーザーの関心が高いタイミングで情報を届けられるため、クリック率も非常に高く、集客コストを抑",,,active,2026-03-24T08:49:43Z,2026-03-24T08:49:43Z,2026-03-24T08:49:43Z
b-seeds,https://b-seeds.com/,https://b-seeds.com/,https://b-seeds.com/wa-sherpalady,女性活躍の不動産ビジネス！「不動産エージェント SHERPA」レディースパートナー募集,,,,売上に対して80～90％,"357,500円（税込）",,"全国 募集対象 法人・個人事業主・個人 初期費用 357,500円（税込）","法人・個人事業主・個人 初期費用 357,500円（税込）",日本では、家を借りたい人と貸したい人を不動産会社がつなげるのが一般的。一方、アメリカでは、個人の「不動産エージェント」がその役割を担うケースが多いです。 実際に不動産エージェントはアメリカに150万人以上おり、日本でも今後一般的な働き方になることが予想されています。 そんな今注目の不動産エージェントとして働く人をサポートするのが、「SHERPA」です。 例えば不動産会社の社員として働く場合、社員が,,,active,2026-03-24T08:43:26Z,2026-03-24T08:43:26Z,2026-03-24T08:43:26Z
b-seeds,https://b-seeds.com/,https://b-seeds.com/,https://b-seeds.com/nys-uririchagentlady,女性活躍の物流副業！「副業物流ビジネス UEC」女性エージェント募集,,,,未経験者でも月商300万円超えの実績あり,無料,,全国 募集対象 法人・個人事業主・個人 初期費用 無料,法人・個人事業主・個人 初期費用 無料,「働きたいけど、家事や育児で時間が限られている…」そんなお悩みを抱える女性にこそおすすめなのが、UECのエージェントという新しい働き方です。このお仕事は、スマートフォンやパソコンがあれば、自宅にいながら商品を出品し、副収入を得ることができます。しかも、1日の中のわずかなスキマ時間でOK。お子さんのお昼寝中や、夕食の支度前の1時間など、自由にスケジュールを組めるのが大きな魅力です。 「PC操作に自信,,,active,2026-03-24T08:49:26Z,2026-03-24T08:49:26Z,2026-03-24T08:49:26Z
b-seeds,https://b-seeds.com/,https://b-seeds.com/,https://b-seeds.com/aa-ecolifecoco,子育てママに人気のリユースショップを開業しませんか？「子供服リユース ECOLIFE COCO」フランチャイズ加盟店募集,,,,売上から諸経費を差し引いた金額,"440,000円（税込）",,"全国 募集対象 法人・個人事業主・個人 初期費用 440,000円（税込）","法人・個人事業主・個人 初期費用 440,000円（税込）",「ECOLIFE COCO」は、子育て世帯向けの商品を中心に取り扱うリユースショップです。子供服や子育て用品など、まだ使える商品を循環させることで、子育て家庭の家計負担を軽減するとともに、環境にも配慮した持続可能なビジネスを実現しています。 ブランドコンセプトは「ママに優しく、地球に優しく」。子育て世帯に寄り添いながら、限りある資源を大切にする社会を目指しています。子供服は成長に伴い短期間でサイズ,,,active,2026-03-24T08:41:32Z,2026-03-24T08:41:32Z,2026-03-24T08:41:32Z
b-seeds,https://b-seeds.com/,https://b-seeds.com/,https://b-seeds.com/pw-famfit2,子育て世代が注目！「プレミアムウォーター famfit2」販売代理店募集,,,,ショット・ストック・ハイブリッド型の高額手数料で安定収益を実現可能,11万円（税込）～,あり,全国（沖縄を除く） 募集対象 法人・個人事業主・個人 初期費用 11万円（税込）～,法人・個人事業主・個人 初期費用 11万円（税込）～,「famfit2」は、プレミアムウォーター株式会社が提供する天然水対応型のウォーターサーバーです。家庭での使用を想定し、使いやすさとコストパフォーマンスのバランスに優れたモデルとして展開されています。シンプルで洗練されたデザインながら、天然水のおいしさを手軽に楽しめる仕様で、日常的な水の消費量が多い家庭や、子育て世代に人気があります。 契約プランも柔軟で、3年契約・5年契約などの長期プランのほか、,,,active,2026-03-24T08:51:14Z,2026-03-24T08:51:14Z,2026-03-24T08:51:14Z
b-seeds,https://b-seeds.com/,https://b-seeds.com/,https://b-seeds.com/dm-doganomanabiyatokuyaku,学びと収益の両立可能！「オンライン動画制作スクール 動画の学び舎」特約紹介代理店募集,,,,・1件獲得につき5万円の手数料をお支払い ・動画制作案件の紹介でご成約金額の10％をお支払い,55万円～110万円（税込）,,全国 募集対象 法人・個人事業主・個人 初期費用 55万円～110万円（税込）,法人・個人事業主・個人 初期費用 55万円～110万円（税込）,「動画の学び舎」は、企業や個人が自社内で動画制作スキルを習得できるオンラインスクールです。動画市場の急成長に伴い、動画活用のニーズが高まる一方で、外注費の高騰や専門人材の確保が課題となっています。当スクールは、オンラインとライブ授業を組み合わせた「自動車学校型」スタイルを採用し、初心者から上級者までスキルアップが可能です。いつでも入講・受講・卒業できる仕組みを導入し、動画制作の基礎から実践までを体,,,active,2026-03-24T08:46:05Z,2026-03-24T08:46:05Z,2026-03-24T08:46:05Z
b-seeds,https://b-seeds.com/,https://b-seeds.com/,https://b-seeds.com/bb-backup,安全性重視の企業向け商材！「バックアップサービス BitoB Backup」OEM代理店募集,,,,利益率30％～50％,無料,,全国（沖縄を除く） 募集対象 法人・個人事業主 初期費用 無料,法人・個人事業主 初期費用 無料,「BitoB Backup」は、ネットワーク接続されたデータ保管機器（NAS）のデータを安全に保存するバックアップサービスです。このサービスでは、特別なソフトウェアを追加でインストールする必要がなく、直接インターネット上のデータ保管場所（クラウドストレージ）にデータを保存できます。さらに、管理画面を提供することで、複数の顧客データをまとめて管理したり、利用状況を簡単に確認したりできます。これにより,,,active,2026-03-24T08:54:20Z,2026-03-24T08:54:20Z,2026-03-24T08:54:20Z
b-seeds,https://b-seeds.com/,https://b-seeds.com/,https://b-seeds.com/ac-yamadadenki,安定した収益が見込めるビジネス！「太陽光・蓄電池 ヤマダ電機催事販売」法人パートナー募集,,,,販売件数に応じた手数料をお支払い,無料,,全国 募集対象 法人 初期費用 無料,法人 初期費用 無料,当ビジネスは、全国展開する大手家電量販店「ヤマダ電機」の各店舗にて、催事形式で出展・営業ができる仕組みをご提供しています。すでに多くの来店客がある環境で営業活動が可能なため、ゼロからの集客や飛び込み営業に比べて、遥かに効率的な営業展開が期待できます。 また、出展可能な店舗が全国規模であることから、地方拠点の企業様でも地元での活動ができ、交通費や移動の負担を抑えつつ、安定的に提案の機会を得ることが可,,,active,2026-03-24T08:52:46Z,2026-03-24T08:52:46Z,2026-03-24T08:52:46Z
b-seeds,https://b-seeds.com/,https://b-seeds.com/,https://b-seeds.com/wp-amamori,安定のストック収益！全国250社以上の掲載実績で売りやすい！「雨漏りの達人」販売代理店募集,,,,ご契約に応じてストックでお支払い,"5,500円（税込）",あり,"全国 募集対象 法人・個人事業主 初期費用 5,500円（税込）","法人・個人事業主 初期費用 5,500円（税込）",「雨漏り修理の達人」は、雨漏り修理を希望するお客様と専門業者をつなぐポータルサイトです。全国で250社以上の修理業者様に掲載いただき、低価格で効果的なWeb集客を実現しています。優れたSEO対策とSNS活用により、サイトへのアクセス数は着実に増加し、掲載業者様への送客数も増加しています。 当サービスでは、修理業者様が低価格で効果的なWeb集客を実現できる仕組みを提供しています。検索エンジンでの露出,,,active,2026-03-24T08:48:52Z,2026-03-24T08:48:52Z,2026-03-24T08:48:52Z
b-seeds,https://b-seeds.com/,https://b-seeds.com/,https://b-seeds.com/88-auhikari,安定収益をつくる通信ビジネス！「auひかり」販売代理店募集,,,,獲得件数に応じた手数料をお支払い,無料,,全国 募集対象 法人 初期費用 無料,法人 初期費用 無料,「auひかり」は、KDDIが提供する高品質な光回線サービスです。大手キャリアのブランド力があるため、お客様からの信頼を得やすく、営業現場でも提案しやすい商材といえます。特にau・UQ mobileユーザーに対してはスマホとのセット割引が適用されるため、通信費全体の見直し提案が可能となり、成約率向上につながります。 また、業界でも高水準とされる手数料設定が大きな魅力です。オプションで無理に単価を引き,,,active,2026-03-24T08:48:54Z,2026-03-24T08:48:54Z,2026-03-24T08:48:54Z
b-seeds,https://b-seeds.com/,https://b-seeds.com/,https://b-seeds.com/hlc-sole,安定収益を目指す方へ、開業後も手厚く支援！「介護ビジネス ソレイルミナーレ」FC加盟店募集,,,,売上から諸経費を差し引いた金額,55万円～110万円（税込）,,全国 募集対象 法人・個人事業主・個人 初期費用 55万円～110万円（税込）,法人・個人事業主・個人 初期費用 55万円～110万円（税込）,「ソレイルミナーレ」は、Caféのようなお洒落で洗練された空間でリハビリを行う、これまでにないスタイルのデイサービスです。従来の暗い・古いといったイメージを覆す施設設計は、利用者はもちろん、家族やケアマネジャーからも高評価を受けています。見学者の成約率は90％を超える実績があります。 サービス面では、半日型（3時間）のスケジュールで、6台のマシンを使ったトレーニングに加え、個別機能訓練、歩行訓練、,,,active,2026-03-24T08:50:19Z,2026-03-24T08:50:19Z,2026-03-24T08:50:19Z
b-seeds,https://b-seeds.com/,https://b-seeds.com/,https://b-seeds.com/cm-obisshoukai,安定通信で法人支援！「インターネット回線の冗長化サービス OBISバックアップSIM」紹介代理店募集,,,,成約した場合はストックもしくはショットでお手数料をお支払い,無料,あり,神奈川県 募集対象 法人・個人 初期費用 無料,法人・個人 初期費用 無料,｢OBISバックアップSIM」は、ネットワークに障害が発生しても業務を止めないための回線冗長化サービスです。主回線にトラブルが起きた際、自動的にモバイルネットワークへ切り替わる仕組みを備えており、復旧後も自動で元の回線に戻ります。切替作業は一切不要で、誰も気づかないうちに業務が継続できるという安心感は、特にクラウドシステムを多用する現代の企業にとって大きな価値となります。 オンライン会議やPOSレ,,,active,2026-03-24T08:53:39Z,2026-03-24T08:53:39Z,2026-03-24T08:53:39Z
b-seeds,https://b-seeds.com/,https://b-seeds.com/,https://b-seeds.com/sl-mimamorioem,安心を守るAI商材！「WirelessAI 見守りシステム」OEMパートナー募集,,,,独自に設定した提供価格と卸価格の差額,無料,,全国 募集対象 法人・個人事業主・個人 初期費用 無料,法人・個人事業主・個人 初期費用 無料,「WirelessAI 見守りシステム」は、最新のAI技術を駆使して開発されました。このシステムは、複雑なパターン認識や異常検知を高精度で行うことができ、従来の見守りシステムと比べて大幅に精度が向上しています。AI技術により、日々の動作や環境の変化を学習し、最適な見守りを実現します。 例えば、AIが住居内の通常の活動パターンを理解し、異常な行動を自動的に検出して通知することで、早期に対応が可能とな,,,active,2026-03-24T08:54:40Z,2026-03-24T08:54:40Z,2026-03-24T08:54:40Z
b-seeds,https://b-seeds.com/,https://b-seeds.com/,https://b-seeds.com/bb-protect,安心を守る総合対策商材！「セキュリティサービス BitoB Protect」OEM代理店募集,,,,利益率30％～50％,無料,,全国 募集対象 法人・個人事業主 初期費用 無料,法人・個人事業主 初期費用 無料,「BitoB Protect」は、安定したセキュリティとバックアップの統合的なサービスです。社内のPCやシステムをランサムウェアなどのウィルス被害から守るセキュリティ機能と、大切なデータをクラウドへ安全にバックアップする機能を備えています。BCP対策に課題を持つ企業様にご利用いただいており、バックアップ機能、データの保護、セキュリティ、デバイス管理のいずれの点でも、他社製品よりも優れています。 弊,,,active,2026-03-24T08:52:57Z,2026-03-24T08:52:57Z,2026-03-24T08:52:57Z
b-seeds,https://b-seeds.com/,https://b-seeds.com/,https://b-seeds.com/wu-forbusiness,完全成果報酬で リード獲得を代⾏！「販売促進・代理店構築 JDネット for Business」販売パートナー募集,,,,ご契約件数に応じた貴社の収益,55万円～110万円（税込）,,全国 募集対象 法人・個人事業主・個人 初期費用 55万円～110万円（税込）,法人・個人事業主・個人 初期費用 55万円～110万円（税込）,"自社のサービスを全国の企業に届けるためには、信頼できるネットワークと広い情報拡散力が不可欠です。「JDネット for Business」は、約1,000社におよぶパートナー企業と、約41,000社にのぼる中小企業ハウスリストという、国内有数のBtoBネットワークを活用して、貴社のサービスを的確に発信します。 このサービスの仕組みでは、貴社の商品・サービス情報を提携先であるパートナー企業が自社の顧客",,,active,2026-03-24T08:53:53Z,2026-03-24T08:53:53Z,2026-03-24T08:53:53Z
b-seeds,https://b-seeds.com/,https://b-seeds.com/,https://b-seeds.com/nc-zerotaiyoko,完全無料設置でご提案しやすい！「ゼロ円太陽光」販売パートナー募集,,,,獲得件数に応じた手数料をお支払い,130～200万円(税込),,全国 募集対象 法人・個人事業主・個人 初期費用 130～200万円(税込),法人・個人事業主・個人 初期費用 130～200万円(税込),太陽光発電は本来、数百万円規模の初期投資が必要になる商材です。そのため「興味はあるけれど費用が不安」という理由で検討を断念されるケースが少なくありません。「ゼロ円太陽光」は、その最大のハードルである“初期費用”を完全に取り払った仕組みです。 お客様は設置時に一切費用を負担することなく導入できるため、心理的な抵抗が大幅に下がります。価格交渉やローン説明に時間を割く必要もなく、本質的なメリットのご説明,,,active,2026-03-24T08:44:45Z,2026-03-24T08:44:45Z,2026-03-24T08:44:45Z
b-seeds,https://b-seeds.com/,https://b-seeds.com/,https://b-seeds.com/ict-waterserver,定番商材で高報酬実現！「大手ウォーターサーバー」販売代理店募集,,,,・1件につき最大64.650円をお支払い ・オプション付帯でストック収益をお支払い,55万円～110万円（税込）,あり,全国 募集対象 法人・個人事業主・個人 初期費用 55万円～110万円（税込）,法人・個人事業主・個人 初期費用 55万円～110万円（税込）,「大手ウォーターサーバー」は、知名度の高いウォーターサーバーを豊富にお取り扱いできるビジネスです。ウォーターサーバーは、天然水・浄水型をご用意しておりますので、お客様に合ったサービスをご提案できます。当サービスは、ファミリー層をはじめ、多くのお客様に興味をもっていただけます。 当ビジネスでは、訪問販売やテレマーケティング、Webでの集客、不動産アライアンスなど、多様な販売チャネルに対応しています。,,,active,2026-03-24T08:50:40Z,2026-03-24T08:50:40Z,2026-03-24T08:50:40Z
b-seeds,https://b-seeds.com/,https://b-seeds.com/,https://b-seeds.com/ict-oshindenryoku,家庭向けで継続収益！「個人宅向け 大手新電力サービス」販売代理店募集,,,,"・ご成約1件につき20,000円の手数料をお支払い ・オプション付帯でストック収益をお支払い",無料,あり,全国 募集対象 法人 初期費用 無料,法人 初期費用 無料,"「大手新電力サービス」は、大手新電力を豊富に取り扱えるビジネスです。1件成約ごとに20,000円の販売報酬が支払われ、さらに付帯オプションによる継続収益も受け取れます。ストック型収益は契約の継続月数が平均20か月と、安定した収入源につながります。電気料金の高騰にお悩みの方が多く、非常に高いニーズが期待できるビジネスです。 当ビジネスでは、訪問販売やテレマーケティング、Webでの集客、不動産アライア",,,active,2026-03-24T08:55:05Z,2026-03-24T08:55:05Z,2026-03-24T08:55:05Z
b-seeds,https://b-seeds.com/,https://b-seeds.com/,https://b-seeds.com/ps-fususapoyushi,専門知識がなくても安心！営業先多数！「フルサポ融資」販売パートナー募集,,,,ご紹介のみでも報酬が発生します,"11,000円（税込）",,"全国 募集対象 法人・個人事業主 初期費用 11,000円（税込）","法人・個人事業主 初期費用 11,000円（税込）",「融資」や「金融」と聞くと、なんだか難しそうに感じてしまう方も多いかもしれません。でも、ご安心ください。今回ご紹介する「フルサポ融資」の代理店制度では、専門的な知識がなくても、しっかりと提案できる体制が整っています。 実際の融資サポートは、元銀行員や会計士など金融の専門家チームが担当します。代理店様は、サービスを必要としている事業者を紹介するだけでOKです。 さらに、提案時に使用できる説明資料やト,,,active,2026-03-24T08:44:25Z,2026-03-24T08:44:25Z,2026-03-24T08:44:25Z
b-seeds,https://b-seeds.com/,https://b-seeds.com/,https://b-seeds.com/cn-myanmarlab,属人化を解決する開発サービス！「ミャンマー人材を活用したラボ型オフショア開発」紹介代理店募集,,,,ご契約金額の1か月分をお支払い ※契約後、ユーザー様の3ヵ月利用実績の平均,50万円（税込）,,全国 募集対象 法人 初期費用 50万円（税込）,法人 初期費用 50万円（税込）,人材不足、属人化、開発コストの高騰――多くの企業が直面するこの課題を、海外人材の活用で根本から解決するのが「ラボ型オフショア開発」です。弊社では、ミャンマー現地法人との連携により、日本語対応可能なエンジニアチームを提供。日本人スタッフによる進行管理と、現地の優秀なIT人材を組み合わせることで、品質とコストのバランスを最適化しています。 従来の海外開発にありがちな「言語の壁」「文化の違い」「属人化」,,,active,2026-03-24T08:45:24Z,2026-03-24T08:45:24Z,2026-03-24T08:45:24Z
b-seeds,https://b-seeds.com/,https://b-seeds.com/,https://b-seeds.com/gs-kct,岡山で通信代理店急募！「倉敷ケーブルテレビ」販売代理店募集,,,,新規エリア拡大に伴い、高収益を得られるチャンスがあります,無料,,東京都、埼玉県、群馬県、茨城県 募集対象 法人・個人事業主・個人 初期費用 無料,法人・個人事業主・個人 初期費用 無料,弊社は2003年の設立以来、通信関連商材を販売してまいりました。訪問販売、ブース販売、不動産営業など様々な手法での実践経験があります。今回、岡山県内（倉敷・総社・玉野・早島・岡山）において新規顧客獲得を推進している「倉敷ケーブルテレビ」を販売いただく代理店様を募集することになりました。飽和している地域ではなく、新規エリアが拡大しているケーブルテレビの営業こそ、効率良く収益を得られるのです。 「倉敷,,,active,2026-03-24T08:43:53Z,2026-03-24T08:43:53Z,2026-03-24T08:43:53Z
b-seeds,https://b-seeds.com/,https://b-seeds.com/,https://b-seeds.com/sb-softbankair,工事不要で即利用！「ソフトバンクAir」販売代理店募集,,,,通信契約ごとに安定した成果報酬＋継続的なストック型収益も期待可能,無料,あり,全国 募集対象 法人・個人事業主・個人 初期費用 無料,法人・個人事業主・個人 初期費用 無料,「ソフトバンクAir」は、ソフトバンクが提供するご家庭向けのWi-Fi端末です。Airターミナルが届いたらコンセントに刺すだけ。面倒な設定などは一切不要ですぐにインターネットをお使いいただけます。今回、全国にて販売代理店様を募集させていただくことになりました。テレワーク・リモートワークでおうち時間が長くなっている今、営業しやすい商材です。 「ソフトバンクAir」は、スマホやモバイルWi-Fiのよう,,,active,2026-03-24T08:50:34Z,2026-03-24T08:50:34Z,2026-03-24T08:50:34Z
b-seeds,https://b-seeds.com/,https://b-seeds.com/,https://b-seeds.com/ra-airhouhan,工事不要の通信商材！「ソフトバンクAir」訪問販売パートナー募集,,,,獲得件数に応じた報酬,"13,200円（税込）",,"全国 募集対象 法人・個人事業主・個人 初期費用 13,200円（税込）","法人・個人事業主・個人 初期費用 13,200円（税込）","弊社はソフトバンクの一次代理店としてインターネット及びモバイル商材の事業を展開しております。今回募集させていただくのは催事販売を行っていただく法人様です。弊社は月販で8,000件以上という業界内では最上位の実績を上げており、これまで50社以上の代理店様のサポートを行っております。催事販売の成功ノウハウをお教えしますので、是非ご応募いただければ幸いです。 当サービスは、スマホやモバイルWi-Fiのよ",,,active,2026-03-24T08:54:23Z,2026-03-24T08:54:23Z,2026-03-24T08:54:23Z
b-seeds,https://b-seeds.com/,https://b-seeds.com/,https://b-seeds.com/el-elmec,幅広い法人に対応可能！「法人向け新電力 エルメックでんき」販売代理店募集,,,,獲得した電気契約が続く限り、安定的な収益を見込むことができます,無料,,全国 募集対象 法人・個人事業主・個人 初期費用 無料,法人・個人事業主・個人 初期費用 無料,「エルメックでんき」は、北陸・関西・中国・四国・九州エリアを中心に展開している新電力です。高圧・低圧の両方に対応しており、オフィスビルや商業施設などの大規模な法人顧客から、店舗や小規模事業者といった日常的に電力を使用する事業者まで、非常に幅広い層にご提案できます。 また、提案する電力サービスそのものは、既存のインフラをそのまま活用する形で契約内容を切り替えるものであり、設備投資や工事が不要です。そ,,,active,2026-03-24T08:50:41Z,2026-03-24T08:50:41Z,2026-03-24T08:50:41Z
b-seeds,https://b-seeds.com/,https://b-seeds.com/,https://b-seeds.com/ac-chikudenchi,平均月収100万円超えも可能！営業リスト提供で始めやすい！「蓄電池ビジネス」紹介代理店募集,,,,高額契約により高単価報酬が得られ、安定的に収益アップ可能,55万円～110万円（税込）,,全国 募集対象 法人・個人事業主・個人 初期費用 55万円～110万円（税込）,法人・個人事業主・個人 初期費用 55万円～110万円（税込）,「蓄電池ビジネス」は、太陽光発電システムと一緒に提案することで電気を貯めてコスト削減ができる人気商材です。太陽光発電システムと蓄電池をセットで提案することで高額契約となり、報酬も高くなるのが特長です。今回、全国にて追加で紹介代理店様を募集させていただくことになりましたので是非ご応募いただければ幸いです。 このビジネスが成功している要因の一つは、そのリストの作成方法です。弊社は電力会社様やガス会社様,,,active,2026-03-24T08:49:58Z,2026-03-24T08:49:58Z,2026-03-24T08:49:58Z
b-seeds,https://b-seeds.com/,https://b-seeds.com/,https://b-seeds.com/ns-aiachool,"年商1,500万も狙えるAI商材！「生成AIスクール事業」加盟オーナー募集",,,,売上から諸経費を引いた金額,無料,,全国 募集対象 法人・個人事業主 初期費用 無料,法人・個人事業主 初期費用 無料,「生成AIスクール事業」は、急成長中の生成AI市場に参入できるオンラインスクールです。スクール運営はすべて本部が行うため、加盟オーナー様は顧客管理に専念するだけでAIスクールビジネスに参加できます。講師の手配やカリキュラムの作成、授業の実施も一切不要で、専門知識がなくても安心して始められる設計です。さらに、個別相談や経営コンサルティングが何度でも受けられるほか、120万円相当の集客・マーケティング,,,active,2026-03-24T08:45:03Z,2026-03-24T08:45:03Z,2026-03-24T08:45:03Z
b-seeds,https://b-seeds.com/,https://b-seeds.com/,https://b-seeds.com/av-velotrailer,広告革命の新商材！「自転車広告 ヴェロトレーラー」メディアパートナー代理店募集,,,,平均利益率70％以上、1案件あたり数十万～400～700万円規模の可能性あり,1万円（税込）,,全国 募集対象 法人・個人事業主・個人 初期費用 1万円（税込）,法人・個人事業主・個人 初期費用 1万円（税込）,"[youtube id=""2F7D2hGykPw""] 「ヴェロトレーラー」は、ニューヨーク生まれの今までにない街中を走る自転車広告です。B0サイズの巨大な広告を搭載したトレーラーを自転車で牽引し、顧客が希望するエリアを走行します。 突然出現するサプライズ感と『必ず二度見してしまう』インパクトがあります。 日本上陸から7年以上経過し、店舗、企業、行政など、数々の実績を作ってきました。 平均利益率70",,,active,2026-03-24T08:42:46Z,2026-03-24T08:42:46Z,2026-03-24T08:42:46Z
b-seeds,https://b-seeds.com/,https://b-seeds.com/,https://b-seeds.com/sgp-sterapack,店舗のキャッシュレス化支援！「キャッシュレス決済端末 stera pack」販売パートナー募集,,,,契約完了の件数に応じて報酬を受け取れます,無料,,全国（一部地域を除く） 募集対象 法人 初期費用 無料,法人 初期費用 無料,「stera pack」は、1台で30種類以上の決済手段に対応できる、業界でも高い汎用性を誇るオールインワン決済端末です。対応している決済手段は、Visa、Mastercard、JCB、AMEXなどの主要なクレジットカード、交通系IC、iD、QUICPayに加え、PayPay、楽天ペイ、d払い、au PAYなど、国内外のコード決済まで多岐にわたります。今後さらに多様化・高度化が進むキ,,,active,2026-03-24T08:50:24Z,2026-03-24T08:50:24Z,2026-03-24T08:50:24Z
b-seeds,https://b-seeds.com/,https://b-seeds.com/,https://b-seeds.com/ni-jbrentacar,店舗不要・中長期特化！「JBレンタカー」フランチャイズ加盟店募集,,,,売上より諸経費を差し引いた金額,"11,000円（税込）",,"全国 募集対象 法人・個人事業主・個人 初期費用 11,000円（税込）","法人・個人事業主・個人 初期費用 11,000円（税込）",初期投資1台当たり約30万円の車両が、1台の年間収入48万円になる、高い収益パフォーマンスを実現しております！新規事業をお探しで土地・既存事業の有効活用をお考えの、法人・個人事業主様、エリア限定・早い者勝ちの日本初の画期的なレンタカービジネスにご参画ください！ ・JBレンタカーは、1日798円から、ウィークリーマンスリーの長期貸し専門で、お客様のご自宅・会社までデリバリー配車します。・店舗・看板な,,,active,2026-03-24T08:53:30Z,2026-03-24T08:53:30Z,2026-03-24T08:53:30Z
b-seeds,https://b-seeds.com/,https://b-seeds.com/,https://b-seeds.com/ktr-tenpomuke,店舗向け商材で安定収益！「店舗向けサービス」販売代理店募集,,,,ご契約件数に応じた手数料をお支払い,無料,,全国 募集対象 法人・個人事業主・個人 初期費用 無料,法人・個人事業主・個人 初期費用 無料,弊社の代理店様には、ITツール、営業ノウハウ、マーケティング支援をパッケージでご提供。提案資料やトークスクリプトなど、現場ですぐ使える実践的なツールを一式ご用意しています。 また、専用のチャットツールを通じて、リアルタイムでの相談・質問が可能。「このお客様にはどうアプローチしたらいい？」「この商品説明、どう伝えるといい？」そんな細かな疑問にもすぐに対応します。 さらに、営業やマーケティングに関する,,,active,2026-03-24T08:50:51Z,2026-03-24T08:50:51Z,2026-03-24T08:50:51Z
b-seeds,https://b-seeds.com/,https://b-seeds.com/,https://b-seeds.com/ash-tenposhien,店舗支援で収益安定！「店舗向け支援パック」販売代理店募集,,,,トスアップ50件で150万円の売上実績あり,無料,,全国 募集対象 法人・個人事業主・個人 初期費用 無料,法人・個人事業主・個人 初期費用 無料,「店舗向け支援パック」は、インターネット回線、広告ツール、電子決済、デリバリーなど店舗運営に必要なものをまとめたサービスです。店舗様にメリットのある商材ばかりなので、提案もしやすくお客様にも喜んでいただけます。 「店舗向け支援パック」は店舗向けに特化したサービスを一括で承ります。支援パック内容は、広告ツール・電子決済・デリバリーサービスなど店舗運営で欠かせないサービスですので、小売業や飲食店などに,,,active,2026-03-24T08:46:28Z,2026-03-24T08:46:28Z,2026-03-24T08:46:28Z
b-seeds,https://b-seeds.com/,https://b-seeds.com/,https://b-seeds.com/ash-cashlesssho,店舗支援で高報酬可能！「キャッシュレスサービス」紹介代理店募集,,,,稼働3カ月で90万円の売上実績あり,無料,,全国 募集対象 個人事業主、個人 初期費用 無料,個人事業主、個人 初期費用 無料,「キャッシュレスサービス」は、さまざまなお支払い方法に対応したキャッシュレスサービスをお取り扱いできるビジネスです。非接触で簡単にお支払いが完了するので、お会計時の混雑や手間などを解消します。 また当サービスは、副業を始めたい個人の方も、新規事業を探している法人様も、リスクなしでスタートできるのが大きな魅力です。在庫を抱える必要もないので、売れ残りやコストの心配も不要です。さらに、電子契約を利用し,,,active,2026-03-24T08:46:20Z,2026-03-24T08:46:20Z,2026-03-24T08:46:20Z
b-seeds,https://b-seeds.com/,https://b-seeds.com/,https://b-seeds.com/wb-shokaiwaribiki,店舗集客の定番支援！「MEOサービス 初回割引キャンペーン」販売代理店募集,,,,・初期費用＋月額費用（クライアントがお支払いする総額）の最大40％をお支払い ・契約が続く限りストック収益をお支払い,70万円（税込）～,あり,全国 募集対象 法人・個人事業主・個人 初期費用 70万円（税込）～,法人・個人事業主・個人 初期費用 70万円（税込）～,"「MEO対策サービス」は、Googleマップ検索で上位表示を実現する高品質なサービスです。表示順位の向上により、エステ、美容院、飲食店、病院など、さまざまな業種で来店数や問い合わせ数の増加を実現しています。導入店舗数はすでに5,000店舗を超え、地域密着型の集客施策として、今や欠かせない存在となっています。ユーザーの関心が高いタイミングで情報を届けられるため、クリック率も非常に高く、集客コストを抑",,,active,2026-03-24T08:47:37Z,2026-03-24T08:47:37Z,2026-03-24T08:47:37Z
b-seeds,https://b-seeds.com/,https://b-seeds.com/,https://b-seeds.com/wu-googlestreetview,店舗魅力を360°発信！「Googleストリートビュー」販売代理店募集,,,,PV150％向上事例多数、クロスセル提案により高単価取引も可能,"11,000円（税込）",,"全国 募集対象 法人・個人事業主 初期費用 11,000円（税込）","法人・個人事業主 初期費用 11,000円（税込）",「Googleストリートビュー」は、Googleが提供するストリートビュー技術を使った360°の店内パノラマツアーです。 検索結果から誘導して店内・施設内を魅力いっぱいにアピールすることができ、新規顧客の来店にお役立ていただけます。スマホから店名で検索するとサムネイル（縮小画像）が表示されるなどアクセスアップも期待できます。 ストリートビュー掲載により公開後のPVが「150％アップ」になったという,,,active,2026-03-24T08:50:07Z,2026-03-24T08:50:07Z,2026-03-24T08:50:07Z
b-seeds,https://b-seeds.com/,https://b-seeds.com/,https://b-seeds.com/dsr-saigaifukkyu,建設業向け人気商材！「災害復旧サポートプラス」営業代理店募集,,,,保険金支払確定時に1件当たり11万円をお支払い,無料,,全国 募集対象 法人 初期費用 無料,法人 初期費用 無料,「災害復旧サポートプラス」はLINE公式アカウントを使用し、火災保険の適用を写真送信だけで判断できるサービスです。業界初のこのサービスにより、火災保険を用いたリフォームなどに役立てていただけます。とくに建設業者様・不動産会社様との相性が良く、より収益アップが見込めます。 火災保険の適用事例は年々増加しており、特に自然災害による保険金の支払いは大幅に増えています。このような背景から、当サービスは成長,,,active,2026-03-24T08:45:32Z,2026-03-24T08:45:32Z,2026-03-24T08:45:32Z
b-seeds,https://b-seeds.com/,https://b-seeds.com/,https://b-seeds.com/ark-suggesttosu,当日契約も可能なSEO商材！「サジェスト広告・風評対策サービス」紹介パートナー募集,,,,ご成約に応じた手数料をお支払い,0円～,,全国 募集対象 法人・個人事業主・個人 初期費用 0円～,法人・個人事業主・個人 初期費用 0円～,「サジェスト広告・風評対策サービス」は、検索窓に表示されるキーワードに対してアプローチする手法で、従来のSEOではカバーしきれない領域に対応可能。すでにSEO施策を実施している企業にも、追加提案として大きな説得力があります。また、ユーザーに「広告」と気づかれにくく、自然な形で表示されるため、押しつけがましさを感じさせずに訴求できるのも特長です。 リスティング広告と異なりクリック課金が発生しないため,,,active,2026-03-24T08:45:09Z,2026-03-24T08:45:09Z,2026-03-24T08:45:09Z
b-seeds,https://b-seeds.com/,https://b-seeds.com/,https://b-seeds.com/md-memodia,想いを形にする新商材！「メモリアルダイヤモンド MEMODIA JAPAN」販売代理店募集,,,,販売商品に応じた卸価格のみお支払い,無料,,全国 募集対象 法人・個人事業主・個人 初期費用 無料,法人・個人事業主・個人 初期費用 無料,「MEMODIA JAPAN」は、大切な人やペットの「想い」を形にするメモリアルダイヤを提供するジュエリーブランドです。大切な方やペットの毛、ご遺骨・ご遺灰などをもとに製造される特別なダイヤモンドは、世界にひとつだけのかけがえのない存在。洗練されたデザインと高品質な製造技術により、ジュエリーとしての美しさと、メモリアルアイテムとしての重みを両立させています。 弊社では、在庫を持たずに始められる代理,,,active,2026-03-24T08:50:06Z,2026-03-24T08:50:06Z,2026-03-24T08:50:06Z
b-seeds,https://b-seeds.com/,https://b-seeds.com/,https://b-seeds.com/ax-memorialservice,想い出を形にするAI商材！「メモリアルコンシェルジュサービス」販売代理店募集,,,,獲得した件数に応じて収益が発生します,55万円（税込）,,全国 募集対象 法人・個人事業主・個人 初期費用 55万円（税込）,法人・個人事業主・個人 初期費用 55万円（税込）,"[youtube id=""bBRo0Oky7gQ""] 「メモリアルコンシェルジュサービス」は、写真整理上級アドバイザーがあらゆる写真や動画を整理するサービスです。整理の資格と技術をもったコンシェルジュがお客様に寄り添って一緒に整理しながらご希望の形（フォトブックやデジタルアルバム）にしてお届けします。古い写真や動画でぼやけていたりキズ・汚れがあったりした場合には、AIで綺麗にすることも可能です。",,,active,2026-03-24T08:46:47Z,2026-03-24T08:46:47Z,2026-03-24T08:46:47Z
b-seeds,https://b-seeds.com/,https://b-seeds.com/,https://b-seeds.com/wu-eigyodx,成功事例続出の営業DX！「営業DXツール」販売パートナー募集,,,,継続収益型商材を含み、売上に応じて安定的な報酬獲得が可能,なし,あり,東京都/神奈川県/埼玉県/千葉県 募集対象 法人、個人事業主、個人 初期費用 なし,法人、個人事業主、個人 初期費用 なし,今、各分野でDX（デジタルトランスフォーメーション）による業務改善が進められています。「営業DXツール」は、営業力強化に役立つ支援ツールをワンパッケージにした新しいサービスです。今回、弊社にて販売パートナーを募集させていただくことになりました。人材不足に多くの企業が悩む中、是非「営業DXツール」をご提案いただければ幸いです。 パッケージの内訳は、リスト作成、メール配信、オンライン商談のいわば営業の,,,active,2026-03-24T08:42:24Z,2026-03-24T08:42:24Z,2026-03-24T08:42:24Z
b-seeds,https://b-seeds.com/,https://b-seeds.com/,https://b-seeds.com/wu-jdnetbusiness,成果報酬型で安定収益！「JDnet for Business」販売パートナー募集,,,,1件あたりの成果に対し、紹介マージンが発生。ストック収益型で安定性あり,88万円（税込）,あり,全国 募集対象 法人・個人事業主・個人 初期費用 88万円（税込）,法人・個人事業主・個人 初期費用 88万円（税込）,「JDnet for Business」最大の特徴は、”完全成果報酬”であることと、サービスとしての”売りやすさ”！集客方法は「資料請求プラン」・「ウェビナープラン」をご用意しており、商材にあった方法でコースが選べます！ 成果報酬型でリスクなく利用＆質の高いリード獲得ができるので、サービスとして紹介しやすく経営者様からも需要のある、『時代とニーズにあったサービス』です！ ◆「お金をかけてもリードの,,,active,2026-03-24T08:49:25Z,2026-03-24T08:49:25Z,2026-03-24T08:49:25Z
b-seeds,https://b-seeds.com/,https://b-seeds.com/,https://b-seeds.com/afl-sidebusiness,手軽に始める副業支援！「サイドビジネス」紹介パートナー募集,,,,商材の50％をお支払い,75万円（税込）,,全国 募集対象 法人・個人事業主・個人 初期費用 75万円（税込）,法人・個人事業主・個人 初期費用 75万円（税込）,「サイドビジネス」は、複数の商材をお取り扱いいただけるビジネスです。営業に特化している弊社だからこそ、手軽なのに高額報酬な商材を豊富に取り扱っております。本業のサイドビジネスとして、副業としてなど、40以上の商材の中から、相性の良いものをお選びいただけます。 当ビジネスのお仕事内容は、ご紹介のみ。商談やクロージングは弊社が行いますので、手離れが良く取り組みやすい特長もございます。月1回の商材セミナ,,,active,2026-03-24T08:46:00Z,2026-03-24T08:46:00Z,2026-03-24T08:46:00Z
b-seeds,https://b-seeds.com/,https://b-seeds.com/,https://b-seeds.com/bn-sogobiyo,手軽に始める美容ビジネス！「総合美容サービス」販売代理店募集,,,,販売手数料とコンサルティングフィー（紹介料）,無料,,東海・北陸・関西・中国・四国・九州 募集対象 法人 初期費用 無料,法人 初期費用 無料,美容外科のようにメスを使用することなく、高い効果を実感できることから、近年急速に注目を集めている総合美容サービスになります。特に知識がない初心者の方から美意識の高いリピート層までも対応可能な美容サービスをご提供いたします。 制度の代理店制度では、ビジネス未経験の方でも安心してスタートできるよう、手厚い支援体制をご用意しています。まず、導入時には商品知識や提案の流れを基礎から学べる初期研修を実施。専,,,active,2026-03-24T08:44:43Z,2026-03-24T08:44:43Z,2026-03-24T08:44:43Z
b-seeds,https://b-seeds.com/,https://b-seeds.com/,https://b-seeds.com/kb-diamist,抗菌施工で差別化！「ダイヤミスト触媒」施工代理店募集,,,,仕入価格と販売価格の差益,無料,,九州地方 募集対象 法人・個人事業主・個人 初期費用 無料,法人・個人事業主・個人 初期費用 無料,「ダイヤミスト触媒」は、最先端のナノダイヤモンド触媒を使用した抗ウイルス抗菌環境を提供する商材です。 ナノダイヤモンドは非常に粒子が細かく、壁に塗布することで空間そのものを浄化しウイルスを分解。赤ちゃんの肌に触れても安心な高い安全性があり、一度の塗布で長期間効果が持続し場所を選ばず施工できます。 抗菌・抗ウイルスの他に防カビ・消臭・抗酸化などの効果が実証され、SIAAを取得した溶剤です。 弊社は5,,,active,2026-03-24T08:47:39Z,2026-03-24T08:47:39Z,2026-03-24T08:47:39Z
b-seeds,https://b-seeds.com/,https://b-seeds.com/,https://b-seeds.com/gl-ithojokinjoseikin,採択率95％超の人気支援！「補助金・助成金申請サポート」販売代理店募集,,,,獲得件数に応じた手数料をお支払い,無料,,全国 募集対象 法人・個人事業主 初期費用 無料,法人・個人事業主 初期費用 無料,「補助金・助成金申請サポート」は、中小企業・小規模事業者向けのIT導入補助金と東京都経営展開サポート事業の申請を全面的にサポートするサービスです。申請から交付までの一貫したサポート体制により、95%以上の高い採択率を実現しています。IT導入補助金と東京都助成金に特化した専門性、95%以上の高い採択率、申請から交付までの一貫したサポート体制が、当サービスの魅力です。また、段階的な成功報酬型の料金体系,,,active,2026-03-24T08:49:39Z,2026-03-24T08:49:39Z,2026-03-24T08:49:39Z
b-seeds,https://b-seeds.com/,https://b-seeds.com/,https://b-seeds.com/wu-reclive,採用を変える動画商材！「リクライブ」販売パートナー募集,,,,ストック型の継続収益＋約60種の商材のクロスセルが可能,無料,あり,全国 募集対象 法人 初期費用 無料,法人 初期費用 無料,「リクライブ」は、従来の会社説明会とは違う、ライブで企業のリアルを知る、新しい考え方の採用特化ライブ配信サービスです。 「もっと採用をおもしろい世界に。」をモットーに、全国の求職者と企業をダイレクトにつなげる仕組みをつくっています。 ここ数年で様々なものがオンライン化してきた中で会社説明会の在り方も変わり、リクルート活動もオンラインが主流になりつつあります。 リクライブはオンラインだからこそできる,,,active,2026-03-24T08:46:50Z,2026-03-24T08:46:50Z,2026-03-24T08:46:50Z
b-seeds,https://b-seeds.com/,https://b-seeds.com/,https://b-seeds.com/wu-saiyounyo,採用コストが利益に変わる！中小企業を支える新サービスです！「採用運用代行サービス」販売パートナー募集,,,,ご契約件数に応じた手数料をお支払い,無料,,全国 募集対象 法人 初期費用 無料,法人 初期費用 無料,採用活動において、「広告は出したけれど、応募が集まらない」「結局、採用に結びつかなかった」という経験は少なくありません。特に中小企業にとっては、先にコストだけが発生する従来型の求人広告は、大きなリスクとなってきました。 当サービスでは、その課題を根本から見直し、採用成果にコミットする新しいモデルを導入しています。広告費ではなく、実際の成果に応じた評価・報酬体系にすることで、無駄な支出を削減しながら,,,active,2026-03-24T08:55:26Z,2026-03-24T08:55:26Z,2026-03-24T08:55:26Z
b-seeds,https://b-seeds.com/,https://b-seeds.com/,https://b-seeds.com/wu-yagirpo,採用代行で企業支援！「採用代行サービス ヤギRPO」販売パートナー募集,,,,ご契約件数に応じた手数料をお支払い,無料,,全国 募集対象 法人 初期費用 無料,法人 初期費用 無料,「ヤギRPO」では、求人掲載からスカウトの送信、応募者対応までを一貫してプロが代行するサービスです。特に手間がかかるスカウト送信や応募後の連絡対応を任せられるため、「やろうと思っていたけれどできなかった」を解消し、すぐに採用活動をスタートできるのが最大の魅力です。 応募者からのメッセージ対応や面談調整など、対応の遅れがチャンスロスに直結する場面でも、プロによる迅速な対応で機会損失を防止。採用成功に,,,active,2026-03-24T08:52:27Z,2026-03-24T08:52:27Z,2026-03-24T08:52:27Z
b-seeds,https://b-seeds.com/,https://b-seeds.com/,https://b-seeds.com/wu-zinzaisaiyo,採用強化の決定版！「人材採用サービスパッケージ」販売パートナー募集,,,,複数商材の販売で継続的な収益が見込める,55万円～110万円（税込）,あり,全国 募集対象 法人・個人事業主・個人 初期費用 55万円～110万円（税込）,法人・個人事業主・個人 初期費用 55万円～110万円（税込）,「人材採用サービスパッケージ」は、採用に特化した商材を複数お取り扱いいただけるパッケージです。採用特化型LIVE配信サービスのリクライブ・完全成果報酬型の採用代行サービスRPO300・助成金や補助金の支援を行うコンサルティングの3つの商材をお取り扱いいただけます。求職者の売り手市場が続く日本では、企業様の人材確保のお悩みが絶えません。新しいアプローチで採用コストを抑え、企業様にも喜ばれる商材です。,,,active,2026-03-24T08:47:29Z,2026-03-24T08:47:29Z,2026-03-24T08:47:29Z
b-seeds,https://b-seeds.com/,https://b-seeds.com/,https://b-seeds.com/ac-chikudenchieigyo,提供リストで即稼働！「蓄電池ビジネス」個人営業代理店募集,,,,高単価契約による高額報酬と、リスト営業による高い成約率で安定収益が可能,"198,000円（税込）",,"全国 募集対象 法人・個人事業主・個人 初期費用 198,000円（税込）","法人・個人事業主・個人 初期費用 198,000円（税込）",「蓄電池ビジネス」は、太陽光発電システムと一緒に提案することで電気を貯めてコスト削減ができる人気商材です。太陽光発電システムと蓄電池をセットで提案することで高額契約となり、報酬も高くなるのが特長です。今回、全国にて申込獲得まで行っていただく営業代理店様を募集させていただくことになりました。 このビジネスが成功している要因の一つは、そのリストの作成方法です。弊社は電力会社様やガス会社様、ハウスメーカ,,,active,2026-03-24T08:44:04Z,2026-03-24T08:44:04Z,2026-03-24T08:44:04Z
b-seeds,https://b-seeds.com/,https://b-seeds.com/,https://b-seeds.com/ash-nuro,提案しやすく、続けやすい！「NURO光」販売パートナー募集,,,,ご契約により手数料をお支払い,5万円（税込）,,愛知/岐阜/三重/静岡/長野 募集対象 法人・個人事業主・個人 初期費用 5万円（税込）,法人・個人事業主・個人 初期費用 5万円（税込）,「NURO光」は高速インターネット回線サービスで、下り最大2Gbpsという国内最高水準の通信速度を誇ります。独自の光ファイバー網と専用機器を活用することで、一般的な光回線と比べて高速かつ安定した通信を実現しております。 また、高速回線でありながら月額料金は競争力が高く、コストパフォーマンスに優れている点も大きな魅力です。工事費実質無料やキャッシュバックなどのキャンペーンが用意されることもあり、導入,,,active,2026-03-24T08:49:20Z,2026-03-24T08:49:20Z,2026-03-24T08:49:20Z
b-seeds,https://b-seeds.com/,https://b-seeds.com/,https://b-seeds.com/kt-nuromansion,支援充実の通信販売！「NURO光（マンション）」訪問販売パートナー募集,,,,獲得件数に応じた報酬をお支払いします,無料,,茨城県/福島県 募集対象 法人・個人事業主・個人 初期費用 無料,法人・個人事業主・個人 初期費用 無料,「NURO光（マンション）」は、小規模マンション（29戸以下）に焦点を当て、低コストで高速なインターネット接続を提供するサービスです。以前のプランと比較しても、月額費用が大幅に引き下げられているため、より多くの物件にアプローチすることが可能です。さらに、専売と併売のいずれの形態でも営業ができ、各エリアに合わせた柔軟な対応が可能です。パートナー様には、業務開始に必要な研修や事務作業のサポートがあるた,,,active,2026-03-24T08:48:26Z,2026-03-24T08:48:26Z,2026-03-24T08:48:26Z
b-seeds,https://b-seeds.com/,https://b-seeds.com/,https://b-seeds.com/eg-sensitiveskincream,敏感肌用で注目商品！「oneセンシティブスキンクリーム」販売店募集,,,,高利益率で導入コストも低く、リピート販売が見込める高収益商材,無料,,全国 募集対象 法人 初期費用 無料,法人 初期費用 無料,「oneセンシティブスキンクリーム」は、ユーグレナ配合の敏感肌用クリームです。 強い生命力と豊富な栄養素を持つユーグレナ由来の美容成分に加えて、肌になじみやすい厳選された3種のセラミドと、保湿・エモリエント成分からなるeセラミドコンプレックスを配合。 センシティブな肌の方はもちろん、デリケートな時期の肌もしっかり守ります。 今回、本商品の新規販売店様および卸代理店様を募集させていただくことになりま,,,active,2026-03-24T08:51:51Z,2026-03-24T08:51:51Z,2026-03-24T08:51:51Z
b-seeds,https://b-seeds.com/,https://b-seeds.com/,https://b-seeds.com/bl-homeonekozin,新製品で高収益実現！「BUBBLE LAB HOME ONE」個人代理店募集,,,,仕入・販売差益で粗利65％以上の収益,55万円～110万円（税込）,,全国 募集対象 法人・個人事業主・個人 初期費用 55万円～110万円（税込）,法人・個人事業主・個人 初期費用 55万円～110万円（税込）,月間60万円〜700万円の収益が可能（販売スタイルにより変動）・副商材として導入：月間60万円～300万円の利益・メイン商材として展開：月間100万円～700万円の利益※契約条件に応じた卸価格を設定（詳細は商談時にご案内） 貴社の事業に適した販売チャネルを選択可能・訪問販売（住宅・リフォーム業界向け）・イベントプロモーション（商業施設・展示会など）・不動産業界（住宅購入特典として活用） 柔軟な販売,,,active,2026-03-24T08:43:07Z,2026-03-24T08:43:07Z,2026-03-24T08:43:07Z
b-seeds,https://b-seeds.com/,https://b-seeds.com/,https://b-seeds.com/ai-iphoneshinki,新規ユーザーが動きやすい価格！「ソフトバンク法人携帯 新規加入キャンペーン」紹介代理店募集,,,,獲得件数に応じた手数料をお支払い,"11,000円（税込）",,"全国 募集対象 法人・個人事業主 初期費用 11,000円（税込）","法人・個人事業主 初期費用 11,000円（税込）","当サービスは法人向け携帯の新規契約を促進する施策として、「iPhone 16e（128GB）」を対象とした特別キャンペーンが展開されています。このキャンペーンでは、前半24回分の端末代金を1円に大幅割引することで、総額43,896円もの値引きが実現します。 最大のポイントは、「1円×24回」という強力な訴求ワード。スマートフォン販促においては、クリック率・資料請求率が大きく向上する傾向があり、代理",,,active,2026-03-24T08:55:54Z,2026-03-24T08:55:54Z,2026-03-24T08:55:54Z
b-seeds,https://b-seeds.com/,https://b-seeds.com/,https://b-seeds.com/me-reform,新規顧客を自動獲得！「リフォーム集客王」販売代理店募集,,,,2～3社の導入でも月数万円の継続収益が可能,55万円～110万円（税込）,あり,全国 募集対象 法人・個人事業主・個人 初期費用 55万円～110万円（税込）,法人・個人事業主・個人 初期費用 55万円～110万円（税込）,「リフォーム集客王」は、リフォーム・外壁塗装・火災保険の新規顧客リストを自動生成するオートコールシステムです。従来の録音した音声アンケートを自動で一斉発信し、電話口の方のアンケート回答結果をリスト化する「集客王」のリフォーム業界向けサービスです。すでに興味があるお客様のリストだけが抽出されるため、効率的にアプローチができるのが特長です。今回、販売代理店の募集を開始しましたので、是非ご応募いただけれ,,,active,2026-03-24T08:42:58Z,2026-03-24T08:42:58Z,2026-03-24T08:42:58Z
b-seeds,https://b-seeds.com/,https://b-seeds.com/,https://b-seeds.com/sj-buturyu,既存事業にプラスできる、在庫不要の新収益モデル！「物流収益シェアモデル」ビジネスパートナー募集,,,,粗利の20％～をお支払い,無料,,茨城 募集対象 法人・個人事業主・個人 初期費用 無料,法人・個人事業主・個人 初期費用 無料,「物流収益シェアモデル」は、加盟金や登録費、月額費用が一切かかりません。ロイヤリティも不要です。つまり、固定費ゼロでスタートできる仕組みになっています。 扱うのは“モノ”ではなく“情報”。在庫を抱えることもなければ、仕入れ資金を用意する必要もありません。そのため、「まずは試してみたい」「副業として小さく始めたい」という方でも無理なく取り組めます。 収益は成果報酬型。結果が出た分だけ報酬が発生するシ,,,active,2026-03-24T08:50:17Z,2026-03-24T08:50:17Z,2026-03-24T08:50:17Z
b-seeds,https://b-seeds.com/,https://b-seeds.com/,https://b-seeds.com/ie-terasel,既存顧客へ提案しやすい！「法人向け電力サービス TERASELでんき for Biz.」媒介代理店募集,,,,提携スキームによってショットもしくはストックでのお支払い,55万円（税込）～,あり,全国（北海道・沖縄を除く） 募集対象 法人 初期費用 55万円（税込）～,法人 初期費用 55万円（税込）～,「TERASELでんき for Biz.」は、伊藤忠エネクスが自ら小売電気事業者として、又は他小売電気事業者の媒介店として電力を提供する法人向けサービスです。対応エリアや電圧の幅が広いため、中小企業から大規模法人まで柔軟に対応可能で、料金体系もわかりやすく、企業様に安心してご利用いただけます。 電気というインフラを扱うため、業種を問わず提案可能で、既にBtoB営業ルートを持つ企業なら、そのネットワ,,,active,2026-03-24T08:50:22Z,2026-03-24T08:50:22Z,2026-03-24T08:50:22Z
b-seeds,https://b-seeds.com/,https://b-seeds.com/,https://b-seeds.com/ash-audenki,既存顧客を活かして、無理なく収益を積み上げたい方へ！「auでんき」販売パートナー募集,,,,ご契約により手数料をお支払い,"55,000円（税込）～",,"全国 募集対象 法人・個人事業主・個人 初期費用 55,000円（税込）～","法人・個人事業主・個人 初期費用 55,000円（税込）～",「auでんき」が代理店商材として取り組みやすい理由は、「売り方」よりも先に「商品そのものの特性」が整っている点にあります。電気はすべての家庭・企業で必ず使われる生活必需品であり、景気や流行に左右されにくいインフラです。新しい需要を無理に掘り起こす必要がなく、すでに使われている電気を“切り替える”提案ができるため、営業のハードルが低くなります。 さらに、提案の中心は新規開拓ではなく既存顧客です。携帯,,,active,2026-03-24T08:45:20Z,2026-03-24T08:45:20Z,2026-03-24T08:45:20Z
b-seeds,https://b-seeds.com/,https://b-seeds.com/,https://b-seeds.com/vl-reroof,日当1万3000円〜稼ぎながら手に職！「自宅の修理屋 リルーフ」独立開業パートナー募集,,,,1件あたりの利益は数十万円も可能。 屋根・樋・カーポートなど高単価工事で、少ない件数でもしっかり収益化。,無料,,全国 募集対象 法人・個人事業主・個人 初期費用 無料,法人・個人事業主・個人 初期費用 無料,「リルーフ」は、これからの時代に必要とされる“住宅の修繕”に特化したフランチャイズモデルです。高齢化や自然災害の影響で、住宅のメンテナンス需要は年々高まっており、古くなった雨樋や屋根、カーポートの修繕など、住まいに関する「困った」を解決するサービスは、今後も安定した需要が期待されています。 実は、こうした住宅の修繕が必要なタイミングで、すぐに依頼できる業者が地域に少ないという課題があります。特に地,,,active,2026-03-24T08:48:39Z,2026-03-24T08:48:39Z,2026-03-24T08:48:39Z
b-seeds,https://b-seeds.com/,https://b-seeds.com/,https://b-seeds.com/me-houjinsyukyakuoh,日本初の自動見込み客リスト生成オートコールで営業効率UP！「法人開拓集客王」販売代理店募集,,,,2～3社獲得するだけで月に数万円の継続収益が可能,"21,780円（税込）～",あり,"全国 募集対象 法人 初期費用 21,780円（税込）～","法人 初期費用 21,780円（税込）～",「法人開拓集客王」は、法人向け営業で見込み客リストを自動生成する日本初の専用オートコールシステムです。従来の録音した音声アンケートを自動で一斉発信し、電話口の方のアンケート回答結果をリスト化する「集客王」の法人向けに特化したサービスです。実は法人開拓ではテレマーケティングの効果が高く、メールDM禁止などで法人営業にお困りの企業が増えている今がチャンスです。今回、販売代理店の募集を開始しましたので、,,,active,2026-03-24T08:46:26Z,2026-03-24T08:46:26Z,2026-03-24T08:46:26Z
b-seeds,https://b-seeds.com/,https://b-seeds.com/,https://b-seeds.com/og-ihelmetsho,日本初上陸！紹介のみで高収益！「頭皮ケア アイヘルメット」紹介パートナー募集,,,,成約金額の10％,110万円（税込）～,,全国 募集対象 法人・個人事業主・個人 初期費用 110万円（税込）～,法人・個人事業主・個人 初期費用 110万円（税込）～,美容・ヘルスケアの現場では競争が激化しており、今や「何を提供しているか」だけでなく、「どのように差別化できるか」が選ばれるための重要な要素となっています。そうした中、美容業界にとどまらず他業界からも注目を集めているのが、日本初上陸のスカルプケア機器「アイヘルメット」です。 アイヘルメットは、低出力レーザー（LLLT）を用いて頭皮環境を整える先進的なスカルプケアデバイスです。アメリカや中国では医療機,,,active,2026-03-24T08:41:59Z,2026-03-24T08:41:59Z,2026-03-24T08:41:59Z
b-seeds,https://b-seeds.com/,https://b-seeds.com/,https://b-seeds.com/og-ihelmet,日本初上陸！高収益商材で新規顧客を開拓「頭皮ケア アイヘルメット」販売パートナー募集,,,,45％～の掛け率,無料,,全国 募集対象 法人・個人事業主 初期費用 無料,法人・個人事業主 初期費用 無料,美容やヘルスケアの現場では、他店との差別化がますます重要になっており、他業界でも注目されているのが、日本初上陸のスカルプケア機器「アイヘルメット」です。 この製品は、低出力レーザー（LLLT）を用いて頭皮環境を整える、先進的なスカルプケアデバイスです。アメリカや中国などでは医療機器として認可され、クリニックや大学病院でも使用されている実績があります。日本国内では美容家電として扱えるため、医療資格が,,,active,2026-03-24T08:43:45Z,2026-03-24T08:43:45Z,2026-03-24T08:43:45Z
b-seeds,https://b-seeds.com/,https://b-seeds.com/,https://b-seeds.com/wu-saishinsnstool,最新SNSで店舗集客！「最新のSNS運用ツール集」販売パートナー募集,,,,複数商材を扱えることで継続的かつ複線的な収益化が可能,"49,500円（税込）",あり,"全国 募集対象 法人・個人事業主・個人 初期費用 49,500円（税込）","法人・個人事業主・個人 初期費用 49,500円（税込）",最新のSNS運用ツール集」は、集客に特化したSNS運用ツールを複数お取り扱いいただけるサービスです。GoogleビジネスプロフィールとInstagramを自動連携するSTORE LINK・インフルエンサーマーケティングサービスのトリドリマーケティング・SNS運用サービスのデジタルはじめてパックの3つの商材をご一緒に販売いただけます。 新規顧客の獲得や売上アップには、さまざまな媒体での集客が重要です,,,active,2026-03-24T08:44:28Z,2026-03-24T08:44:28Z,2026-03-24T08:44:28Z
b-seeds,https://b-seeds.com/,https://b-seeds.com/,https://b-seeds.com/af-velocient,最新VBTデバイス商材！「VBTデバイス velocient」販売代理店募集,,,,"1件につき3,300円～の成功報酬をお支払い",250万円（税込）,,全国 募集対象 法人・個人事業主・個人 初期費用 250万円（税込）,法人・個人事業主・個人 初期費用 250万円（税込）,"[youtube id=""32Fg9qPF-vY""] VBTデバイス「velocient」（ヴェロシェント）は、国内初の国産VBT測定機器として、開発段階から精度と品質にこだわり抜いています。搭載しているMPU-6886センサーは、業界最高クラスの精度を誇り、速度や加速度をリアルタイムで正確に測定。これにより、今まで感覚に頼っていたトレーニング管理が、数値に基づく科学的なトレーニングへと進化します",,,active,2026-03-24T08:42:43Z,2026-03-24T08:42:43Z,2026-03-24T08:42:43Z
b-seeds,https://b-seeds.com/,https://b-seeds.com/,https://b-seeds.com/kt-rocketnow,最短1週間で収益化できる話題の新商材を取扱可能！「Rocket now」開拓代理店募集,,,,"40,000円の手数料をお支払い",無料,,神奈川県 募集対象 法人・個人 初期費用 無料,法人・個人 初期費用 無料,「Rocket now」は韓国発のフードデリバリーサービスです。送料・サービス料が完全無料でどなたでもお気軽に利用できます。日本市場への参入は始まったばかりですが、その勢いと話題性は今後の急成長を予感させるものです。競合が少ない今だからこそ、先行者利益を得られる可能性があります。この代理店制度では、申し込みから稼働開始まで、最短で1週間。無駄な待機期間がないため、「やる気があるうちに動きたい」とい,,,active,2026-03-24T08:53:08Z,2026-03-24T08:53:08Z,2026-03-24T08:53:08Z
b-seeds,https://b-seeds.com/,https://b-seeds.com/,https://b-seeds.com/kt-ubereats,"最短1週間で収益化でき最大61,000円手数料の高収益商材！「Uber Eats」販売代理店募集",,,,"最大61,000円の手数料をお支払い",40万円（税込）,,全国 募集対象 法人・個人事業主・個人 初期費用 40万円（税込）,法人・個人事業主・個人 初期費用 40万円（税込）,「Uber Eats」販売代理店募集は、言わずと知れた大手フードデリバリーサービス。提案先の飲食店側でもすでに名前を知っていることが多く、話を聞いてもらいやすいのが大きな強みです。説明に手間がかからず、初対面でもスムーズに会話を始められるため、営業初心者にとっては非常にありがたいポイントです。 「早く始めて、早く稼ぎたい」という方にぴったりなのが、この代理店制度のスピード感です。申し込みから稼働開,,,active,2026-03-24T08:55:38Z,2026-03-24T08:55:38Z,2026-03-24T08:55:38Z
b-seeds,https://b-seeds.com/,https://b-seeds.com/,https://b-seeds.com/kt-sonethikari,最短2週間で稼働できる人気商材！「So-net光（コラボ）」販売代理店募集,,,,ご契約件数に応じた手数料をお支払い,55万円（税込）,,全国 募集対象 法人・個人事業主・個人 初期費用 55万円（税込）,法人・個人事業主・個人 初期費用 55万円（税込）,【信頼・ブランド面】 ① ソニーグループの信頼ブランドで提案がしやすい業界屈指の知名度と信頼を誇る「So-net」ブランド。お客様からの安心感が高く、契約獲得率も向上します。 ② auスマートバリューでセット割提案が可能auユーザーに人気のセット割に対応。光回線とスマホを組み合わせたお得提案で単価アップを実現。 ③ 安定した通信品質と高い顧客満足度高品質な通信網と手厚いサポートでトラブルが少なく、,,,active,2026-03-24T08:42:32Z,2026-03-24T08:42:32Z,2026-03-24T08:42:32Z
b-seeds,https://b-seeds.com/,https://b-seeds.com/,https://b-seeds.com/vp-valuehikari,最速10ギガ通信商材！「バリュー光 フレッツクロス10ギガ」販売代理店募集,,,,"月額9,800円～（税別）で、リース物販やOA機器のセット販売で高粗利を狙えます",無料～,あり,全国 募集対象 法人・個人事業主・個人 初期費用 無料～,法人・個人事業主・個人 初期費用 無料～,"「バリュー光 フレッツクロス10ギガ」は、通常のフレッツ光に比べて10倍となる上り下り最大10Gbpsという史上最速のインターネットサービスです。しかも月額9,800円～（税別）！固定IPアドレス1個付与、最低利用期間無し（違約金無し）、オフィスネットワーク全体の最適化を行えます。コロナ禍でオフィスのネット回線は速度（帯域）不足が大きな問題になっています。今回、東京都、神奈川県、千葉県、埼玉県で活",,,active,2026-03-24T08:47:53Z,2026-03-24T08:47:53Z,2026-03-24T08:47:53Z
b-seeds,https://b-seeds.com/,https://b-seeds.com/,https://b-seeds.com/ad-joseikinnet,月1件成約で月収176万円も可能な高報酬システム商材！「助成金.net」認定パートナー募集,,,,1件ご契約で平均176万円の報酬をお支払い,無料,,全国 募集対象 法人・個人事業主 初期費用 無料,法人・個人事業主 初期費用 無料,「助成金.net」は、受給できる助成金・補助金を30秒で診断し、受給を支援するビジネスです。すでに全国800社以上のBtoB企業様に導入いただいており、助成金診断に活用されています。認定パートナー様は助成金システムの販売の本部として、スポット報酬・ストック報酬・権利報酬の3つの報酬を受け取ることができます。月1件のご契約でも月収176万円の収益が可能で、高収益が期待できるビジネスです。 当ビジネス,,,active,2026-03-24T08:46:33Z,2026-03-24T08:46:33Z,2026-03-24T08:46:33Z
b-seeds,https://b-seeds.com/,https://b-seeds.com/,https://b-seeds.com/wb-shokaikozin,月500万円売上の実績ある人気集客サービス！「MEOサービス」紹介代理店募集,,,,・初期費用＋月額費用（クライアントがお支払いする総額）の最大40％をお支払い ・契約が続く限りストック収益をお支払い,無料,あり,全国（沖縄を除く） 募集対象 法人・個人事業主 初期費用 無料,法人・個人事業主 初期費用 無料,「MEO対策サービス」はGoogleマップや検索結果での上位表示を実現し、地域密着型の集客を強化できるMEO対策サービスです。スマートフォン利用の増加やGoogleの圧倒的な検索シェアを背景に、今や店舗ビジネスには欠かせない集客施策となっています。 本サービスは、エステ、美容室、飲食店、医療機関など幅広い業種で成果を上げており、実際に「表示順位1位」「来店数3倍」といった導入事例も多数あります。ま,,,active,2026-03-24T08:48:10Z,2026-03-24T08:48:10Z,2026-03-24T08:48:10Z
b-seeds,https://b-seeds.com/,https://b-seeds.com/,https://b-seeds.com/fa-tiktokliver,未経験OKのSNSビジネス！「TikTokライバー事務所」代理店募集,,,,ライバーの活動に応じた報酬をお支払い,無料,,全国 募集対象 法人 初期費用 無料,法人 初期費用 無料,「TikTokライバー事務所」は、TikTokライバー事務所の代理店として、ライバーの発掘・サポート・管理を行うビジネスです。初期費用ゼロ・未経験OKで始められ、成果に応じた報酬を得られる高収益モデルが特徴です。 未経験の方でも安心して始められるよう、充実したオンライン研修を実施しています。この研修では、TikTokライバーの基礎知識から、ライバーとの関わり方、成果の上げ方、トラブル対応まで、実践,,,active,2026-03-24T08:53:59Z,2026-03-24T08:53:59Z,2026-03-24T08:53:59Z
b-seeds,https://b-seeds.com/,https://b-seeds.com/,https://b-seeds.com/an-fudosanbusiness,未経験OKの不動産提案！「賃貸&売買 不動産ビジネス」パートナー募集,,,,ご紹介 1件につき仲介手数料×20%〜60%の成果報酬,無料,,全国 募集対象 法人・個人事業主・個人 初期費用 無料,法人・個人事業主・個人 初期費用 無料,弊社のパートナー制度では、活動時間やノルマに縛られることが一切ありません。誰かに報告する義務もなく、案件があるときだけ活動することも、自分の都合のいい時期に集中して取り組むことも可能です。たとえば平日の夜だけ、週末だけ、あるいは月に1件の紹介だけ…というペースでも、十分に成果を上げている方が実際にいらっしゃいます。 働き方のスタイルは、まさに「あなた次第」。ご自身のライフスタイルに合わせて、無理な,,,active,2026-03-24T08:46:59Z,2026-03-24T08:46:59Z,2026-03-24T08:46:59Z
b-seeds,https://b-seeds.com/,https://b-seeds.com/,https://b-seeds.com/an-fudosanbusinesssho,未経験OKの不動産紹介！「賃貸&売買 不動産ビジネス」紹介パートナー募集,,,,ご紹介1件につき仲介手数料×20%〜60%の成果報酬,無料,,全国 募集対象 法人・個人事業主 初期費用 無料,法人・個人事業主 初期費用 無料,この代理店制度のお仕事内容は、知人や友人、SNSのフォロワーなどに不動産ニーズがある方を紹介するのみ。ご紹介いただいたお客様が成約した場合、仲介手数料×最低20%～が成果報酬となります。営業や契約業務を行うことなく、「つなぐ」だけで収益が発生する、新しい副業のカタチです。 たとえば、「引っ越しを考えている友人に紹介しただけで数万円の報酬が入った」「SNSに不動産関連の投稿をしたらDMで相談が届き、,,,active,2026-03-24T08:43:05Z,2026-03-24T08:43:05Z,2026-03-24T08:43:05Z
b-seeds,https://b-seeds.com/,https://b-seeds.com/,https://b-seeds.com/tr-hozinkeitai,未経験OKの法人営業！「法人向け ソフトバンク携帯」販売パートナー募集,,,,販売プランに応じた手数料をお支払い,無料,,全国（一部地域を除く） 募集対象 法人 初期費用 無料,法人 初期費用 無料,株式会社トロワでは、「ソフトバンク携帯」をお取扱いいただける販売パートナーを募集しております。 法人携帯の提案対象が、個人商店・屋号も可能なのは3大キャリアでソフトバンクだけとなります。かけ放題・大容量プランで機種も多種多様で自由選択など、お客様にご提案いただきやすいのが特長です。販売方法も自己完結・トスアップのみと選択可能ですので、現状の事業に見合った提案方法を一緒に模索出来ればと思います！ 今,,,active,2026-03-24T08:53:54Z,2026-03-24T08:53:54Z,2026-03-24T08:53:54Z
b-seeds,https://b-seeds.com/,https://b-seeds.com/,https://b-seeds.com/nis-karaagegigyo,未経験OKの飲食FC事業！「からあげ専門店」フランチャイズ加盟店募集,,,,売上から諸経費を差し引いた金額,40万円（税込）,,全国 募集対象 法人・個人事業主・個人 初期費用 40万円（税込）,法人・個人事業主・個人 初期費用 40万円（税込）,当事業は、日本全国に展開する店舗数トップクラスのからあげテイクアウト専門店です。全国のオーナー様一人ひとりが地域でしっかりとお客様に愛され、継続して経営を続けてこられたからこそ、ここまでの広がりを見せているのです。では、なぜここまで多くの方に選ばれているのでしょうか？その理由のひとつは、「からあげ」という日常食をベースにしていること。コンビニやスーパーでも定番のメニューであり、世代を問わずニーズが,,,active,2026-03-24T08:47:14Z,2026-03-24T08:47:14Z,2026-03-24T08:47:14Z
b-seeds,https://b-seeds.com/,https://b-seeds.com/,https://b-seeds.com/nys-shuppindaiko,未経験からEC収益化！「出品代行コンシェルジュ」代理店募集,,,,未経験者でも月商300万円超えの実績あり,無料,,全国 募集対象 法人・個人事業主・個人 初期費用 無料,法人・個人事業主・個人 初期費用 無料,副業やEC販売に挑戦したいけれど、「出品作業が面倒そう」「時間が取れない」と感じている方も多いのではないでしょうか？そんな方にぴったりなのが、UECの「出品代行コンシェルジュ」サービスです。このサービスでは、商品の出品作業をすべてプロのスタッフが代行。タイトルの作成や説明文の入力、画像の登録まで、出品に必要な作業を一括で引き受けます。 「売りたい気持ちはあるけれど、出品がネックで始められない…」と,,,active,2026-03-24T08:42:38Z,2026-03-24T08:42:38Z,2026-03-24T08:42:38Z
b-seeds,https://b-seeds.com/,https://b-seeds.com/,https://b-seeds.com/ps-kuchikomi365,未経験からでも始めやすい！「店舗集客特化型MEO 口コミ365」販売パートナー募集,,,,ご契約件数に応じた手数料をお支払い,55万円（税込）,,全国 募集対象 法人・個人事業主・個人 初期費用 55万円（税込）,法人・個人事業主・個人 初期費用 55万円（税込）,従来のGoogleマップ対策（MEO）に加え、急速に普及するChatGPTやGeminiなどの「AI検索」への最適化（AIO）をセットで提案可能です。ユーザーの検索行動が「ググる」から「AIに聞く」へと変化する中、AIが店舗を直接推薦する新たな集客経路を確保できる点は、店舗にとって極めて大きな魅力。検索表示回数平均+250%増という確かなMEO実績をベースに、次世代の集客スタンダードをいち早く提供,,,active,2026-03-24T08:48:17Z,2026-03-24T08:48:17Z,2026-03-24T08:48:17Z
b-seeds,https://b-seeds.com/,https://b-seeds.com/,https://b-seeds.com/pc-ubereats,未経験からでも安心！「Uber Eats」販売代理店募集,,,,獲得件数に応じた手数料をお支払い,無料,,全国 募集対象 法人・個人事業主・個人 初期費用 無料,法人・個人事業主・個人 初期費用 無料,「UberEats」は、今では多くの人が利用しているフードデリバリーサービスです。飲食店のオーナーもその名前を知らない方はほとんどおらず、こちらから説明をしなくてもと話を聞いてもらいやすいのが大きな強みです。 すでに多くのお店が導入している安心感もあり、「うちのお店でも使ってみたい」と思ってもらえる可能性が高い商材です。デリバリー業界でもトップクラスの実績があり、導入後に注文が入るチャンスも十分に,,,active,2026-03-24T08:51:11Z,2026-03-24T08:51:11Z,2026-03-24T08:51:11Z
b-seeds,https://b-seeds.com/,https://b-seeds.com/,https://b-seeds.com/smc-mvno,未経験から始めるストック型通信事業！「MVNOビジネス」販売パートナー募集,,,,貴社が自由に決めた利益が、毎月積み上がる「ストック型報酬」,無料,あり,大阪府/兵庫県/京都府/岡山県/徳島県/香川県/石川県/福井県 募集対象 法人・個人事業主・個人 初期費用 無料,法人・個人事業主・個人 初期費用 無料,通信事業の立ち上げと聞くと、「時間がかかる」「準備が大変」というイメージをお持ちではないでしょうか。通常、MVNO事業を開始するには、回線契約、システム構築、価格設計、オペレーション整備など、多くの工程が必要になります。しかし当ビジネスでは、それらをパッケージ化。構築開始から約1.5〜2か月でローンチが可能です。 新規事業は、スピードが重要です。検討に時間がかかるほど、機会損失も大きくなります。本,,,active,2026-03-24T08:53:37Z,2026-03-24T08:53:37Z,2026-03-24T08:53:37Z
b-seeds,https://b-seeds.com/,https://b-seeds.com/,https://b-seeds.com/4c-denbahealth,未経験から始める健康ビジネス！「DENBA Health」販売代理店募集,,,,販売価格と仕入価格の差益,無料,,岡山県 募集対象 法人・個人事業主・個人 初期費用 無料,法人・個人事業主・個人 初期費用 無料,「DENBA Health」は、特許取得済みの独自技術を活用し、空間内の水分子に微弱な電場刺激を与えることで、自律神経のバランスを整え、血流の巡りをサポートする革新的なヘルスケア機器です。東京大学との共同研究により、その技術的裏付けと効果検証がなされており、信頼性の高いエビデンスベースの商品として市場に展開されています。特徴的なのは、放電板（マット）に接触せずとも、半径1〜1.5メートルの範囲に3,,,active,2026-03-24T08:53:03Z,2026-03-24T08:53:03Z,2026-03-24T08:53:03Z
b-seeds,https://b-seeds.com/,https://b-seeds.com/,https://b-seeds.com/ao-oidakidr,未経験でも参入しやすい住宅設備の成長ビジネス！「追い焚きドクター」施工代理店募集,,,,月利20万円～50万円が可能です,無料,,福岡県/佐賀県/大分県/長崎県/鹿児島県/宮崎県/沖縄県 募集対象 法人・個人事業主・個人 初期費用 無料,法人・個人事業主・個人 初期費用 無料,「追い焚きドクター」は日本の風呂文化に着目し、追い焚き配管内に蓄積する汚れや菌を除去するサービスです。配管内には汗や皮脂、雑菌が蓄積し、レジオネラ菌のリスクが指摘されています。そのため、メーカー推奨の「6ヶ月に1回の配管洗浄」を提案することで、お客様は安心して入浴を楽しめます。入浴文化が根付く日本では、3人に1人が日常的に浴槽に浸かり、追い焚き機能が不可欠な存在となっています。市場性の高い商材とし,,,active,2026-03-24T08:49:56Z,2026-03-24T08:49:56Z,2026-03-24T08:49:56Z
b-seeds,https://b-seeds.com/,https://b-seeds.com/,https://b-seeds.com/pc-rocketnow,未経験でも始めやすい！「rocket now」販売代理店募集,,,,獲得件数に応じた手数料をお支払い,無料,,全国 募集対象 法人 初期費用 無料,法人 初期費用 無料,「rocketnow」は、飲食店向けに登場した新しいスタイルのデリバリーサービスです。大きな特長は、なんといっても配送料もサービス料も完全無料という点です。ユーザーにとっても店舗にとってもコスト負担がありません。ゼロ円でサービスを利用できるため、導入のハードルが低く、店舗側の反応も非常に良好です。 さらに、Qコマースのノウハウを活かした迅速な配達体制や、導入後も安心のカスタマーサポートが整っており,,,active,2026-03-24T08:53:18Z,2026-03-24T08:53:18Z,2026-03-24T08:53:18Z
b-seeds,https://b-seeds.com/,https://b-seeds.com/,https://b-seeds.com/gs-tushinkaisen,未経験でも安心の研修付きで地方密着提案がしやすい！「通信回線」販売代理店募集,,,,ご契約件数に応じた手数料をお支払い,110万円（税込）～,,全国 募集対象 法人・個人事業主 初期費用 110万円（税込）～,法人・個人事業主 初期費用 110万円（税込）～,「通信回線」は、地方ケーブルテレビの通信回線を取り扱うビジネスです。未経験者でも安心して始められるよう、商品知識から営業トーク、成約までのノウハウを網羅した研修プログラムをご用意しています。実際の営業同行も行い、現場での具体的なサポートを実施します。マネジメント研修もあり、独立後の人材採用や育成についても手厚くフォローします。 本ビジネスは完全成果報酬型を採用しており、受注と開通の2段階で報酬が支,,,active,2026-03-24T08:43:17Z,2026-03-24T08:43:17Z,2026-03-24T08:43:17Z
b-seeds,https://b-seeds.com/,https://b-seeds.com/,https://b-seeds.com/sc-enepaldairi,未経験でも安心！電力コスト削減で稼げる！「新電力 エネパル」販売代理店募集,,,,獲得件数に応じた手数料をお支払い,無料～,,全国 募集対象 法人・個人事業主・個人 初期費用 無料～,法人・個人事業主・個人 初期費用 無料～,「エネパル」は、電気代の見直しを通じて企業や店舗の固定費を削減できる新電力サービスです。最大の特長は、電気の請求書1枚で簡単にシミュレーションができ、コスト削減の効果を“見える化”して提案できる点です。電気料金は経営に直結する固定費のため、提案が刺さりやすく、導入の意思決定もスピーディ。契約のたびに明確な経済的メリットがあるため、紹介や横展開がしやすいのも魅力です。 さらに、切り替えの手続きは非常,,,active,2026-03-24T08:55:58Z,2026-03-24T08:55:58Z,2026-03-24T08:55:58Z
b-seeds,https://b-seeds.com/,https://b-seeds.com/,https://b-seeds.com/fa-contents,未経験でも扱いやすい豊富なストック商材！「コンテンツサービス」販売代理店募集,,,,商材ごとに手数料をお支払い,無料,あり,九州地方 募集対象 法人・個人事業主 初期費用 無料,法人・個人事業主 初期費用 無料,「コンテンツサービス」は、スマホサポート、防災情報、防犯対策など、日常生活に役立つ定額制サービスを扱える代理店向けの商材です。月額数百円からの手頃な価格で提供されており、ユーザーにとって導入のハードルが低く、販売のしやすさが魅力です。また、契約が続く限り毎月報酬が発生する「ストック型収益モデル」を採用しているため、長期的な安定収入を目指す方に最適です。 副業としてコツコツ始めたい方にも、本業で安定,,,active,2026-03-24T08:49:11Z,2026-03-24T08:49:11Z,2026-03-24T08:49:11Z
b-seeds,https://b-seeds.com/,https://b-seeds.com/,https://b-seeds.com/wu-kikikomi,未経験でも扱いやすい！「AI活用型口コミ支援サービス キキコミ」販売代理店募集,,,,ご契約件数に応じた手数料をお支払い,"55,000円（税込）",,"全国 募集対象 法人・個人事業主・個人 初期費用 55,000円（税込）","法人・個人事業主・個人 初期費用 55,000円（税込）",店舗集客において、Googleビジネスプロフィールの最適化はますます重要性を増しています。特に、口コミの「量」と「質」は、検索結果の上位表示に直結する要素であり、効果的なMEO対策には避けて通れないポイントです。 「キキコミ」は、そうした課題を解決するために開発された、AIを活用した口コミ自動生成ツールです。顧客にアンケート形式で簡単に回答してもらうだけで、その内容をもとにAIが信頼性の高い口コミ,,,active,2026-03-24T08:51:49Z,2026-03-24T08:51:49Z,2026-03-24T08:51:49Z
b-seeds,https://b-seeds.com/,https://b-seeds.com/,https://b-seeds.com/pp-soudankai,本部支援の特別相談会！「代理店本部・フランチャイズ本部向け パートナービジネス相談会」紹介パートナー募集,,,,ご紹介いただいた企業様の成約により報酬発生（ストック収益）,110万円（税込）,あり,全国 募集対象 法人 初期費用 110万円（税込）,法人 初期費用 110万円（税込）,"[youtube id=""lMEEGe1JwnU""] 多くの代理店本部・フランチャイズ本部が直面している課題――それは、代理店や加盟店（＝パートナー）の活動状況や育成の進捗が見えづらいことです。この状況を放置すると、課題の特定や改善施策の立案が遅れ、結果として売上の伸び悩みや非効率な運営に繋がりかねません。 そこでご紹介するのが、最新のPRM（Partner Relationship",,,active,2026-03-24T08:56:04Z,2026-03-24T08:56:04Z,2026-03-24T08:56:04Z
b-seeds,https://b-seeds.com/,https://b-seeds.com/,https://b-seeds.com/gg-dinomosumaho,格安で安定した高速回線を提案できノルマなしで安心！「dinomo」取次パートナー募集,,,,販売件数に応じた手数料をストックでお支払い,無料,あり,全国 募集対象 法人 初期費用 無料,法人 初期費用 無料,「dinomo」は、トリプルキャリア対応のモバイル通信サービスです。音声回線はdocomo、データ通信はau・楽天回線を利用し、国内外で快適な通信環境を提供します。国内ほぼ100%のエリアをカバーし、安定した高速通信が可能です。通常のMVNOとは異なり、回線品質を重視したサービス設計のため、快適な通信環境を求めるユーザーにも最適です。 当サービスのパートナー制度では、販売ノルマなし・在庫不要で、シ,,,active,2026-03-24T08:54:07Z,2026-03-24T08:54:07Z,2026-03-24T08:54:07Z
b-seeds,https://b-seeds.com/,https://b-seeds.com/,https://b-seeds.com/gg-mvno,格安通信で副業参入！「格安SIM事業」再販パートナー募集,,,,仕入価格と販売価格の差益,無料,,東京都、埼玉県、群馬県、茨城県 募集対象 法人・個人事業主・個人 初期費用 無料,法人・個人事業主・個人 初期費用 無料,「格安SIM事業」は、格安スマホやSIMなどのMVNOを豊富にお取り扱いいただけるビジネスです。格安SIMに加え、端末とのセットプランやWifiモバイルルーターなど、豊富な商材をお取り扱いいただけます。MVNOは、生活や仕事になくてはならないサービスのため、安定的な収益獲得が見込めます。 お取り扱い回線には、大手通信会社の楽天モバイルやドコモなどがございます。フック商材やクロスセル商材としても活用,,,active,2026-03-24T08:54:37Z,2026-03-24T08:54:37Z,2026-03-24T08:54:37Z
b-seeds,https://b-seeds.com/,https://b-seeds.com/,https://b-seeds.com/ark-prfuhyoseo,検索サジェストを活用した広告商材「SEO企業向け PR＆風評対策サービス」OEMパートナー募集,,,,販売価格－卸価格,無料,,全国 募集対象 法人・個人事業主・個人 初期費用 無料,法人・個人事業主・個人 初期費用 無料,近年、企業のブランド評価やサービス選定において、検索エンジンで表示される「サジェスト欄」が意思決定に大きな影響を及ぼすようになっています。企業名を検索した際に、ネガティブな関連キーワードが表示されるだけで、ユーザーの離脱率が高まり、問い合わせや商談機会を逃してしまうケースも少なくありません。こうした課題を背景に、株式会社アークH.Dが提供する「PR＆風評対策サービス」は、企業ブランドの信頼性向上と,,,active,2026-03-24T08:50:16Z,2026-03-24T08:50:16Z,2026-03-24T08:50:16Z
b-seeds,https://b-seeds.com/,https://b-seeds.com/,https://b-seeds.com/ark-prfuhyoclinic,検索サジェストを活用した広告商材「クリニック向け PR＆風評対策サービス」OEMパートナー募集,,,,販売価格－卸価格,無料,,全国 募集対象 法人・個人事業主・個人 初期費用 無料,法人・個人事業主・個人 初期費用 無料,近年、患者・利用者が医療機関を選定する際、検索エンジンで表示される「サジェスト欄」が意思決定に大きな影響を及ぼしています。そんな中、株式会社アークH.Dが提供する「PR＆風評対策サービス」は、クリニック様のブランド信頼性向上 と ネット上の風評リスク軽減を同時に推進する、新たなWeb広告スタイルとして注目されています。 本サービスは、検索時にポジティブなキーワードを上位に表示させ、ポジティブなネガ,,,active,2026-03-24T08:48:02Z,2026-03-24T08:48:02Z,2026-03-24T08:48:02Z
b-seeds,https://b-seeds.com/,https://b-seeds.com/,https://b-seeds.com/smc-aorino,業界最安AIドラレコ！「AI搭載型ドライブレコーダー AORINO Biz」販売代理店募集,,,,"1台ご契約につき最大13,000円の手数料をお支払い",無料,,全国 募集対象 法人・個人事業主・個人 初期費用 無料,法人・個人事業主・個人 初期費用 無料,「AORINO Biz」は、法人向けに特化したAI搭載型ドライブレコーダーです。事故防止や安全運転支援機能を備え、管理者の業務負担を軽減します。業界最安級の料金設定で、初期費用を抑えつつ導入でき、法人営業の商材として最適です。 当サービスは、アルコールチェック機能付きのドライブレコーダーとして、企業の法令遵守と安全運転管理をサポートします。クラウド管理により、アルコール測定結果や運転データを一元管,,,active,2026-03-24T08:55:04Z,2026-03-24T08:55:04Z,2026-03-24T08:55:04Z
b-seeds,https://b-seeds.com/,https://b-seeds.com/,https://b-seeds.com/pw-premiumwater,水事業で安定収益を実現！「プレミアムウォーター」販売代理店募集,,,,ショット・ストック・ハイブリッド型の高額手数料で安定収益を実現可能,無料,あり,全国 募集対象 法人・個人事業主・個人 初期費用 無料,法人・個人事業主・個人 初期費用 無料,「プレミアムウォーター」は、ウォーターサーバーでのシェア＆顧客満足度No.1※のおいしい天然水です。ウォーターサーバーをレンタルしていただきお客様のご自宅までお水を定期配送するサービスを全国で展開しております。 今回、新たに弊社サービスをお取り扱いいただける法人様を募集させていただくことになりました。全国各地でのイベント会場での催事開催が可能となっていますので、是非お取り扱いいただければ幸いです。,,,active,2026-03-24T08:52:54Z,2026-03-24T08:52:54Z,2026-03-24T08:52:54Z
b-seeds,https://b-seeds.com/,https://b-seeds.com/,https://b-seeds.com/eg-aquatanklotion,水分保持で潤う肌へ！「oneアクアタンクローション」販売店募集,,,,高機能化粧品のため、リピート性が高く高単価・高利益を実現可能,無料,,全国 募集対象 法人・個人事業主・個人 初期費用 無料,法人・個人事業主・個人 初期費用 無料,「oneアクアタンクローション」は、バイオテクノロジーの力でより早く、より深く、うるおいを貯えて巡らせる高保湿化粧水です。肌内部の水の通り道アクアポリンに働きかけることで、質細胞内部までうるおいを満たし、ふっくらハリのある肌へ導きます。今回、本商品の新規販売店様および卸代理店様を募集させていただくことになりましたので是非お取扱いいただければ幸いです。 「oneアクアタンクローション」は、ヘキサカル,,,active,2026-03-24T08:51:21Z,2026-03-24T08:51:21Z,2026-03-24T08:51:21Z
b-seeds,https://b-seeds.com/,https://b-seeds.com/,https://b-seeds.com/prd-partner,求人業界で独立支援！「大手求人広告」営業パートナー募集,,,,高マージンかつ既存顧客に提案できるため、収益化が早い,"55,000円（税込）",,"福島県/愛知県/愛媛県/高知県/大分県/熊本県/鹿児島県 募集対象 法人・個人事業主・個人 初期費用 55,000円（税込）","法人・個人事業主・個人 初期費用 55,000円（税込）",弊社は、今年38年目をむかえる求人広告の一次広告代理店です。全国300以上の広告メディアを取り扱っており、日本全国の採用活動をサポートしてまいりました。東京本社をはじめ、札幌・仙台・横浜・名古屋・大阪・神戸・福岡など、全国主要都市に営業所があり、地方エリアの採用活動でも導入企業様から高い評価を頂いております。 この度、「求人広告」の営業パートナー（二次代理店）様を全国で募集させて頂く事になりました,,,active,2026-03-24T08:51:09Z,2026-03-24T08:51:09Z,2026-03-24T08:51:09Z
b-seeds,https://b-seeds.com/,https://b-seeds.com/,https://b-seeds.com/ex-exdenki,法人・個人事業主向け提案！「法人・個人事業主向け新電力 EXでんき」販売代理店募集,,,,獲得件数に応じた手数料をお支払いいたします,無料,,全国 募集対象 法人・個人事業主・個人 初期費用 無料,法人・個人事業主・個人 初期費用 無料,「EXでんき」は地域電力会社よりも割安な料金で、電気と都市ガスを提供する新電力サービスです。通常初期費用をいただいておりますが、現在はキャンペーン中につき無料で参入できまうす。 副業としても始めやすく、不動産や引越し業界など、生活関連の事業者とも相性が良い商材です。ビジネス利用とあわせてオーナー宅の契約も可能で、提案の幅も広がります。料金面の魅力に加え、サポート体制や安心の手数料設計も整っており、,,,active,2026-03-24T08:55:16Z,2026-03-24T08:55:16Z,2026-03-24T08:55:16Z
b-seeds,https://b-seeds.com/,https://b-seeds.com/,https://b-seeds.com/pw-waterservershokai,法人向けで新規開拓！「プレミアムウォーター」法人紹介店募集,,,,獲得件数に応じて報酬をお支払い,無料,,東京都/神奈川県/千葉県/埼玉県 募集対象 法人・個人事業主・個人 初期費用 無料,法人・個人事業主・個人 初期費用 無料,「プレミアムウォーター」は、お水の定期配送を行う法人向けサービスです。ウォーターサーバーでのシェア＆顧客満足度No.1※の実績があり、おいしい天然水にご満足いただけ、高い知名度もございます。ウォーターサーバー市場は成長を続けており、今後も拡大が見込まれますので、ぜひお取り扱いいただけると幸いです。※シェアNo.1：日本流通産業新聞社調べ(2020年12月末時点)、顧客満足度No.1：マイボイスコム,,,active,2026-03-24T08:54:35Z,2026-03-24T08:54:35Z,2026-03-24T08:54:35Z
b-seeds,https://b-seeds.com/,https://b-seeds.com/,https://b-seeds.com/ee-hozinhikari,法人向け光回線で安定収益！「法人向け光回線」販売パートナー募集,,,,1件ご契約につき最大15万円の手数料をお支払い,無料,,九州地方 募集対象 法人・個人事業主 初期費用 無料,法人・個人事業主 初期費用 無料,法人向けの高単価商材として、「法人向け光回線」を中心に複数の選択肢を用意しています。たとえば、既存のフレッツ回線を活用した即時転用型の光回線は、申し込みがスムーズで、顧客にとっては料金プランの見直しによるコスト削減が可能です。一方で販売パートナーにとっては、転用前後で報酬を二重に得られる魅力的な構造となっています。 また、他にも高速回線の10Gbps対応プランや、特典付きのオプションサービスなどが,,,active,2026-03-24T08:55:21Z,2026-03-24T08:55:21Z,2026-03-24T08:55:21Z
b-seeds,https://b-seeds.com/,https://b-seeds.com/,https://b-seeds.com/ai-android,法人向け特別価格・高インセンティブあり！「ソフトバンク法人携帯 Android拡販キャンペーン」紹介代理店募集,,,,獲得件数に応じた手数料をお支払い,11万円（税込）,,全国 募集対象 法人・個人事業主・個人 初期費用 11万円（税込）,法人・個人事業主・個人 初期費用 11万円（税込）,弊社では、ソフトバンクの法人携帯導入を促進するため、Android端末（AQUOS wish4 biz／DIGNO BX3）を対象とした「Android拡販キャンペーン」を展開中です。このキャンペーンでは、法人契約に限り機種代金が一括0円となるほか、導入時の事務手数料もすべて弊社が負担します。新規契約およびMNP（他社からの乗り換え）が対象で、導入ハードルを大幅に引き下げています。 さらに、この代,,,active,2026-03-24T08:53:48Z,2026-03-24T08:53:48Z,2026-03-24T08:53:48Z
b-seeds,https://b-seeds.com/,https://b-seeds.com/,https://b-seeds.com/ai-iphone,法人向け特別価格・高インセンティブあり！「ソフトバンク法人携帯 iPhone拡販キャンペーン」紹介代理店募集,,,,"獲得件数に応じた手数料をお支払い（最大55,000円/１台も見込めます）",48万円（税込）,,全国 募集対象 個人事業主・個人 初期費用 48万円（税込）,個人事業主・個人 初期費用 48万円（税込）,"スマホの中でも特に人気の高いiPhoneシリーズ。今回のキャンペーンでは、その中でも最新モデルのひとつである「iPhone14（128GB）」を、法人向けに特別価格でご案内できる上に、紹介1台あたり最大55,000円の報酬も期待できます。 このキャンペーンは、ソフトバンク法人携帯の新規契約やMNP（乗り換え）を対象としたもので、在庫がなくなり次第終了という期間限定施策です。台数制限はなく、1件の成",,,active,2026-03-24T08:50:57Z,2026-03-24T08:50:57Z,2026-03-24T08:50:57Z
b-seeds,https://b-seeds.com/,https://b-seeds.com/,https://b-seeds.com/pw-waterserver,法人営業で安定収益！「プレミアムウォーター」法人販売店募集,,,,獲得件数に応じて報酬をお支払い,"5,500円（税込）～",,"全国 募集対象 法人 初期費用 5,500円（税込）～","法人 初期費用 5,500円（税込）～",ウォーターサーバー市場は成長を続けておりますが、今後も拡大が見込まれています。また日本のウォーターサーバーの世帯普及率はいまだ8%程度です（※2022年3月末時点の当社顧客数（143万件）÷一般社団法人日本宅配水&サーバー協会推定2022年宅配水顧客数（465万台）※。）一般家庭のウォーターサーバーの認知度は広がってきており、今後もさらに拡大していくと予測しています。 代理店様には弊社の販,,,active,2026-03-24T08:52:22Z,2026-03-24T08:52:22Z,2026-03-24T08:52:22Z
b-seeds,https://b-seeds.com/,https://b-seeds.com/,https://b-seeds.com/tr-hozinkeitaishokai,法人営業で高収益実現！「法人向け ソフトバンク携帯」紹介パートナー募集,,,,販売プランに応じた手数料をお支払い,55万円～110万円（税込）,,全国 募集対象 法人 初期費用 55万円～110万円（税込）,法人 初期費用 55万円～110万円（税込）,株式会社トロワでは、「ソフトバンク携帯」をお取扱いいただける紹介パートナーを募集しております。法人携帯の提案対象が、個人商店・屋号も可能なのは3大キャリアでソフトバンクだけとなります。かけ放題・大容量プランで機種も多種多様で自由選択など、お客様にご提案いただきやすいのが特長です。販売方法はトスアップのみですので、手離れが良く取り組みやすい特徴もございます。 今や個人名義と社用携帯で2台持ちをされる,,,active,2026-03-24T08:52:43Z,2026-03-24T08:52:43Z,2026-03-24T08:52:43Z
b-seeds,https://b-seeds.com/,https://b-seeds.com/,https://b-seeds.com/sh-saleshub,法人営業で高収益！「顧客紹介マッチングサービス Saleshub」紹介代理店募集,,,,アポイント成立の件数に応じて報酬をお受け取りいただけます,無料,,全国 募集対象 法人・個人事業主 初期費用 無料,法人・個人事業主 初期費用 無料,Saleshub(セールスハブ)は、新規開拓営業に課題を抱える企業を顧客紹介で支援することができるマッチングサービスです。直近ではタクシーCMを開始し、テレビCMもスタート予定。日経新聞にも取り上げられるなど、メディアの注目度も高まりつつあるサービスです。今回はぜひ、みなさまのお力をお借りしたく、Saleshubに掲載中の企業への営業支援を行っていただける紹介代理店（企業サポーター）さまを募集させ,,,active,2026-03-24T08:54:57Z,2026-03-24T08:54:57Z,2026-03-24T08:54:57Z
b-seeds,https://b-seeds.com/,https://b-seeds.com/,https://b-seeds.com/fd-airwifihan,法人特化で安定したストック収益を狙える！「AiR-WiFi」販売パートナー募集,,,,ご契約1件につき手数料をお支払いor卸価格への上乗せ,"11,000円（税込）",あり,"全国 募集対象 法人・個人事業主 初期費用 11,000円（税込）","法人・個人事業主 初期費用 11,000円（税込）",「AiR-WiFi」は、SIMカード不要のクラウドSIM型モバイルWiFiを提供するサービスです。このビジネスは、月額制サービスの特性を活かした「ストック型」のビジネスモデルです。一度ご契約いただいたお客様が利用を続ける限り、毎月報酬が継続して入ってくる仕組みのため、営業活動が将来的な安定収入へとつながります。 特に法人契約では長期利用になるケースが多く、解約率が低いため、毎月の報酬の積み上がりや,,,active,2026-03-24T08:51:13Z,2026-03-24T08:51:13Z,2026-03-24T08:51:13Z
b-seeds,https://b-seeds.com/,https://b-seeds.com/,https://b-seeds.com/ms-smartgate,法人端末を守る高信頼商材！「法人端末セキュリティサービス SmartGate」販売代理店募集,,,,・月額費用の20％を毎月お支払い ・1案件成立毎に1万円をお支払い,無料,あり,東京都/神奈川県/埼玉県/千葉県 募集対象 法人・個人事業主・個人 初期費用 無料,法人・個人事業主・個人 初期費用 無料,企業での働き方が多様化する中、個人所有のスマートフォンやタブレットを業務に使う「BYOD（Bring Your Own Device）」の導入が進んでいます。しかしその一方で、「情報漏洩が心配」「セキュリティ設定が複雑」「社内システムに外部からアクセスさせたくない」といった課題も多く聞かれます。 「SmartGate」は、そうした現代の課題を解決するために設計された法人向け端末セキュリティサービス,,,active,2026-03-24T08:53:06Z,2026-03-24T08:53:06Z,2026-03-24T08:53:06Z
b-seeds,https://b-seeds.com/,https://b-seeds.com/,https://b-seeds.com/tmr-usedpc,法人需要の高収益商材！「中古パソコン」卸販売パートナー募集,,,,販売件数に応じた販売手数料（詳細は資料請求後に説明）,無料,,全国 募集対象 法人・個人事業主・個人 初期費用 無料,法人・個人事業主・個人 初期費用 無料,弊社の提供する「中古パソコン」のビジネスは、パソコンの在庫を管理する必要がなく、低リスクではじめられます。 通常パソコンを販売するには仕入・整備・営業・発送などの業務負担がございますが、弊社の卸販売パートナー様には営業活動やクロージングのみを行っていただき、その他の業務は弊社が行います。 「中古パソコン」は、OA機器販売店・事務機器販売・通信事業などのフロント商材として営業しやすく、自社サービスと,,,active,2026-03-24T08:45:47Z,2026-03-24T08:45:47Z,2026-03-24T08:45:47Z
b-seeds,https://b-seeds.com/,https://b-seeds.com/,https://b-seeds.com/lo-legalon,法務AI×高成長市場、紹介だけで収益化！「法務業務を支えるAIアシスタント LegalOn」トスアップ代理店募集,,,,獲得件数に応じた手数料をお支払い,無料,,全国 募集対象 法人・個人事業主 初期費用 無料,法人・個人事業主 初期費用 無料,「LegalOn」は、契約審査・契約管理・法務相談管理・法令リサーチなど、企業の法務業務をAIで支援するリーガルAIサービスです。従来、企業の法務業務は担当者の経験や知識に依存する部分が多く、業務の属人化やチェック品質のばらつき、作業負担の増大といった課題がありました。当サービスは、AIと弁護士監修の法務ナレッジを組み合わせることで、これらの課題を解決します。 契約書レビューでは、AIが条文のリス,,,active,2026-03-24T08:41:22Z,2026-03-24T08:41:22Z,2026-03-24T08:41:22Z
b-seeds,https://b-seeds.com/,https://b-seeds.com/,https://b-seeds.com/wu-accessdove,法改正対応のWeb支援ツール！「ウェブアクセシビリティ支援ツール Accessdove」販売パートナー募集,,,,ご契約件数に応じた手数料をお支払い,無料,,全国 募集対象 法人・個人事業主 初期費用 無料,法人・個人事業主 初期費用 無料,「Accessdove」（アクセスダブ）は、企業や団体のWebサイトに「誰もが使いやすい環境」を実現するためのウェブアクセシビリティ支援ツールです。2024年4月に改正された障害者差別解消法により、民間事業者にも「合理的配慮の提供」が義務化されたことを受け、障がい者・高齢者・訪日外国人など、多様なユーザーが快適に情報へアクセスできるよう支援します。 主な機能は「閲覧支援ツール」「自動翻訳機能」「ア,,,active,2026-03-24T08:53:24Z,2026-03-24T08:53:24Z,2026-03-24T08:53:24Z
b-seeds,https://b-seeds.com/,https://b-seeds.com/,https://b-seeds.com/ad-stii,法改正対応の電子帳簿DX！「stii タイムスタンプ電子帳簿保存法マネージャー」販売代理店募集,,,,最大40％の利率で販売できます,"548,460円（税込）",,"全国 募集対象 法人・個人事業主・個人 初期費用 548,460円（税込）","法人・個人事業主・個人 初期費用 548,460円（税込）",「stii タイムスタンプ電子帳簿保存法マネージャー」は、電子帳簿保存法に対応し、電子文書に簡単にタイムスタンプを付与できるソフトウェアです。WordやExcel、スキャンイメージなど、さまざまな形式のファイルに対応し、PDF変換も不要で、総務大臣認定タイムスタンプを付与します。既存の業務フローを維持しながら、ワンクリックで大量の文書に一括でタイムスタンプを付与できます。 当サービスは、クラウドや,,,active,2026-03-24T08:51:20Z,2026-03-24T08:51:20Z,2026-03-24T08:51:20Z
b-seeds,https://b-seeds.com/,https://b-seeds.com/,https://b-seeds.com/pw-slimserver4,洗練されたデザインと使いやすさ！「プレミアムウォーター スリムサーバー４」販売代理店募集,,,,ショット・ストック・ハイブリッド型の高額手数料で安定収益を実現可能,55万円～110万円（税込）,あり,全国 募集対象 法人・個人事業主・個人 初期費用 55万円～110万円（税込）,法人・個人事業主・個人 初期費用 55万円～110万円（税込）,「スリムサーバー4」は、洗練されたデザインと使いやすさを兼ね備えたプレミアムウォーターのウォーターサーバーです。設置場所に合わせて選べるショートタイプとロングタイプの2サイズを展開し、ナチュラルでインテリアに馴染むデザインが魅力です。 自然な姿勢で操作しやすく、ワンタッチで冷水・温水の出水量が選べる利便性もポイント。チャイルドロック機能付きで、小さなお子様のいる家庭でも安心して使えます。また、エコ,,,active,2026-03-24T08:53:16Z,2026-03-24T08:53:16Z,2026-03-24T08:53:16Z
b-seeds,https://b-seeds.com/,https://b-seeds.com/,https://b-seeds.com/mz-hidamari,温熱で健康維持を支援！「遠赤外線ボディーウォーマー 日だまり」販売店募集,,,,1台販売で数万円〜十万円超の利益も可能な高収益モデル,11万円（税込）～,,全国 募集対象 法人・個人事業主・個人 初期費用 11万円（税込）～,法人・個人事業主・個人 初期費用 11万円（税込）～,「遠赤外線ボディーウォーマー 日だまり」は、遠赤外線の力で深部体温に直接アプローチする新しい健康グッズです。体温を上げることで免疫力をアップさせる温熱療法として多くのお客様にご愛用いただいております。特許を取得している医療機器認定の特殊な遠赤外線輻射シートを使用しており、安全・安心にご利用いただける商品です。 「日だまり」は、半円形のドーム型デザインで、体に触れることなく内側から温めることできます,,,active,2026-03-24T08:46:08Z,2026-03-24T08:46:08Z,2026-03-24T08:46:08Z
b-seeds,https://b-seeds.com/,https://b-seeds.com/,https://b-seeds.com/ash-mobileorderhan,無料導入できる高性能POS！「モバイルオーダー」販売代理店募集,,,,獲得件数により手数料をお支払い,無料,,全国 募集対象 法人・個人事業主・個人 初期費用 無料,法人・個人事業主・個人 初期費用 無料,「モバイルオーダー」は、店舗などの注文・調理・配膳業務を一括管理し、業務効率化が期待できるサービスです。店舗様に合せて、モバイルやハンディなどでご注文業務ができるので、新人スタッフでもミスなく業務できます。店舗様は高機能POSレジを初期費用無料で導入できますので、パートナー様にとってもご提案しやすいサービスです。すでに親和性の高い自社サービスをお取り扱いの法人様や、既存顧客をお持ちの方は、早期売上,,,active,2026-03-24T08:44:00Z,2026-03-24T08:44:00Z,2026-03-24T08:44:00Z
b-seeds,https://b-seeds.com/,https://b-seeds.com/,https://b-seeds.com/ee-hikaricampaign,無料導入で提案が簡単！「光回線 半年間実質無料キャンペーン」販売パートナー募集,,,,"1件ご契約につき85,000円の手数料をお支払い",33万円（税込）,,宮城県/岩手県/千葉県/神奈川県/鹿児島県 募集対象 法人・個人事業主・個人 初期費用 33万円（税込）,法人・個人事業主・個人 初期費用 33万円（税込）,"弊社の代理店様には、手離れの良いトスアップのみで1件85,000円の報酬をお支払い致します。その後の面倒な業務作業は弊社が行いますので、代理店様は営業活動に専念することができます。また、代理店様の報酬とは別でお客様には工事費実質無料特典、現状の光回線の違約金補填、最大6か月分の月額利用料金のキャッシュバックもご用意しております。 「光回線 半年間実質無料キャンペーン」販売パートナー募集は、お得な光",,,active,2026-03-24T08:53:21Z,2026-03-24T08:53:21Z,2026-03-24T08:53:21Z
b-seeds,https://b-seeds.com/,https://b-seeds.com/,https://b-seeds.com/nicigas-businesspartner,無資金で高収益実現！「ニチガスのLPガス・都市ガス・電気」ビジネスパートナー募集,,,,中長期的に安定した収益を得られるビジネスモデル,無料,,全国（一部地域を除く） 募集対象 法人 初期費用 無料,法人 初期費用 無料,日本瓦斯株式会社（ニチガス）は1955年の設立以来、常に変化し続けるエネルギー業界の中でガス・電気の供給を行ってまいりました。生活に必要不可欠な商材であるため、景気による需要の影響が少ないのが特長。今回私達と一緒にご家庭に提案いただくビジネスパートナー様を募集させていただくことになりました。通常の物品販売と異なり、料金の節約になる方にお薦めいただくお仕事ですので、長く、気持ちよく続けていただくこと,,,active,2026-03-24T08:44:33Z,2026-03-24T08:44:33Z,2026-03-24T08:44:33Z
b-seeds,https://b-seeds.com/,https://b-seeds.com/,https://b-seeds.com/tmr-usedpchozin,独立を検討している方へ！「中古パソコン事業」独立開業支援募集,,,,収益業務委託費として30万円/月をお支払い,22万円（税込）,,全国 募集対象 法人・個人事業主 初期費用 22万円（税込）,法人・個人事業主 初期費用 22万円（税込）,このパートナー制度の最大の特長は、パートナー期間中に開拓した法人顧客を、将来フランチャイズとして独立する際にそのまま引き継げる点です。一般的な代理店制度では、顧客は本部資産となるケースが多く、独立時にゼロからのスタートを余儀なくされることもあります。 しかし本モデルでは、自らの営業活動で築いた関係性を“自分の事業基盤”として育てることが可能です。努力の積み重ねが、将来の売上と安定に直結します。 ゼ,,,active,2026-03-24T08:42:06Z,2026-03-24T08:42:06Z,2026-03-24T08:42:06Z
b-seeds,https://b-seeds.com/,https://b-seeds.com/,https://b-seeds.com/xch-30carskaigyo,独立開業で夢を実現！「30万円以下の中古車専門店 30cars 独立支援プロジェクト」オーナー募集,,,,売上から諸経費を差し引いた金額,"33,000円（税込）",,"全国 募集対象 法人 初期費用 33,000円（税込）","法人 初期費用 33,000円（税込）",「30万円以下の中古車専門店 30cars 独立支援プロジェクト」は、自動車販売業界において未経験からの独立・起業を目指す方を支援する特別なプロジェクトです。これまで車業界でのキャリアがない方や、ビジネス経験が浅い方でも、一人の“オーナー”として第一歩を踏み出せるように設計された支援制度を提供しています。 この制度の大きな特長は、車の仕入れから販売、顧客対応、アフターサポートに至るまで、すべての工,,,active,2026-03-24T08:45:38Z,2026-03-24T08:45:38Z,2026-03-24T08:45:38Z
b-seeds,https://b-seeds.com/,https://b-seeds.com/,https://b-seeds.com/le-aquaclalalife,生活必需商材で安定収益！「ライフライン＆ウォーターサーバー」販売パートナー募集,,,,お申込み件数に応じた手数料をお支払い,55万円～110万円（税込）,,全国 募集対象 法人・個人事業主・個人 初期費用 55万円～110万円（税込）,法人・個人事業主・個人 初期費用 55万円～110万円（税込）,弊社のパートナー制度では、水だけでなく、電気やLPガス・都市ガスといったライフラインをセットで提案できるのが大きな強みです。 生活に欠かせないライフラインは、価格や利便性の見直しを検討しているご家庭も多く、アクアクララと組み合わせた提案は非常に受け入れられやすくなっています。例えば、「ウォーターサーバー＋電気のセット割」や「LPガス＋宅配水でさらにお得」といったパッケージは、お客様にとっても魅力的,,,active,2026-03-24T08:49:16Z,2026-03-24T08:49:16Z,2026-03-24T08:49:16Z
b-seeds,https://b-seeds.com/,https://b-seeds.com/,https://b-seeds.com/ad-hokokin,申請代行で法人支援！「助成金・補助金サポートサービス」販売代理店募集,,,,月平均報酬は80万円,無料,,全国 募集対象 法人・個人事業主・個人 初期費用 無料,法人・個人事業主・個人 初期費用 無料,弊社の代理店制度では、契約から研修、活動開始までの流れはとてもシンプルで、早ければ最短2週間程度で事業スタートが可能です。 まずは契約面談と決済を経て、個別の動画研修を視聴。その後、営業ロープレや必要知識の研修が行われ、理解が深まった段階で本部のコンサルタントがオンライン同行してくれるので、実際の営業現場にも安心して臨めます。 研修は最大3名まで同時に受講可能で、家族やパートナーと一緒にスタートす,,,active,2026-03-24T08:49:37Z,2026-03-24T08:49:37Z,2026-03-24T08:49:37Z
b-seeds,https://b-seeds.com/,https://b-seeds.com/,https://b-seeds.com/eg-bright,痛くない美容針美容液が登場！「CONCブライトインジェクション」販売店募集,,,,販売価格と仕入価格の差益,無料,,全国 募集対象 法人・個人事業主・個人 初期費用 無料,法人・個人事業主・個人 初期費用 無料,「CONCブライトインジェクション」は、ユーグレナ由来成分を中心に配合された美容液です。肌の透明感や明るさにアプローチする成分を贅沢に配合し、紫外線や乾燥によるくすみ・ダメージに働きかけます。 特に年齢や肌質にかかわらず、毎日のスキンケアに取り入れやすいテクスチャーで、プロフェッショナルな現場でも支持されています。対面販売限定の商品であり、店舗でのカウンセリング販売やサンプル配布などを通じて、リピ,,,active,2026-03-24T08:53:28Z,2026-03-24T08:53:28Z,2026-03-24T08:53:28Z
b-seeds,https://b-seeds.com/,https://b-seeds.com/,https://b-seeds.com/mz-eyewarmer,眼精疲労ケア商材！「アイウォーマー」販売代理店募集,,,,"年商1,000万円超の代理店実績も、高収益が狙えるモデル",無料（仕入れ代金がかかります）,,全国 募集対象 法人・個人事業主 初期費用 無料（仕入れ代金がかかります）,法人・個人事業主 初期費用 無料（仕入れ代金がかかります）,「アイウォーマー」は、遠赤外線の育成光線で目元からじんわりと温める温熱グッズです。人体に有能な遠赤外線である育成光線は、柔らかな暖かさを浸透させ目や目の周りの細胞を活性化します。 日常的に使用しているスマホなどの刺激により、目の疲労は蓄積され続けています。当製品は1日20分を目安に装着することで、目の疲れを癒し疲労回復にも役立ちます。 当製品はバッテリー式で、持ち運びにも便利なコンパクトな設計です,,,active,2026-03-24T08:47:03Z,2026-03-24T08:47:03Z,2026-03-24T08:47:03Z
b-seeds,https://b-seeds.com/,https://b-seeds.com/,https://b-seeds.com/al-softbankhou,知名度を活かして収益拡大！「ソフトバンク法人携帯」販売代理店募集,,,,獲得件数に応じた手数料をお支払い,"55,000円（税込）",,"福島県/愛知県/愛媛県/高知県/大分県/熊本県/鹿児島県 募集対象 法人・個人事業主・個人 初期費用 55,000円（税込）","法人・個人事業主・個人 初期費用 55,000円（税込）",「ソフトバンク法人携帯」は、法人向けソフトバンク携帯を販売できるビジネスです。通信費削減と業務効率化を両立でき、法人専用の割引や特典を活用することでコストを抑えることができます。また、DX関連商材との組み合わせで、さらに効果的な提案も可能で、クロスセルにも最適です。個人事業主から大企業まで、多様な顧客に対応できる柔軟性が特長です。 スマートフォンは誰もが使う身近な商品であり、新規提案の入り口として,,,active,2026-03-24T08:50:32Z,2026-03-24T08:50:32Z,2026-03-24T08:50:32Z
b-seeds,https://b-seeds.com/,https://b-seeds.com/,https://b-seeds.com/gs-tvkhikari,石川県で通信代理店急募！「ケーブルテレビ tvk光」販売代理店募集,,,,新規エリアでの代理店営業によって効率的な収益獲得が可能,"35,000円（税込）",,"全国 募集対象 法人・個人事業主・個人 初期費用 35,000円（税込）","法人・個人事業主・個人 初期費用 35,000円（税込）",弊社は2003年の設立以来、通信関連商材を販売してまいりました。訪問販売、ブース販売、不動産営業など様々な手法での実践経験があります。今回、石川県内（小松市・能美市）において新規顧客獲得を推進している「tvk光」（テレビこまつ光）を販売いただく代理店様を募集することになりました。飽和している地域ではなく、新規エリアが拡大しているケーブルテレビの営業こそ、効率良く収益を得られるのです。 「tvk光」,,,active,2026-03-24T08:46:02Z,2026-03-24T08:46:02Z,2026-03-24T08:46:02Z
b-seeds,https://b-seeds.com/,https://b-seeds.com/,https://b-seeds.com/hlc-lihaterrace,社会貢献と安定収益を両立する！「リハビリ特化型デイサービス リハてらす」FC加盟店募集,,,,売上から諸経費を差し引いた金額,無料,,全国 募集対象 法人・個人事業主・個人 初期費用 無料,法人・個人事業主・個人 初期費用 無料,デイサービス運営において、多くの事業所が抱える課題のひとつが「属人化」です。特定のスタッフや管理者がいないと現場が回らない、利用者対応の質に差が出る、といった状況は、事業の安定性を大きく左右します。「リハてらす」では、こうしたリスクを最小限に抑えるため、誰が対応しても一定の品質を保てる運営モデルを構築しています。 当ビジネスでは、リハビリプログラムやオペレーションが体系化されており、個人の経験や感,,,active,2026-03-24T08:42:51Z,2026-03-24T08:42:51Z,2026-03-24T08:42:51Z
b-seeds,https://b-seeds.com/,https://b-seeds.com/,https://b-seeds.com/mz-ganfinance,福利厚生で社会貢献！「がんファイナンスアドバイザー」新規募集,,,,複数商材の提案が可能で営業効率が高く、高収益が期待できる,無料,,東京都/神奈川県/千葉県/埼玉県 募集対象 法人・個人事業主・個人 初期費用 無料,法人・個人事業主・個人 初期費用 無料,「がんファイナンスアドバイザー」とは、がんとお金の知識を学び、企業や個人に提案をすることができる専門家です。厚生労働省の「がん対策推進企業アクション」で企業ががん対策の実施が努力義務になったことにより、活躍の場が広がっています。今回、ライセンスの取得と、弊社の法人向けの福利厚生プラン「がんほっとけん」の販売ができる方を新規募集させていただくことになりました。 がん対策推進企業アクションでは、従業員,,,active,2026-03-24T08:43:15Z,2026-03-24T08:43:15Z,2026-03-24T08:43:15Z
b-seeds,https://b-seeds.com/,https://b-seeds.com/,https://b-seeds.com/hc-ashibarental,節税しながら資産運用「足場レンタル事業」紹介代理店募集,,,,弊社にお支払いいただく自己資金額の10％分を手数料としてお支払い,"11,000円（税込）",,"全国（一部地域除く） 募集対象 法人・個人事業主 初期費用 11,000円（税込）","法人・個人事業主 初期費用 11,000円（税込）",弊社が提案する「足場レンタル事業」を活用した節税スキームの特長は、「即時償却」が可能であることです。契約年に高額な資産の償却処理を一括で行えるため、当期の課税所得を大きく圧縮することができます。保険商品などのように償却が分散されることがなく、効果をすぐに実感できるのが魅力です。 実際の運用は、弊社がすでに保有・運用中の足場資材を、投資家が所有権を得るかたちで購入し、同社にレンタルするという構造。管,,,active,2026-03-24T08:42:45Z,2026-03-24T08:42:45Z,2026-03-24T08:42:45Z
b-seeds,https://b-seeds.com/,https://b-seeds.com/,https://b-seeds.com/hc-ashibarentalhan,節税と投資を提案できる代理店ビジネス！「足場レンタル事業」販売代理店募集,,,,弊社にお支払いいただく自己資金額の10％分を手数料としてお支払い,無料（仕入れ代金がかかります）,,全国 募集対象 法人・個人事業主 初期費用 無料（仕入れ代金がかかります）,法人・個人事業主 初期費用 無料（仕入れ代金がかかります）,このビジネスの魅力は、紹介1件あたりの報酬が非常に大きい点にあります。クライアントが支払う自己資金額の10％が手数料として、代理店様に支払われる仕組みです。例えば、自己資金200万円の契約であれば、20万円の報酬が確定します。 さらに、一定の実績を上げれば、手数料率の見直しも可能。安定した成果が見込めれば、より高い報酬を得られるチャンスも広がります。 「少ない件数でしっかり稼ぎたい」「副業でも効率,,,active,2026-03-24T08:45:45Z,2026-03-24T08:45:45Z,2026-03-24T08:45:45Z
b-seeds,https://b-seeds.com/,https://b-seeds.com/,https://b-seeds.com/ktm-propanepar,節約提案で顧客満足度UP！「プロパンガス切り替え」販売パートナー募集,,,,ご契約件数に応じた手数料をお支払い,無料,,東京都/神奈川県/埼玉県/千葉県 募集対象 法人・個人事業主・個人 初期費用 無料,法人・個人事業主・個人 初期費用 無料,プロパンガスは、都市ガスと異なり価格が自由に設定できるため、適正でない価格が設定されているケースも少なくありません。そのため、当ビジネスでは、プロパンガスの乗り換えを提案するだけで「月々のガス代が20〜30％安くなる」という、非常にわかりやすく魅力的なメリットをお客様に伝えることができます。 このパートナー制度の特長は、提案のしやすさです。光熱費は日々の生活に直結しており、多くのご家庭が関心を持っ,,,active,2026-03-24T08:44:03Z,2026-03-24T08:44:03Z,2026-03-24T08:44:03Z
b-seeds,https://b-seeds.com/,https://b-seeds.com/,https://b-seeds.com/ee-shindenryoku,節約提案で高報酬！「個人宅向け新電力」販売代理店募集,,,,販売件数に応じた手数料をお支払い,"55,000円（税込）",,"福島県/愛知県/愛媛県/高知県/大分県/熊本県/鹿児島県 募集対象 法人・個人事業主・個人 初期費用 55,000円（税込）","法人・個人事業主・個人 初期費用 55,000円（税込）",「個人宅向け新電力」は、安定した電力供給で節約効果の大きい新電力をお取り扱いできるサービスです。上場企業の新電力でエリアごとに適切な料金形態ですので、高い節約効果が期待できます。電気料金の高騰に伴い、ご家庭の電力にお悩みのお客様に、大変喜んでいただけるサービスです。 当サービスでは、豊富な新電力をお取り扱いいただけます。お客様のニーズに合った新電力をご提案できますので、興味をもっていただきやすく、,,,active,2026-03-24T08:52:26Z,2026-03-24T08:52:26Z,2026-03-24T08:52:26Z
b-seeds,https://b-seeds.com/,https://b-seeds.com/,https://b-seeds.com/pa-lhub,紹介するだけで継続収益へ！「LINEで販売・予約・決済を一元化 LHub」紹介パートナー募集,,,,ストック報酬をお支払い,無料,あり,全国 募集対象 法人・個人事業主・個人 初期費用 無料,法人・個人事業主・個人 初期費用 無料,これからの時代、副業や新規事業において注目されているのが「ストック型収益」です。一度きりの売上ではなく、継続的に収益が積み上がる仕組みを持つことで、収入の安定性や将来性が大きく変わってきます。弊社のパートナー制度は、まさにそのストック型モデルを実現できる仕組みです。見込み顧客をご紹介いただくだけで、成約後は契約内容に応じた報酬が毎月発生し続けます。 特に「LHub」は、LINEを活用した販売や予約,,,active,2026-03-24T08:41:19Z,2026-03-24T08:41:19Z,2026-03-24T08:41:19Z
b-seeds,https://b-seeds.com/,https://b-seeds.com/,https://b-seeds.com/bco-taxreturnsho,紹介だけで信頼ビジネス！「固定資産税還付サービス タックスリターン」紹介パートナー募集,,,,ご紹介後、還付金の一部を報酬としてお支払い,"13,200円（税込）",,"全国 募集対象 法人・個人事業主・個人 初期費用 13,200円（税込）","法人・個人事業主・個人 初期費用 13,200円（税込）",当ビジネスの魅力は、紹介するだけで報酬を得られる手軽さです。ホテルや病院、工場など身近な法人を対象にサービスを案内するだけで、契約交渉や申請手続きなどは税理士と運営会社がすべて代行してくれるため、専門知識がなくても始められます。 報酬は還付が成功した場合のみ支払われ、着手金も不要なので、紹介先に負担をかけずに提案できるのが特徴です。お客様に喜んでいただきながら自分も収益を得られる仕組みで、時間に余,,,active,2026-03-24T08:43:28Z,2026-03-24T08:43:28Z,2026-03-24T08:43:28Z
b-seeds,https://b-seeds.com/,https://b-seeds.com/,https://b-seeds.com/snc-nuroalliance,紹介だけで収益化！「NURO光」アライアンスパートナー募集,,,,紹介だけで報酬が得られ、キャッシュバック特典による成約率向上で高収益が期待可能,無料,,全国 募集対象 法人 初期費用 無料,法人 初期費用 無料,「NURO光」は、ソニーネットワークコミュニケーションズが提供する戸建て・低層階の集合住宅向けの光インターネットサービスです。テレビCMなどでもおなじみで知名度が高くご提案いただきやすいサービスとなっています。通信速度最速クラス、固定通信回線では最安クラス、特典も充実しているサービスですので是非お取り扱いいただければ幸いです。 「NURO光」の訴求ポイントは、競合他社を圧倒する高額キャッシュバック,,,active,2026-03-24T08:48:57Z,2026-03-24T08:48:57Z,2026-03-24T08:48:57Z
b-seeds,https://b-seeds.com/,https://b-seeds.com/,https://b-seeds.com/fd-airwifisho,紹介だけで収益化！「法人向けWiFi AiR-WiFi」紹介パートナー募集,,,,ご希望の契約内容によって変動します,"11,000円（税込）",,"全国 募集対象 法人・個人事業主 初期費用 11,000円（税込）","法人・個人事業主 初期費用 11,000円（税込）",「AiR-WiFi」は、クラウドSIM型モバイルWiFiを提供するサービスです。パートナー様はお客様をご紹介いただくだけで報酬が発生し、端末発送やサポート対応、契約後の管理といった煩雑な業務はすべて弊社が担当します。そのため、営業負担が極めて少なく、紹介ベースで手軽に取り組める点が大きな特徴です。 本プログラムでは、契約1件ごとにショット（単発）報酬をお支払いする仕組みを採用しています。成果が出た,,,active,2026-03-24T08:54:46Z,2026-03-24T08:54:46Z,2026-03-24T08:54:46Z
b-seeds,https://b-seeds.com/,https://b-seeds.com/,https://b-seeds.com/wu-aichatbot,紹介だけで始めるAIビジネス！「AIチャットボット」販売パートナー募集,,,,ご契約件数に応じた手数料をお支払い,55万円～110万円（税込）,,全国 募集対象 法人 初期費用 55万円～110万円（税込）,法人 初期費用 55万円～110万円（税込）,当ビジネスは、在庫も開発も不要。自社で商品をつくる必要もなく、仕入れリスクもありません。既に実績のあるAI・ITサービスを、本部の支援のもとでご紹介いただく仕組みです。 そのため、大きな設備投資をすることなく、AI市場という成長分野に参入できます。固定費を抑えながらスタートできるため、「まずは小さく始めたい」という企業様にも適しています。 リスクを最小限にしながら、新しい収益の柱をつくる。堅実に事,,,active,2026-03-24T08:54:55Z,2026-03-24T08:54:55Z,2026-03-24T08:54:55Z
b-seeds,https://b-seeds.com/,https://b-seeds.com/,https://b-seeds.com/ons-dxtoolsho,紹介のみでクロージング不要！DX商材を多数扱える高需要案件！「DX支援ツール」紹介代理店募集,,,,ご契約商材に応じて手数料をお支払い,"69,960円（税込）～",,"全国 募集対象 法人・個人事業主・個人 初期費用 69,960円（税込）～","法人・個人事業主・個人 初期費用 69,960円（税込）～",「DX支援ツール」は、ITツールや国の制度変更に対応した製品をご提案できるビジネスです。近年の制度変更（インボイス制度、電子帳簿保存法、アルコールチェック義務化）に対応したシステムを多数取り揃えています。特に、企業が導入必須となる商品を多く扱うため、法人向けの商談チャンスが安定して得られます。当ビジネスの代理店制度は紹介のみで、クロージングは弊社が対応します。手離れがよく、ご提案しやすい商材を豊富,,,active,2026-03-24T08:48:22Z,2026-03-24T08:48:22Z,2026-03-24T08:48:22Z
b-seeds,https://b-seeds.com/,https://b-seeds.com/,https://b-seeds.com/td-lpgus,紹介のみで収益アップが期待でき顧客満足度も高いサービス！「LPガス」営業代理店募集,,,,ご契約件数に応じた手数料をお支払い,無料～,,全国 募集対象 法人・個人事業主・個人 初期費用 無料～,法人・個人事業主・個人 初期費用 無料～,「LPガス」は供給コストを削減することで販売価格を抑え、多くのお客様に選ばれています。効率的なオペレーションを実現することで供給コストを削減し、競争力の高い価格を実現しています。代理店様のお仕事は見込み客のご紹介のみで、それ以降の商談や契約獲得はすべて弊社が対応します。そのため、営業の負担を軽減し、提案業務に集中できる環境で収益アップが期待できます。 本サービスは競争力のある価格設定を武器に、お客,,,active,2026-03-24T08:44:08Z,2026-03-24T08:44:08Z,2026-03-24T08:44:08Z
b-seeds,https://b-seeds.com/,https://b-seeds.com/,https://b-seeds.com/ms-kuchikomitargetsho,紹介のみで安定経営へ！「クチコミターゲット」紹介代理店募集,,,,月額のストック収入,無料,あり,全国 募集対象 法人・個人事業主 初期費用 無料,法人・個人事業主 初期費用 無料,「クチコミターゲット」は、広告にあまりお金をかけられない、パソコンやITが得意ではない地方の小さなお店でも、無理なく使えるサービスです。やることはとてもシンプルで、お店の中にQRコードを置くだけ。お客様がスマホで読み取ると、そのまま口コミ投稿につながります。難しい操作や専門知識は必要なく、スタッフの手間もほとんどかかりません。 そのため、予算や人手に余裕がない店舗でも、「これならできそう」と感じて,,,active,2026-03-24T08:53:23Z,2026-03-24T08:53:23Z,2026-03-24T08:53:23Z
b-seeds,https://b-seeds.com/,https://b-seeds.com/,https://b-seeds.com/kt-fod,紹介リンクをシェアするだけで稼げる案件！「動画配信サービスFOD」販売代理店募集,,,,2段階の手数料支払い,55万円～110万円（税込）,,全国 募集対象 法人・個人事業主・個人 初期費用 55万円～110万円（税込）,法人・個人事業主・個人 初期費用 55万円～110万円（税込）,「FOD」は、フジテレビの名作ドラマが1万本以上見放題になる動画配信サービスです。月額定額制で、懐かしの名作から最新のヒット作まで幅広く楽しめます。 ドラマやバラエティなど、フジテレビの制作力を活かしたハイクオリティなオリジナル作品は、他社の配信サービスにはない価値。たとえば人気俳優が出演する話題作や、地上波では難しいテーマに挑戦した意欲作など、唯一無二のラインナップが揃っています。 紹介する側と,,,active,2026-03-24T08:50:13Z,2026-03-24T08:50:13Z,2026-03-24T08:50:13Z
b-seeds,https://b-seeds.com/,https://b-seeds.com/,https://b-seeds.com/al-softbanksaleslady,紹介型で稼げる女性営業！「ソフトバンク法人携帯」セールスレディ募集,,,,獲得件数に応じた手数料をお支払い,無料,,全国 募集対象 法人・個人事業主 初期費用 無料,法人・個人事業主 初期費用 無料,「ソフトバンク法人携帯」は、法人向けソフトバンク携帯を販売できるビジネスです。通信費の削減や業務効率化のニーズが高く、今もなお市場の成長が期待されている注目のサービスです。だからこそ、営業経験がなくても「これ、知ってますか？」と気軽に案内しやすく、興味を持ってもらいやすいのが特長。いわば「話のきっかけ」にぴったりな“フック商材”なのです。 活動スタイルは自由で、完全成果報酬型。ノルマは一切ありませ,,,active,2026-03-24T08:55:47Z,2026-03-24T08:55:47Z,2026-03-24T08:55:47Z
b-seeds,https://b-seeds.com/,https://b-seeds.com/,https://b-seeds.com/fs-shijosaikyonokeiei,経営DXで副業OK！「管理会計システム 史上最強の経営R」コンサルティングパートナー募集,,,,月額報酬20～30万円、自己開拓なら最大95%還元,"275,000円（税込）",あり,"全国（東京都/神奈川県/岐阜県/大阪府を除く） 募集対象 法人・個人事業主・個人 初期費用 275,000円（税込）","法人・個人事業主・個人 初期費用 275,000円（税込）",■基礎から全て学べる研修「独自メソッド」の研修を4回（各コース）にわたって実施。第一線で活躍している経営コンサルタントからの指導で、基礎から応用まで学べます！ ■現役コンサルタントによる個別フォロー主な業務はクライアント様の経営会議に参加すること。会議前には注意点やアドバイスの共有、会議後には次回に生きるフィードバックまでを個別にサポート！ ■高単価報酬は1契約月額20～30万円が基本ベース。当社,,,active,2026-03-24T08:50:10Z,2026-03-24T08:50:10Z,2026-03-24T08:50:10Z
b-seeds,https://b-seeds.com/,https://b-seeds.com/,https://b-seeds.com/rp-marunage,経理業務を自動化支援！「請求まるなげロボ」販売パートナー募集,,,,ご契約件数に応じた手数料をお支払い,"無料（名刺を制作する場合のみ1,100円かかります）",,"東京都/神奈川県/千葉県/埼玉県 募集対象 法人・個人事業主・個人 初期費用 無料（名刺を制作する場合のみ1,100円かかります）","法人・個人事業主・個人 初期費用 無料（名刺を制作する場合のみ1,100円かかります）",「請求まるなげロボ」のパートナープログラムは、営業未経験の方でも始めやすいのが特長です。紹介型の仕組みなので、ご自身で契約交渉や営業資料の作成を行う必要はありません。興味を持った企業をご紹介いただくだけで、あとは弊社の営業担当が契約まで丁寧に対応します。 商談のタイミングや引継ぎの段階も自由に決められるため、本業のスキマ時間で活動でき、副業としても無理なく続けられます。営業力ではなく「信頼関係」や,,,active,2026-03-24T08:48:45Z,2026-03-24T08:48:45Z,2026-03-24T08:48:45Z
b-seeds,https://b-seeds.com/,https://b-seeds.com/,https://b-seeds.com/ob-banktesuryo,経費削減で提案しやすい！「銀行振込手数料削減サービス」ビジネスパートナー募集,,,,1社獲得で毎月40万円の報酬事例あり、継続収益も可能,10万円（税込）,あり,全国 募集対象 法人・個人事業主・個人 初期費用 10万円（税込）,法人・個人事業主・個人 初期費用 10万円（税込）,「銀行振込手数料削減サービス」は、年々高額化している銀行の送金手数料をサービス導入で削減することができるサービスです。業種・業態によっては、毎月多数の振込をされているケースもあり、非常に喜ばれるサービスです。ビジネスパートナー様の中には、毎月8000件の振込をされている企業様を獲得し、今では毎月40万円ほどの収益を得ている方もいらっしゃいます。 弊社は経費削減商材など100種類以上をワンストップで,,,active,2026-03-24T08:43:47Z,2026-03-24T08:43:47Z,2026-03-24T08:43:47Z
b-seeds,https://b-seeds.com/,https://b-seeds.com/,https://b-seeds.com/wu-stockshueki,継続収益型IT商材！「ストック収益型IT商材パッケージ」販売パートナー募集,,,,ストック収益モデルによる継続的な安定収入が見込める,55万円～110万円（税込）,あり,全国 募集対象 法人・個人事業主・個人 初期費用 55万円～110万円（税込）,法人・個人事業主・個人 初期費用 55万円～110万円（税込）,「ストック収益型IT商材パッケージ」は、弊社で人気のあるストック収益型商材を3つセットでお取り扱いいただけるパッケージです。Googleの地図検索を活用したMEOオートマチック・あらゆるジャンルに対応した成果報酬型のSEOサービスのしろくまSEO・スマホやタブレットを充電できるモバイルバッテリーシェアリングサービスのHESTA CHARGEの3つをお取り扱いいただけます。当パッケージは、すべてスト,,,active,2026-03-24T08:42:16Z,2026-03-24T08:42:16Z,2026-03-24T08:42:16Z
b-seeds,https://b-seeds.com/,https://b-seeds.com/,https://b-seeds.com/ht-kingoftime,継続報酬が魅力のSaaS！「KING OF TIME」セールスパートナー募集,,,,月額利用料の20％を3年間お支払い,無料,あり,全国 募集対象 法人・個人事業主 初期費用 無料,法人・個人事業主 初期費用 無料,KING OF TIME セールスパートナーは、興味を持ちそうな企業に「KING OF TIME」をご紹介いただくのみ。あとは弊社の専門スタッフが、製品のご案内から契約、導入、サポートまですべて対応します。つまり、パートナーは「入り口」をつくるだけ。あとの複雑な工程を引き受けてもらえるので、問題なく参加できます。 KING OF TIMEセールスパートナー制度では、紹介が成約に結びついた場合、その,,,active,2026-03-24T08:55:14Z,2026-03-24T08:55:14Z,2026-03-24T08:55:14Z
b-seeds,https://b-seeds.com/,https://b-seeds.com/,https://b-seeds.com/ml-waterserver,継続率99.5％で安定成長が期待できるストック型水事業！「宅配水事業」販売代理店募集,,,,最大粗利60％の収益,無料,あり,全国 募集対象 法人・個人事業主・個人 初期費用 無料,法人・個人事業主・個人 初期費用 無料,「宅配水事業」は、天然水の新規顧客の開拓・配送などを行う事業です。弊社の独自商材である、モンドセレクション金賞を受賞した実績のある、富士山の天然水をはじめ、ウォーターサーバー・定期配送などのサービスをお取り扱いできます。お客様継続率は99.5％と非常に高く、最大粗利60％の収益が見込めるビジネスです。 当事業を含む、宅配水ビジネスは8年連続で市場が拡大しており、弊社の商材も毎月安定した収益が見込め,,,active,2026-03-24T08:52:51Z,2026-03-24T08:52:51Z,2026-03-24T08:52:51Z
b-seeds,https://b-seeds.com/,https://b-seeds.com/,https://b-seeds.com/ml-merculop,継続率99.5％の商材！「マーキュロップ 宅配水事業」販売取次店募集,,,,最大粗利60％の収益,無料（仕入れ代金がかかります）,あり,全国 募集対象 法人・個人事業主 初期費用 無料（仕入れ代金がかかります）,法人・個人事業主 初期費用 無料（仕入れ代金がかかります）,「宅配水事業」は、天然水の新規顧客の開拓・配送などを行う事業です。モンドセレクション金賞を受賞した実績のある「富士山の天然水」をはじめ、ウォーターサーバー・定期配送などのサービスをお取り扱いできます。お客様継続率は99.5％と非常に高く、最大粗利60％で安定したストック収益が見込めるビジネスです。 弊社の独自商材である「富士山の天然水」は、採水地を日本一の標高1030m、山梨県富士河口湖町に持つこ,,,active,2026-03-24T08:52:35Z,2026-03-24T08:52:35Z,2026-03-24T08:52:35Z
b-seeds,https://b-seeds.com/,https://b-seeds.com/,https://b-seeds.com/kr-greenpocket,継続率99％の安定事業！「観葉植物レンタル グリーンポケット」フランチャイズ加盟店募集,,,,"粗利率85％、営業利益40％も見込めます。年商5,000万超えの店舗も！",55万円～110万円（税込）,あり,全国 募集対象 法人・個人事業主・個人 初期費用 55万円～110万円（税込）,法人・個人事業主・個人 初期費用 55万円～110万円（税込）,「グリーンポケット」は、法人（企業や店舗など）を中心に、観葉植物をレンタルで提供するサービスです。単に植物を貸すだけでなく、月に2回、スタッフが訪問して水やり・剪定・交換などのメンテナンスも行います。お客様の手を煩わせることなく、常にきれいで健康な植物がオフィスや店舗に置かれるという、サブスクリプション型のサービスです。 この最大の魅力のひとつは、「高収益性」にあります。観葉植物をレンタルで提供す,,,active,2026-03-24T08:47:09Z,2026-03-24T08:47:09Z,2026-03-24T08:47:09Z
b-seeds,https://b-seeds.com/,https://b-seeds.com/,https://b-seeds.com/uf-exomer,美容サロンの物販強化に最適！「スキンケアブランド エクソメア」販売代理店募集,,,,販売価格と仕入価格の差益,無料,,全国 募集対象 法人・個人事業主・個人 初期費用 無料,法人・個人事業主・個人 初期費用 無料,「EXOMERE」（エクソメア）は、韓国で培われた先端美容技術を背景に誕生したスキンケアブランドで、肌本来の美しさを引き出すことをコンセプトに開発された製品ラインです。健康的で自然な美しさを追求することをミッションに掲げており、日々のスキンケアを通じて健やかな肌環境を整えることを目指しています。近年の美容市場では、成分の品質や技術力に注目するユーザーが増えており、当商材はそうしたニーズに応える高付,,,active,2026-03-24T08:41:30Z,2026-03-24T08:41:30Z,2026-03-24T08:41:30Z
b-seeds,https://b-seeds.com/,https://b-seeds.com/,https://b-seeds.com/me-syukyakuoplus,自動で見込み客発掘！「見込客自動発掘システム 集客王プラス」販売代理店募集,,,,2～3社の契約獲得でも月数万円の継続収益に,無料,あり,全国 募集対象 法人・個人事業主・個人 初期費用 無料,法人・個人事業主・個人 初期費用 無料,「集客王プラス」は、新規顧客開拓に効果的なリアルタイムでのアプローチが可能なオートコールシステムです。従来の録音した音声アンケートを自動で一斉発信し、電話口の方のアンケート回答結果をリスト化する「集客王」の上位サービスです。アンケート回答結果をリアルタイムで取得できるほか、エリア・発信数・アンケート内容などを細かく変えてアプローチができるのが特長です。今回、販売代理店の募集を開始しましたので、是非,,,active,2026-03-24T08:45:28Z,2026-03-24T08:45:28Z,2026-03-24T08:45:28Z
b-seeds,https://b-seeds.com/,https://b-seeds.com/,https://b-seeds.com/ksp-bonebroth,自社ブランドで美容展開！「話題の飲む美容液！ボーンブロススープ」OEMパートナー募集,,,,卸価格と販売価格との差益,100万円～300万円（税込）,,全国 募集対象 法人・個人事業主・個人 初期費用 100万円～300万円（税込）,法人・個人事業主・個人 初期費用 100万円～300万円（税込）,ボーンブロススープは、鶏や豚、牛の骨を長時間煮出して作られる、栄養豊富な伝統的スープです。現代では「飲む美容液」「天然サプリメント」として、美容や健康意識の高い層から注目されています。分子栄養学の分野でも評価が高く、長時間煮込むことで栄養素が低分子化され、胃腸に負担なく体内に吸収されやすくなります。これにより、健康維持や美容サポート、さらには弱った体への栄養補給にも最適な食品として認識されています,,,active,2026-03-24T08:51:31Z,2026-03-24T08:51:31Z,2026-03-24T08:51:31Z
b-seeds,https://b-seeds.com/,https://b-seeds.com/,https://b-seeds.com/al-miraclecmssenyo,自社ブランドで販売可能！「ホームページ制作 ミラクルCMS 専用パッケージ開発」販売パートナー募集,,,,初期費用のほか、月額費用もストックでお支払い,11万円（税込）～,あり,全国 募集対象 法人 初期費用 11万円（税込）～,法人 初期費用 11万円（税込）～,｢ミラクルCMS｣では、飲食業界や士業など、特定の業界に強い販路をお持ちの企業様に向けて「業界特化型パッケージ開発付きパートナー制度」をご用意しています。加盟金の代わりに初回費用をいただき、代理店様専用の業界向けデザインテンプレートや提案用フォーマットを個別に開発。より売りやすく、収益化しやすい形でご活用いただけます。 もちろん、開発されたパッケージは「自社CMS」としてブランド化して販売すること,,,active,2026-03-24T08:44:57Z,2026-03-24T08:44:57Z,2026-03-24T08:44:57Z
b-seeds,https://b-seeds.com/,https://b-seeds.com/,https://b-seeds.com/gg-mvnooem,自社ブランド通信事業！「MVNO事業」OEMパートナー募集,,,,仕入価格と販売価格の差益,"5,500円（税込）",,"福岡県 募集対象 法人・個人事業主 初期費用 5,500円（税込）","法人・個人事業主 初期費用 5,500円（税込）",「MVNO事業」は、自社ブランドとして通信サービスを展開できるビジネスです。格安SIMに加え、端末とのセットプランやWi-Fiモバイルルーターなど、豊富な商材を取り扱えます。近年、携帯料金の高さが問題視される中、MVNO市場は年々成長を続けています。これからの通信市場で競争優位を確立し、安定した収益を得るチャンスです。 弊社のOEMパートナー制度では、自社ブランドとして展開できるため、独自のサービ,,,active,2026-03-24T08:53:13Z,2026-03-24T08:53:13Z,2026-03-24T08:53:13Z
b-seeds,https://b-seeds.com/,https://b-seeds.com/,https://b-seeds.com/ash-kakeihoken,興味を引く家計支援提案！「家計・保険相談」トスアップパートナー募集,,,,獲得件数により手数料をお支払い,無料,,全国 募集対象 法人 初期費用 無料,法人 初期費用 無料,「家計・保険相談」は、いわゆる「保険の営業」ではなく、お客様に保険相談の予約を促すだけのシンプルな仕組みです。具体的には、専用の案内チラシをお渡しし、チラシに記載されているQRコードを読み込んでもらうだけ。あとは専門のファイナンシャルプランナー（FP）が対応し、保険やライフプランに関する丁寧な相談を行います。 注目すべきは、相談するだけでギフト券などの特典が得られる点や、強引な営業行為が一切ない点,,,active,2026-03-24T08:41:54Z,2026-03-24T08:41:54Z,2026-03-24T08:41:54Z
b-seeds,https://b-seeds.com/,https://b-seeds.com/,https://b-seeds.com/ons-dxtoolko,補助金・助成金を活用し導入しやすいDX商材を多数扱える！「DX支援ツール」小売販売店募集,,,,仕入価格と販売価格の差益,無料（仕入れ代金がかかります）,,全国 募集対象 法人・個人事業主 初期費用 無料（仕入れ代金がかかります）,法人・個人事業主 初期費用 無料（仕入れ代金がかかります）,「DX支援ツール」は、ITツールや国の制度変更に対応した製品をご提案できるビジネスです。近年の制度変更（インボイス制度、電子帳簿保存法、アルコールチェック義務化）に対応したシステムを多数取り揃えています。特に、企業が導入必須となる商品を多く扱うため、法人向けの商談チャンスが安定して得られます。補助金・助成金を活用することで導入いただきやすく、ご提案しやすいビジネスです。利益率が高く、高収益が見込め,,,active,2026-03-24T08:48:31Z,2026-03-24T08:48:31Z,2026-03-24T08:48:31Z
b-seeds,https://b-seeds.com/,https://b-seeds.com/,https://b-seeds.com/sc-hojokinshinseipar,補助金提案で企業支援！「補助金・助成金活用支援」販売パートナー募集,,,,販売件数に応じた手数料をお支払い,22万円（税込）,,全国 募集対象 法人 初期費用 22万円（税込）,法人 初期費用 22万円（税込）,「補助金・助成金活用支援」は、申請支援に特化した士業（行政書士や中小企業診断士など）の専門家が、クライアント企業の申請サポートをするサービスです。補助金の選定から書類作成、提出まで、手間のかかるステップをすべて支援します。 打ち合わせはすべてオンラインで完結するので、都市部はもちろん地方の企業にも気軽に紹介でき、対面訪問や移動時間が不要になります。地方に専門家がいない地域でも制度を活用するチャンス,,,active,2026-03-24T08:45:11Z,2026-03-24T08:45:11Z,2026-03-24T08:45:11Z
b-seeds,https://b-seeds.com/,https://b-seeds.com/,https://b-seeds.com/sc-hojokinshinsei,補助金支援で営業強化！「補助金・助成金活用支援」販売代理店募集,,,,販売件数に応じた手数料をお支払い,"55,000円（税込）",,"全国 募集対象 個人事業主・個人 初期費用 55,000円（税込）","個人事業主・個人 初期費用 55,000円（税込）",「補助金・助成金活用支援」は、申請支援に特化した士業（行政書士や中小企業診断士など）の専門家が、クライアント企業の申請サポートをするサービスです。補助金の選定から書類作成、提出まで、手間のかかるステップをすべて支援します。 専門家とのやり取りはすべてオンラインで完結するため、地域を問わず提案可能。都市部だけでなく、地方の企業にも気軽に制度を紹介することができます。これは、地方のネットワークを持つ方,,,active,2026-03-24T08:45:50Z,2026-03-24T08:45:50Z,2026-03-24T08:45:50Z
b-seeds,https://b-seeds.com/,https://b-seeds.com/,https://b-seeds.com/ons-dxtoolfree,補助金診断で提案可能！「DX支援ツール 補助金申請無料診断キャンペーン」紹介代理店募集,,,,ご契約商材に応じて手数料をお支払い,55万円～110万円（税込）,,全国 募集対象 法人・個人事業主・個人 初期費用 55万円～110万円（税込）,法人・個人事業主・個人 初期費用 55万円～110万円（税込）,「DX支援ツール」は、ITツールや国の制度変更に対応した製品をご提案できるビジネスです。近年の制度変更（インボイス制度、電子帳簿保存法、アルコールチェック義務化）に対応したシステムを多数取り揃えています。特に、企業が導入必須となる商品を多く扱うため、法人向けの商談チャンスが安定して得られます。また、補助金や助成金を活用することで、顧客の導入コストを抑え、より導入しやすい特長もございます。 当ビジネ,,,active,2026-03-24T08:45:40Z,2026-03-24T08:45:40Z,2026-03-24T08:45:40Z
b-seeds,https://b-seeds.com/,https://b-seeds.com/,https://b-seeds.com/ps-passport,複数の商材を一括で扱える新サービスが登場！「Partner Success パスポート」新規パートナー募集,,,,報酬体系が多様で柔軟（紹介時／成約時／継続報酬など）,無料～,あり,全国 募集対象 法人・個人事業主・個人 初期費用 無料～,法人・個人事業主・個人 初期費用 無料～,https://www.youtube.com/watch?v=LXQxlpEUp1Q 営業や提案の現場でよくあるのが、「この商材はいいけれど、他にも提案したいものがある」「毎回新しい商材を探すのが大変」という声です。そんな悩みを解決するのが、「Partner Success パスポート」。このサービスでは、ひとつの登録だけで多数の商材を一括して取り扱うことが可能です。 商材はジャンルも種類も多岐,,,active,2026-03-24T08:41:49Z,2026-03-24T08:41:49Z,2026-03-24T08:41:49Z
b-seeds,https://b-seeds.com/,https://b-seeds.com/,https://b-seeds.com/otl-service,複数商材で高収益実現！「法人向け・個人向け 複数商材」販売代理店募集,,,,獲得商材に応じた手数料をお支払い,無料,,全国 募集対象 法人・個人事業主・個人 初期費用 無料,法人・個人事業主・個人 初期費用 無料,当サービスでは、通信インフラ、OA機器、エネルギー、求人広告、福利厚生サービスなど、生活やビジネスに密着した商材を豊富にお取り扱いできます。日常的なニーズのある商材ばかりで、法人でも個人でも、提案先に困ることはほとんどありません。 また、商材の多くはすでに数十万件の契約実績があり、コスト削減や利便性向上といったメリットがございます。たとえば、電力・ガスは「同じ品質で料金だけ安くなる」、求人広告は「,,,active,2026-03-24T08:47:13Z,2026-03-24T08:47:13Z,2026-03-24T08:47:13Z
b-seeds,https://b-seeds.com/,https://b-seeds.com/,https://b-seeds.com/ut-zorbball,話題性×収益性！集客コンテンツをお探しの方へ「ゾーブボール・エアーローラー常設レンタル」取次パートナー募集,,,,販売価格の25％をお支払い,"22,000円（税込）",,"全国 募集対象 法人・個人事業主・個人 初期費用 22,000円（税込）","法人・個人事業主・個人 初期費用 22,000円（税込）","「ゾーブボール・エアーローラー」は、業界最安水準の月額5万円（税別）という圧倒的な価格競争力を誇る常設型アトラクションレンタルサービスです。一般的な1日単位の高額レンタル（5万〜15万円）と比較しても、1日あたり約1,667円で導入可能なため、継続的な収益化が現実的になります。 最大の特長は、その「視認性」と「話題性」にあります。外径3.2mのゾーブボールや約2.5mのエアーローラーは、圧倒的な存",,,active,2026-03-24T08:43:43Z,2026-03-24T08:43:43Z,2026-03-24T08:43:43Z
b-seeds,https://b-seeds.com/,https://b-seeds.com/,https://b-seeds.com/ph-kafuncampaign,販売しやすい販促をご用意しました！「フィトンエアー 花粉症対策応援キャンペーン」販売店募集,,,,仕入価格と販売価格の差益,33万円（税込）,,全国 募集対象 法人 初期費用 33万円（税込）,法人 初期費用 33万円（税込）,「フィトンエアー」は、森林浴成分であるフィトンチッドを活用した空気浄化装置です。室内に健康的な植物栄養素を供給し、「空気サプリメント」として話題を集めています。すでに累計1万台以上の販売実績を持ち、一般家庭から保育園や病院、リラクゼーション施設、企業など、幅広く利用されています。 今回、一般のご家庭向けに提供しているフィトンエアー ミニを、花粉症でお悩みのお客様にご提案いただきたくキャンペーンをご,,,active,2026-03-24T08:54:18Z,2026-03-24T08:54:18Z,2026-03-24T08:54:18Z
b-seeds,https://b-seeds.com/,https://b-seeds.com/,https://b-seeds.com/gs-nuroapt,販売実績に基づくノウハウで成約率アップ！「NURO光マンション」販売代理店募集,,,,1ヵ月で100万円超えの報酬が可能,無料,,東京都、埼玉県、群馬県、茨城県 募集対象 法人・個人事業主・個人 初期費用 無料,法人・個人事業主・個人 初期費用 無料,「NURO光」は、ソニーネットワークコミュニケーションズが提供する高速インターネットサービスです。下り最大2Gbpsの圧倒的な通信速度と高い安定性で、動画視聴やリモートワーク、オンラインゲームなどにも最適です。 すでにNURO光が導入可能な物件に住んでいる方へのアプローチとなるため、無駄の少ない営業が可能です。 さらに、他の回線と比べて月額料金もリーズナブルで、コストパフォーマンスが高い点も提案の,,,active,2026-03-24T08:47:08Z,2026-03-24T08:47:08Z,2026-03-24T08:47:08Z
b-seeds,https://b-seeds.com/,https://b-seeds.com/,https://b-seeds.com/mp-nuro,販売手数料の大幅増額＆先払い制度導入！「NURO光」戸建て訪問販売パートナー募集,,,,獲得件数に応じた報酬をお支払いします,55万円～110万円（税込）,,全国 募集対象 法人 初期費用 55万円～110万円（税込）,法人 初期費用 55万円～110万円（税込）,「NURO光」は、下り最大2Gbpsの高速通信と固定回線として最安クラスの料金が特長です。切替時の解約金補填や高額キャッシュバック特典なども提供しているため、お客様にご提案しやすい商材です。家庭用インターネット需要が高まる現在、安定した販売数が見込めます。 当サービスの代理店制度では、代理店様は顧客の開拓と申込獲得に集中いただくだけで構いません。アフターフォローはすべて弊社が担当しますので、営業に,,,active,2026-03-24T08:51:43Z,2026-03-24T08:51:43Z,2026-03-24T08:51:43Z
b-seeds,https://b-seeds.com/,https://b-seeds.com/,https://b-seeds.com/gt-livecommerce,越境EC市場で収益拡大！「TikTokを使ったライブコマースビジネス」販売パートナー募集,,,,申込・フォローまで行うことで高単価報酬を獲得可能,無料,,全国 募集対象 法人・個人事業主 初期費用 無料,法人・個人事業主 初期費用 無料,今、EC業界において最も注目されている市場の一つが中国です。なかでも急成長しているのが「ライブコマース」市場であり、その規模はすでに年間400兆円を超えています。特に中国国内で広く利用されているショート動画アプリ「TikTok（中国版）」を活用したライブコマースは、販売力が桁違いです。一部の人気ライバー（配信者）は、たった1日で数億円規模の売上を叩き出すこともあります。 この巨大市場に日本から商品,,,active,2026-03-24T08:50:47Z,2026-03-24T08:50:47Z,2026-03-24T08:50:47Z
b-seeds,https://b-seeds.com/,https://b-seeds.com/,https://b-seeds.com/is-chihosousei,農家離農と食料危機に対応する社会貢献型ビジネス！「地方創生事業」加盟店募集,,,,開拓した地域内での売上の30％,48万円（税込）,,全国 募集対象 個人事業主・個人 初期費用 48万円（税込）,個人事業主・個人 初期費用 48万円（税込）,「地方創生事業」は、放置竹林や間伐材を活用した土壌微生物活性剤「生命の素」で、荒廃した農地を豊かな農地に変えるプロジェクトです。全国各地で放置され荒廃した竹林や山林を資源に変える取り組みで、特殊技術を用いて竹や間伐材を発酵させ、「生命の素」を開発しました。今、日本の農業は、化学肥料の高騰や輸入依存の影響で困難な状況に直面しています。多くの農家が離農を余儀なくされる中、当プロジェクトは日本の農業を再,,,active,2026-03-24T08:47:26Z,2026-03-24T08:47:26Z,2026-03-24T08:47:26Z
b-seeds,https://b-seeds.com/,https://b-seeds.com/,https://b-seeds.com/ac-tsubasatushin,通信と電力の融合商材！「新電力つばさでんき×通信回線商材」販売パートナー募集,,,,インセンティブをショットでお支払い,無料,,全国 募集対象 法人 初期費用 無料,法人 初期費用 無料,今注目の新電力サービスのお取扱いをしていただけるパートナーを募集しております。１次店だからこそできる高インセンティブで、貴社の収益アップに貢献いたします。現在全国のパートナー様が活躍しており、1名でも200万以上の報酬を得ている方もおみえになります。メイン商材としてももちろん、副商材として、OA機器販売会社、広告代理店、コンサルティング会社などの皆様にもお取扱いいただいております。 また、弊社は新,,,active,2026-03-24T08:53:01Z,2026-03-24T08:53:01Z,2026-03-24T08:53:01Z
b-seeds,https://b-seeds.com/,https://b-seeds.com/,https://b-seeds.com/ash-tushinryo,通信コスト削減提案！「通信料削減サービス」販売代理店募集,,,,月100件の申込で600万円の売上実績あり,11万円（税込）,,全国（一部地域を除く） 募集対象 法人・個人事業主・個人 初期費用 11万円（税込）,法人・個人事業主・個人 初期費用 11万円（税込）,「通信料削減サービス」は、お客様のご利用状況に合わせて、最安値のプランをご提案させていただくサービスです。 ワンストップで行いますので、お客様のお申し込みやお手続きが簡単にでき、手間や煩わしさを削減しました。専門的な部分を弊社が担当することで、販売代理店様は営業活動に専念していただけるようにいたしました。 「通信料削減サービス」のお申し込みやお手続きは最短10分で完了します。お客様は店頭に申し込み,,,active,2026-03-24T08:46:48Z,2026-03-24T08:46:48Z,2026-03-24T08:46:48Z
b-seeds,https://b-seeds.com/,https://b-seeds.com/,https://b-seeds.com/fa-hikarikaisen,通信商材で独立支援！「光回線系通信商材」販売代理店募集,,,,月収100万円以上も可能な高収益モデル（実績あり）,"55,000円（税込）",,"全国 募集対象 法人・個人事業主・個人 初期費用 55,000円（税込）","法人・個人事業主・個人 初期費用 55,000円（税込）",弊社では大手電力会社系列が提携する光インターネット回線の販売代理店を募集しております。 コロナの影響で高速インターネット回線の需要が一気に高まり、他とは違って売上が伸び続けている商材となっています。 キャッシュフローが早い、スタートアップに最適、などメリットがありますので是非お取り扱いいただければ幸いです。 もともとは弊社も代理店としてスタートして、今ではこうして本部というポジションで代理店様を募,,,active,2026-03-24T08:43:23Z,2026-03-24T08:43:23Z,2026-03-24T08:43:23Z
b-seeds,https://b-seeds.com/,https://b-seeds.com/,https://b-seeds.com/snc-nurosaizi,通信業で安定収益！「NURO光」催事販売パートナー募集,,,,高単価かつ他商材併売による売上増が見込める収益モデル,"11,000円（税込）",,"全国 募集対象 法人・個人事業主・個人 初期費用 11,000円（税込）","法人・個人事業主・個人 初期費用 11,000円（税込）",「NURO光」は、ソニーネットワークコミュニケーションズが提供する戸建て・低層階の集合住宅向けの光インターネットサービスです。テレビCMなどでもおなじみで知名度が高くご提案いただきやすいサービスとなっています。通信速度最速クラス、固定通信回線では最安クラス、特典も充実しているサービスですので是非お取り扱いいただければ幸いです。 当サービスは、催事にて販売していただきます。NUROの催事は目新しい為,,,active,2026-03-24T08:51:29Z,2026-03-24T08:51:29Z,2026-03-24T08:51:29Z
b-seeds,https://b-seeds.com/,https://b-seeds.com/,https://b-seeds.com/gz-internet,通信業で高収益実現！「大手インターネット回線」販売代理店募集,,,,月間350万円の売上実績あり（未経験者含む）,"55,000円（税込）",,"栃木県/千葉県/埼玉県/神奈川県/愛知県/三重県/静岡県/大阪府/京都府/兵庫県/奈良県/滋賀県 募集対象 法人 初期費用 55,000円（税込）","法人 初期費用 55,000円（税込）",「大手インターネット回線」は、東海４県や長野県で回線スピード１位タイの光インターネットサービスです。 2021年にはRBB SPEED AWARDにおいて、Wi-Fi速度部門の東海最優秀賞を受賞いたしました。セキュリティーが標準装備なので、安心・安全にインターネットをお楽しみいただけます。 リモートワーク用やゲーミングPC用などとして導入いただくお客様も多く、通信速度の速さにご満足いただいておりま,,,active,2026-03-24T08:49:00Z,2026-03-24T08:49:00Z,2026-03-24T08:49:00Z
b-seeds,https://b-seeds.com/,https://b-seeds.com/,https://b-seeds.com/fl-carportkozin,配布だけで報酬発生！「ソーラーカーポート」ポスティングパートナー募集,,,,契約機器売上げの5％と付帯サービスの粗利30％をお支払い,無料,,全国 募集対象 法人・個人事業主 初期費用 無料,法人・個人事業主 初期費用 無料,「ソーラーカーポート」は、ソーラーカーポートや蓄電池の設置販売をご提案する事業です。パートナー様のお仕事は、チラシの配布のみ。営業経験や業界知識など、一切必要ございません。住宅ローンは契約から見直しするタイミングがないので、これまで多くのお客様に喜んでいただいております。 当事業は、住宅ローンの見直しをお手伝いし、下がった金利分を使い実質無料にて設置できるソーラーカーポートをご提案します。昨今の電,,,active,2026-03-24T08:55:45Z,2026-03-24T08:55:45Z,2026-03-24T08:55:45Z
b-seeds,https://b-seeds.com/,https://b-seeds.com/,https://b-seeds.com/ngi-nichigaspartner,関東No.1の電力商材！「ニチガス 電気・ガス」販売代理店募集,,,,獲得件数に応じた手数料をお支払い,無料～,,全国 募集対象 法人・個人事業主・個人 初期費用 無料～,法人・個人事業主・個人 初期費用 無料～,「ニチガス 電気・ガス」は、関東地域でLPガスの小売シェアNo.1を誇るエネルギー供給サービスです。安心・安全・安価なガス供給により、契約数は約194万件に達し、多くのお客様に選ばれ続けています。充実した支援内容と地域密着型のビジネス展開が可能で、販促ツールの提供やスタッフの研修などを行い、安定した経営をサポートします。地域に根ざした営業活動を通じて、地域の生活を豊かにすることができるのも魅力の一,,,active,2026-03-24T08:41:50Z,2026-03-24T08:41:50Z,2026-03-24T08:41:50Z
b-seeds,https://b-seeds.com/,https://b-seeds.com/,https://b-seeds.com/wu-seoconsul,集客改善で成果アップ！「SEOコンサルパッケージ」販売パートナー募集,,,,成果報酬型で継続的なインセンティブが期待できる商材,110万円（税込）,あり,全国 募集対象 法人・個人事業主・個人,法人・個人事業主・個人,「SEOコンサルパッケージ」は、集客・売上のお悩みを解決する最新のWEB商材パッケージです。あらゆるジャンルに対応したSEOサービスのしろくまSEOやSEOレポート作成サービスのSEO極クラウド、WEBサイトの分析や解析を行うWEBコンサルティングサービスの3つの商材をお取り扱いいただけます。多くの企業様はWEBサイト活用におけるお悩みを抱えており、サイトの改善点がわからずうまく活用できていないケ,,,active,2026-03-24T08:43:19Z,2026-03-24T08:43:19Z,2026-03-24T08:43:19Z
b-seeds,https://b-seeds.com/,https://b-seeds.com/,https://b-seeds.com/fl-denshibreaker,電気代削減で喜ばれる！「電子ブレーカー」販売代理店募集,,,,契約機器売上の10％をお支払いします,55万円～110万円（税込）,,全国 募集対象 法人・個人事業主・個人,法人・個人事業主・個人,「電子ブレーカー」は、事業所の電気設備に使用できる電子ブレーカーです。同じ設備内容・使用状況でも契約容量を小さくでき、基本料金を大幅に削減できます。代理店様には契約機器売上の10％をお支払いし、法人営業の知識やノウハウをお教えします。 当商材を活用することで、電気代の約40％を削減できます。ガソリンスタンドやクリーニング業、運送業など、多くの法人様にご提案でき、そのほか工作機械類のある業種にも販売,,,active,2026-03-24T08:53:05Z,2026-03-24T08:53:05Z,2026-03-24T08:53:05Z
b-seeds,https://b-seeds.com/,https://b-seeds.com/,https://b-seeds.com/en-solarsystemsho,電気代高騰で急拡大！「太陽光発電システム」紹介代理店募集,,,,安定した成約単価で、年間を通じて高収益が期待できる,44万円（税込）,,全国 募集対象 法人 初期費用 44万円（税込）,法人 初期費用 44万円（税込）,"[youtube id=""5cFPZYbJqLs""] 「太陽光発電システム」は、「太陽光発電システム」で作った電気や買った電気を「蓄電池」に貯めて、効率良く使うことでご自宅で消費する光熱費の削減や停電対策が出来るシステムです。 世界的な脱炭素社会への対応や、電気代や燃料費の高騰により、弊社実績でも毎年150％の勢いで成長しているビジネスです。 代理店様にお任せするのは営業部分のみで、ご契約後の施工",,,active,2026-03-24T08:49:05Z,2026-03-24T08:49:05Z,2026-03-24T08:49:05Z
b-seeds,https://b-seeds.com/,https://b-seeds.com/,https://b-seeds.com/en-solarsystem,電気代高騰で急拡大！「太陽光発電システム・蓄電池」販売代理店募集,,,,安定した成約単価で、年間を通じて高収益が期待できる,11万円（税込）～,,全国 募集対象 法人 初期費用 11万円（税込）～,法人 初期費用 11万円（税込）～,"[youtube id=""5cFPZYbJqLs""] 「太陽光発電システム・蓄電池」は、「太陽光発電システム」で作った電気や買った電気を「蓄電池」に貯めて、効率良く使うことでご自宅で消費する光熱費の削減や停電対策が出来るシステムです。 世界的な脱炭素社会への対応や、電気代や燃料費の高騰により、弊社実績でも毎年150％の勢いで成長しているビジネスです。 今回、全国にて販売代理店様を募集させていただく",,,active,2026-03-24T08:47:33Z,2026-03-24T08:47:33Z,2026-03-24T08:47:33Z
b-seeds,https://b-seeds.com/,https://b-seeds.com/,https://b-seeds.com/ms-tsushinshozai,電話だけで稼げる在宅営業！「各種通信商材」販売代理店募集,,,,販売件数に応じた手数料をお支払い,100万円～300万円（税込）,,全国 募集対象 法人・個人事業主・個人 初期費用 100万円～300万円（税込）,法人・個人事業主・個人 初期費用 100万円～300万円（税込）,「各種通信商材」は、通信インフラやNTT光コラボ、新電力商材などを取り扱うビジネスです。多彩な商材を取り扱えることに加え、高インセンティブで高額報酬が見込めます。また、弊社の代理店制度では、登録料や設備投資が不要なため、リスクを抑えつつすぐに事業を開始可能です。さらに、電話さえあれば営業を始められる手軽さが特徴で、特に新規参入の代理店様に最適です。多くの代理店様から支持される信頼の制度です。 弊社,,,active,2026-03-24T08:53:19Z,2026-03-24T08:53:19Z,2026-03-24T08:53:19Z
b-seeds,https://b-seeds.com/,https://b-seeds.com/,https://b-seeds.com/wu-airzwebinar,需要急増の配信支援！「Airz Webinar」販売代理店募集,,,,ウェビナーを活用した商品・サービスの販売により、収益の最大化を目指します,無料,,全国 募集対象 法人・個人事業主・個人 初期費用 無料,法人・個人事業主・個人 初期費用 無料,「Airz Webinar」（エアズ ウェビナー）は、ウェビナー（ウェブを使ったセミナー）を開催したい企業向けの支援サービスです。新型コロナウイルス感染症の影響で、これまでのリアルなセミナーや、従来の営業活動ができなくなってきたことから、ウェビナーによるマーケティング急速に広がっています。ウェビナーへ集客してオンライン上でPR、その後、商品やサービスを販売するという方法が一般的になりつつあります。,,,active,2026-03-24T08:47:06Z,2026-03-24T08:47:06Z,2026-03-24T08:47:06Z
b-seeds,https://b-seeds.com/,https://b-seeds.com/,https://b-seeds.com/wu-lsync,顧客満足と働き方改革を両立する！「LINE自動対応ツール L-Sync」販売パートナー募集,,,,ご契約件数に応じた手数料をお支払い,33万円（税込）～,,全国 募集対象 法人・個人事業主・個人 初期費用 33万円（税込）～,法人・個人事業主・個人 初期費用 33万円（税込）～,夜間や休日に届くLINEへの即時対応は、顧客満足度を高める一方で、社員の負担になりやすい業務でもあります。とくに「見えない時間外対応」は、本人の善意に任されがちで、企業側が正確に把握・管理できない状態になりやすいのが実情です。これは結果として、隠れ残業や労務リスクにつながる可能性もあります。 当サービスは、こうした課題を前提に設計されたLINE一次対応の仕組みです。夜間・休日に届いたメッセージには,,,active,2026-03-24T08:51:02Z,2026-03-24T08:51:02Z,2026-03-24T08:51:02Z
b-seeds,https://b-seeds.com/,https://b-seeds.com/,https://b-seeds.com/ka-hojokinn,飲食・物流・中小企業に強いDXツールの導入に！「IT導入補助金×業務効率化ソフト」販売パートナー募集,,,,報酬率は最大60％,"55,000円（税込）～",,"全国 募集対象 法人・個人事業主・個人 初期費用 55,000円（税込）～","法人・個人事業主・個人 初期費用 55,000円（税込）～",「IT導入補助金×業務効率化ソフト」は、業務効率化と補助金活用を両立する、実用性の高い業務支援ソフトウェアです。主な商材は、在庫管理システム・飲食店向け注文（オーダー）システムなど、業種に特化した実務的なツールで、中小企業でも導入しやすいカスタマイズ性が特長です。いずれも業務の自動化・人手不足の解消・管理の見える化といった現場の課題を解決し、日々の業務の効率アップに直結する内容となっています。 さ,,,active,2026-03-24T08:47:21Z,2026-03-24T08:47:21Z,2026-03-24T08:47:21Z
b-seeds,https://b-seeds.com/,https://b-seeds.com/,https://b-seeds.com/ash-airrge,飲食店に最適なPOS導入！「Airレジオーダー」販売パートナー募集,,,,獲得件数により手数料をお支払い,無料～,,全国 募集対象 法人・個人事業主・個人 初期費用 無料～,法人・個人事業主・個人 初期費用 無料～,「Airレジ オーダー」は、飲食店の注文・提供業務をスムーズにする、オーダーシステムです。 最大の特長は、直感的な操作性。ハンディ端末の画面はカテゴリごとに色分けされ、初めてのスタッフでも迷わず注文が取れる設計です。さらに、モバイルオーダー対応で、お客様自身がスマホから直接注文可能。混雑時でも待たせず、注文の機会損失を防げます。 また、導入費用を抑えやすいのも大きな魅力。初期導入サポート費が0円か,,,active,2026-03-24T08:42:04Z,2026-03-24T08:42:04Z,2026-03-24T08:42:04Z
b-seeds,https://b-seeds.com/,https://b-seeds.com/,https://b-seeds.com/ash-inshokuten,飲食店提案で報酬発生！「ホットペッパーグルメ」トスアップパートナー募集,,,,獲得件数により手数料をお支払い,"150,000~220,000円（税込）",,"全国 募集対象 法人 初期費用 150,000~220,000円（税込）","法人 初期費用 150,000~220,000円（税込）","パートナ様のお仕事内容は、飲食店向け集客支援サービスである「ホットペッパーグルメ」への掲載をご提案することです。「掲載をご検討されませんか？」とご案内いただき、専用フォームから顧客情報を入力するのみ。その後のご提案やクロージング、掲載設定などは、すべて専任担当が対応します。 当サービスは、年間8,800万人以上が予約を利用し、ネット予約利用者数・満足度ともに業界No.1の実績を誇る、強力な飲食店集",,,active,2026-03-24T08:46:57Z,2026-03-24T08:46:57Z,2026-03-24T08:46:57Z
b-seeds,https://b-seeds.com/,https://b-seeds.com/,https://b-seeds.com/ash-delivery,飲食店支援に強いデリバリー商材！「フードデリバリーサービス」販売パートナー募集,,,,ご契約により手数料をお支払い,"275,000円（税込）",,"全国（東京都/神奈川県/岐阜県/大阪府を除く） 募集対象 法人・個人事業主・個人 初期費用 275,000円（税込）","法人・個人事業主・個人 初期費用 275,000円（税込）",近年、コロナ禍の影響により飲食店におけるフードデリバリーのニーズは急速に拡大し、現在では集客や売上確保の手段として欠かせない存在となっています。弊社が取り扱うフードデリバリー商材は、そうした市場環境に対応した高い導入効果と提案しやすさを兼ね備えたサービスです。 導入企業にとっての最大の利点は、実店舗が満席の状態でもオーダーを受け付けられる点にあり、機会損失を防ぎつつ売上の最大化を図ることが可能です,,,active,2026-03-24T08:43:00Z,2026-03-24T08:43:00Z,2026-03-24T08:43:00Z
b-seeds,https://b-seeds.com/,https://b-seeds.com/,https://b-seeds.com/vl-ramenpro,飲食未経験でも挑戦できるラーメン開業！「ラーメンプロデュース」独立開業パートナー募集,,,,売上より諸経費を差し引いた金額,"44,400円(税込)",,"全国 募集対象 法人・個人事業主・個人 初期費用 44,400円(税込)","法人・個人事業主・個人 初期費用 44,400円(税込)",ラーメン店の開業と聞くと、多くの方がまず心配されるのが「毎月の固定費」です。特にフランチャイズの場合、加盟金やロイヤリティが利益を圧迫するケースも少なくありません。 当ビジネスでは、加盟金0円・加盟保証金0円・研修費0円・ロイヤリティ0円という設計が特徴です。つまり、売上に対して毎月一定割合を本部に支払う必要がありません。これは長期的に見ると大きな差になります。頑張って売上を伸ばした分だけ、しっか,,,active,2026-03-24T08:42:50Z,2026-03-24T08:42:50Z,2026-03-24T08:42:50Z
b-seeds,https://b-seeds.com/,https://b-seeds.com/,https://b-seeds.com/kt-sonethikariau,高い知名度で成約率が伸びる商材！「So-net光（auひかり）」販売代理店募集,,,,ご契約件数に応じた手数料をお支払い,無料,,関東/関西/中部/四国/九州 募集対象 法人・個人事業主・個人 初期費用 無料,法人・個人事業主・個人 初期費用 無料,【信頼・ブランド面】 ① ソニーグループの信頼ブランドで提案がしやすい業界屈指の知名度と信頼を誇る「So-net」ブランド。お客様からの安心感が高く、契約獲得率も向上します。 ② auスマートバリュー・自宅セット割でセット割引が可能auスマホやUQ mobileを利用している人は、auひかり＋電話（または電気）を申し込むことでスマホ利用料金の割引が受けられます。同居家族はもちろん、離れて暮らす家族,,,active,2026-03-24T08:49:14Z,2026-03-24T08:49:14Z,2026-03-24T08:49:14Z
b-seeds,https://b-seeds.com/,https://b-seeds.com/,https://b-seeds.com/sun-catv,高インセンティブの通信営業！「CATV業務」販売代理店募集,,,,ご契約件数に応じた手数料をお支払い,30万円～,,全国 募集対象 法人・個人事業主・個人 初期費用 30万円～,法人・個人事業主・個人 初期費用 30万円～,弊社では、営業未経験からスタートする方が多く、最初の一歩を安心して踏み出せるように、丁寧な初期研修と実践的なロールプレイを用意しています。 初期研修では、サービスの知識はもちろん、接客マナーや提案の流れ、よくある質問への対応方法までカバー。座学だけでなく、実際の会話を想定した練習を通じて、自信を持って現場に出られるようになります。 また、先輩たちの成功事例や失敗談も交えた勉強会を毎月実施しており、,,,active,2026-03-24T08:43:48Z,2026-03-24T08:43:48Z,2026-03-24T08:43:48Z
b-seeds,https://b-seeds.com/,https://b-seeds.com/,https://b-seeds.com/ts-aireskillinghan,高マージンのAI研修事業！「生成AIリスキリング研修事業」販売代理店募集,,,,マージン率に関して詳しくはお問い合わせください,"66,000円（税込）",,"全国 募集対象 法人 初期費用 66,000円（税込）","法人 初期費用 66,000円（税込）",「生成AIリスキリング研修事業」は、国の助成金制度を活用して企業の人材育成を支援する事業です。オンライン完結型のeラーニング形式で、生成AIの基礎から業務活用、アプリ開発まで幅広い内容を12ヶ月間学べます。厚生労働省の「人材開発支援助成金（リスキリング支援コース）」の対象で、最大75％の助成が受けられるため、実質負担は大幅に軽減されます。 講座は全業種・全職種に対応しており、導入実績も多数。サンプ,,,active,2026-03-24T08:51:23Z,2026-03-24T08:51:23Z,2026-03-24T08:51:23Z
b-seeds,https://b-seeds.com/,https://b-seeds.com/,https://b-seeds.com/eg-allinonecreamer,高保湿の美容新定番！「oneオールインワンクリームER」販売店募集,,,,高単価・高リピート率が期待できるため、安定した収益化が可能,23万円（税込）,,全国 募集対象 法人・個人事業主 初期費用 23万円（税込）,法人・個人事業主 初期費用 23万円（税込）,「oneオールインワンクリームER」は、年齢肌に驚くほどのリッチなコクを与えハリ肌へと導く高保湿クリームです。 強い生命力と豊富な栄養素を持つユーグレナ由来の美容成分に加えて4種類の植物オイルを配合。 これまでオールインワンコスメへの高配合が困難とされていたエモリエント成分を30％というリッチな比率で配合することに成功した商品です。 今回、本商品の新規販売店様および卸代理店様を募集させていただくこ,,,active,2026-03-24T08:52:40Z,2026-03-24T08:52:40Z,2026-03-24T08:52:40Z
b-seeds,https://b-seeds.com/,https://b-seeds.com/,https://b-seeds.com/dr-onaoshisenka,高利益率のリペア事業！「修理工房 おなおし専科」パートナーシップ募集,,,,販売価格から仕入代金を差し引いた金額,55万円～110万円（税込）,,全国 募集対象 法人・個人事業主・個人 初期費用 55万円～110万円（税込）,法人・個人事業主・個人 初期費用 55万円～110万円（税込）,「修理工房 おなおし専科」は、革製品のリペアと靴のクリーニングを提供する新しいサービスです。一般的に修理業を始めるには、機材や道具、専門技術が必要で、開業資金も高額になりがちです。しかし、本事業は無店舗で運営でき、修理は本部の職人が担当するため、代理店は取次業務に専念できます。在庫リスクがなく、粗利率は50～85％と高収益が期待できます。革製品のリペア市場は拡大しており、今後も需要が見込まれる魅力,,,active,2026-03-24T08:47:24Z,2026-03-24T08:47:24Z,2026-03-24T08:47:24Z
b-seeds,https://b-seeds.com/,https://b-seeds.com/,https://b-seeds.com/ec-smarthouse,高単価商材を扱いたい営業会社様へ！「太陽光・蓄電池・オール電化」営業代理店募集,,,,獲得件数に応じた手数料をお支払い,"275,000円（税込）",,"全国 募集対象 法人・個人事業主・個人 初期費用 275,000円（税込）","法人・個人事業主・個人 初期費用 275,000円（税込）",当ビジネスでは、太陽光発電システム、家庭用蓄電池、オール電化など、近年注目を集めているスマートハウス関連商材を取り扱います。日本では電気料金の継続的な上昇やエネルギー自給率の低さといった背景があり、家庭でエネルギーを自家消費するニーズが年々高まっています。また、災害時の停電対策としても太陽光発電や蓄電池への関心が高まっており、住宅分野における再生可能エネルギー市場は今後も拡大が期待されています。,,,active,2026-03-24T08:45:49Z,2026-03-24T08:45:49Z,2026-03-24T08:45:49Z
b-seeds,https://b-seeds.com/,https://b-seeds.com/,https://b-seeds.com/ec-smarthousesho,高単価商材を扱いたい営業会社様へ！「太陽光・蓄電池・オール電化」紹介代理店募集,,,,獲得件数に応じた手数料をお支払い,"無料（名刺代として2,000円）",,"愛知県/岐阜県/静岡県/三重県 募集対象 法人・個人事業主・個人 初期費用 無料（名刺代として2,000円）","法人・個人事業主・個人 初期費用 無料（名刺代として2,000円）",当ビジネスでは、太陽光発電システム、家庭用蓄電池、オール電化など、近年注目を集めているスマートハウス関連商材を取り扱います。日本では電気料金の継続的な上昇やエネルギー自給率の低さといった背景があり、家庭でエネルギーを自家消費するニーズが年々高まっています。また、災害時の停電対策としても太陽光発電や蓄電池への関心が高まっており、住宅分野における再生可能エネルギー市場は今後も拡大が期待されています。,,,active,2026-03-24T08:44:55Z,2026-03-24T08:44:55Z,2026-03-24T08:44:55Z
b-seeds,https://b-seeds.com/,https://b-seeds.com/,https://b-seeds.com/un-internet,高単価通信で安定収益！「インターネット回線」訪問販売パートナー募集,,,,"1件につき20,000円～の手数料をお支払い",無料,,全国 募集対象 法人・個人事業主 初期費用 無料,法人・個人事業主 初期費用 無料,「インターネット回線」は、各電力会社のインターネット回線を販売できるビジネスです。営業未経験でも、独自のトレーニングプログラムやマンツーマンサポートにより、しっかり稼げる環境を提供します。報酬は成果に応じて増加し、努力次第で月収100万円以上の高収入も実現可能です。 当ビジネスは、未経験者でも安心して始められる環境が整っています。弊社の教育サポート体制は万全で、現場でのマンツーマンの指導やオンライ,,,active,2026-03-24T08:42:07Z,2026-03-24T08:42:07Z,2026-03-24T08:42:07Z
b-seeds,https://b-seeds.com/,https://b-seeds.com/,https://b-seeds.com/ra-houhan,高単価通信で安定収益！「ソフトバンク光」訪問販売パートナー募集,,,,獲得件数に応じた報酬,無料,,全国 募集対象 法人 初期費用 無料,法人 初期費用 無料,"弊社はソフトバンクの一次代理店としてインターネット及びモバイル商材の事業を展開しております。今回募集させていただくのは催事販売を行っていただく法人様です。弊社は月販で8,000件以上という業界内では最上位の実績を上げており、これまで50社以上の代理店様のサポートを行っております。催事販売の成功ノウハウをお教えしますので、是非ご応募いただければ幸いです。 弊社はネットとモバイルを同時に扱える数少ない",,,active,2026-03-24T08:54:11Z,2026-03-24T08:54:11Z,2026-03-24T08:54:11Z
b-seeds,https://b-seeds.com/,https://b-seeds.com/,https://b-seeds.com/ee-ihikari,高単価通信で安定収益！「個人宅向け 光回線」販売代理店募集,,,,"1件ご契約につき85,000円の手数料をお支払い",無料,,全国 募集対象 法人 初期費用 無料,法人 初期費用 無料,"弊社の代理店様には、手離れの良いトスアップのみで1件85,000円の報酬をお支払い致します。その後の面倒な業務作業は弊社が行いますので、代理店様は営業活動に専念することができます。また、代理店様の報酬とは別でお客様には工事費実質無料特典、現状の光回線の違約金補填、最大6か月分の月額利用料金のキャッシュバックもご用意しております。 「個人宅向け 光回線」は、お得な光回線を複数お取り扱いできるビジネス",,,active,2026-03-24T08:52:24Z,2026-03-24T08:52:24Z,2026-03-24T08:52:24Z
b-seeds,https://b-seeds.com/,https://b-seeds.com/,https://b-seeds.com/ict-hikaricorbo,高単価通信で安定収益！「光コラボ回線」販売代理店募集,,,,"・1件につき最大82,000円をお支払い ・オプション付帯でストック収益をお支払い","418,000円（税込）～",あり,"全国（北海道、岩手、福島、東京、愛知、兵庫、福岡を除く地域）、海外（香港、中国の一部、米国ハワイ州を除く地域） 募集対象 法人・個人事業主・個人 初期費用 418,000円（税込）～","法人・個人事業主・個人 初期費用 418,000円（税込）～","「光コラボ回線」は、豊富な光回線サービスをお取り扱いできるビジネスです。お客様のご予算やご要望に合わせた通信回線・プロバイダーのご紹介はもちろん、インターネット接続のサポートまで、幅広い対応が可能です。1件につき最大82,000円の手数料をお支払いするため、効率の良い収益アップが見込めます。 当ビジネスでは、訪問販売やテレマーケティング、Webでの集客、不動産アライアンスなど、多様な販売チャネルに",,,active,2026-03-24T08:55:18Z,2026-03-24T08:55:18Z,2026-03-24T08:55:18Z
b-seeds,https://b-seeds.com/,https://b-seeds.com/,https://b-seeds.com/ai-noah,高収益の人気FCモデル！「オーダースーツ Noah」FC加盟店募集,,,,販売価格と仕入価格の差益,無料,,全国 募集対象 法人 初期費用 無料,法人 初期費用 無料,"[youtube id=""51n_79r1iLk""] 「オーダースーツ Noah」は、フルオーダーにも関わらず、最短7営業日での納品が実現しています。従来のオーダースーツ業界では、納期は平均1ヶ月以上かかるのが一般的でした。採寸、パターンの作成、生地の手配、縫製、検品など、多くの工程があるため、どうしても時間がかかってしまうのです。 しかし、スマテックではすべての工程がデジタルで一元管理されており",,,active,2026-03-24T08:56:12Z,2026-03-24T08:56:12Z,2026-03-24T08:56:12Z
b-seeds,https://b-seeds.com/,https://b-seeds.com/,https://b-seeds.com/re-sonethikari,高収益を実現する通信ビジネスモデル！「So-net 光」訪問販売パートナー募集,,,,"1件につき最大115,000円の手数料をお支払い ※商材により異なります",無料,,全国 募集対象 法人・個人事業主・個人 初期費用 無料,法人・個人事業主・個人 初期費用 無料,弊社のパートナー制度は、成果に応じてしっかりと収益が積み上がる高還元型の報酬設計が特長です。契約件数が増えるほどインセンティブが上乗せされる仕組みを採用しており、組織規模が拡大するほど利益効率が高まります。営業力を持つ企業様にとっては、その実力をダイレクトに収益へ反映できるモデルです。 また、単発で終わる設計ではなく、販売数に応じたボリュームインセンティブ制度があるため、チーム全体で取り組むことで,,,active,2026-03-24T08:41:25Z,2026-03-24T08:41:25Z,2026-03-24T08:41:25Z
b-seeds,https://b-seeds.com/,https://b-seeds.com/,https://b-seeds.com/re-hikarikaisen,高収益を実現する通信ビジネスモデル！「auひかり」訪問販売パートナー募集,,,,"1件につき最大115,000円の手数料をお支払い ※商材により異なります",無料,,全国 募集対象 法人・個人事業主・個人 初期費用 無料,法人・個人事業主・個人 初期費用 無料,弊社のパートナー制度は、成果に応じてしっかりと収益が積み上がる高還元型の報酬設計が特長です。契約件数が増えるほどインセンティブが上乗せされる仕組みを採用しており、組織規模が拡大するほど利益効率が高まります。営業力を持つ企業様にとっては、その実力をダイレクトに収益へ反映できるモデルです。 また、単発で終わる設計ではなく、販売数に応じたボリュームインセンティブ制度があるため、チーム全体で取り組むことで,,,active,2026-03-24T08:41:56Z,2026-03-24T08:41:56Z,2026-03-24T08:41:56Z
b-seeds,https://b-seeds.com/,https://b-seeds.com/,https://b-seeds.com/al-softbankhousho,高収益を狙える通信ビジネス！「ソフトバンク法人携帯」紹介代理店募集,,,,獲得件数に応じた手数料をお支払い,無料,,岡山県/香川県 募集対象 法人・個人事業主・個人 初期費用 無料,法人・個人事業主・個人 初期費用 無料,「ソフトバンク法人携帯」は、法人向けソフトバンク携帯を販売できるビジネスです。通信費削減と業務効率化を両立でき、法人専用の割引や特典を活用することでコストを抑えることができます。また、DX関連商材との組み合わせで、さらに効果的な提案も可能で、クロスセルにも最適です。紹介のみで手離れが良く、すでに販路をお持ちの代理店様は早期売上も期待できます。 スマートフォンは誰もが使う身近な商品であり、新規提案の,,,active,2026-03-24T08:53:45Z,2026-03-24T08:53:45Z,2026-03-24T08:53:45Z
b-seeds,https://b-seeds.com/,https://b-seeds.com/,https://b-seeds.com/lp-osouzidaiko,高収益清掃ビジネス！「日本おそうじ代行」フランチャイズ加盟店募集,,,,諸経費を差し引いた金額が収益,無料～,,全国 募集対象 法人・個人事業主・個人 初期費用 無料～,法人・個人事業主・個人 初期費用 無料～,「日本おそうじ代行」は、エアコンクリーニングや空室清掃などを提供し、壁紙再生によって業務の幅を広げられるフランチャイズです。業界の中でも初期費用が非常に安価なため、低リスクで開業が可能です。 また、壁紙再生の技術は他のハウスクリーニング業者が扱わないため、競合との差別化が図れる強みがあります。初月から安定した売上を見込める仕組みやサポート体制が整っており、個人でも無理なく事業を展開できる点が当事業,,,active,2026-03-24T08:44:51Z,2026-03-24T08:44:51Z,2026-03-24T08:44:51Z
b-seeds,https://b-seeds.com/,https://b-seeds.com/,https://b-seeds.com/re-reenebaikai,高収益狙える法人電力商材！「法人向け新電力サービス リエネでんき」媒介パートナー募集,,,,獲得した顧客の契約内容により、契約が続く限り毎月手数料をお支払いいたします（ストック収益）,無料,あり,全国 募集対象 法人・個人事業主・個人 初期費用 無料,法人・個人事業主・個人 初期費用 無料,「リエネでんき」は、再エネ電力の導入支援に特化した電力小売サービスです。その運営母体は、都市開発・不動産で知られる東急不動産株式会社の100％子会社「株式会社リエネ」。大手グループの一員であることが、初めてこの分野にチャレンジする方にとっても大きな安心材料となります。 特に、法人営業においては「どこの会社の商品なのか」が非常に重要視されます。その点、東急不動産グループというネームバリューは、信頼の,,,active,2026-03-24T08:51:06Z,2026-03-24T08:51:06Z,2026-03-24T08:51:06Z
b-seeds,https://b-seeds.com/,https://b-seeds.com/,https://b-seeds.com/xm-nurohikari,高報酬で安定収益を狙えるネット回線事業！「NURO光」販売パートナー募集,,,,1件約8万円以上のインセンティブをお支払い,"5,500円（税込）",,"全国（一部地域除く） 募集対象 法人・個人事業主 初期費用 5,500円（税込）","法人・個人事業主 初期費用 5,500円（税込）",「NURO光」は、ソニーネットワークコミュニケーションズ株式会社が提供する高速インターネット回線サービスです。最大通信速度は下り最大2Gbpsという国内最高水準を誇り、快適なネット環境を求める個人・法人双方に支持されています。 当サービスは、光ファイバー回線と専用機器「ONU（光回線終端装置）」を活用し、従来の光回線よりも高速・安定した通信を実現している点が最大の特長です。特に、動画視聴やオンライ,,,active,2026-03-24T08:42:18Z,2026-03-24T08:42:18Z,2026-03-24T08:42:18Z
b-seeds,https://b-seeds.com/,https://b-seeds.com/,https://b-seeds.com/ac-solarsystem,高報酬で安定収益！「太陽光発電システム」紹介代理店募集,,,,月収400万円以上も可能な高収益モデル,110万円（税込）～,,全国 募集対象 法人・個人事業主・個人 初期費用 110万円（税込）～,法人・個人事業主・個人 初期費用 110万円（税込）～,「太陽光発電システム」は、屋根に設置することにより電気代を大幅に削減することができる人気のシステムです。 燃料費の高騰を背景に電気代が上がり続けていて多くのご家庭が悲鳴を上げています。こうした中、弊社の代理店様の多くは高い収益を上げていて、中には月収400万円以上の営業マンも誕生しています。 今回、全国にて追加で紹介代理店様を募集させていただくことになりましたので是非ご応募いただければ幸いです。,,,active,2026-03-24T08:49:07Z,2026-03-24T08:49:07Z,2026-03-24T08:49:07Z
b-seeds,https://b-seeds.com/,https://b-seeds.com/,https://b-seeds.com/wa-sherpa,高報酬の不動産仲介！「不動産エージェント SHERPA」パートナー募集,,,,売上に対して80～90％,22万円（税込）,,全国 募集対象 法人・個人事業主 初期費用 22万円（税込）,法人・個人事業主 初期費用 22万円（税込）,日本では、家を借りたい人と貸したい人を不動産会社がつなげるのが一般的。一方、アメリカでは、個人の「不動産エージェント」がその役割を担うケースが多いです。 実際に不動産エージェントはアメリカに150万人以上おり、日本でも今後一般的な働き方になることが予想されています。 そんな今注目の不動産エージェントとして働く人をサポートするのが、「SHERPA」です。 例えば不動産会社の社員として働く場合、社員が,,,active,2026-03-24T08:48:47Z,2026-03-24T08:48:47Z,2026-03-24T08:48:47Z
b-seeds,https://b-seeds.com/,https://b-seeds.com/,https://b-seeds.com/ii-gomcredit,高報酬の決済端末商材！「クレジット端末」販売代理店募集,,,,販売件数に応じた手数料をお支払い,無料,,全国 募集対象 法人 初期費用 無料,法人 初期費用 無料,"「クレジット端末」は通常、月額費用2,000円以上、端末代64,000円等が発生しますが、弊社にて完全無料でご提案が可能です。さらに、一般的にクレジットカード決済手数料は3.24％~3.74％ですが、今回Visa,Master等2.98％,Jcb,Diners,Amex等3.2％にてご提案が可能です。クレジットカード手数料はなかなか下がりにくい業界なので、この手数料は確固たるニーズがあり現在競合他",,,active,2026-03-24T08:52:20Z,2026-03-24T08:52:20Z,2026-03-24T08:52:20Z
b-seeds,https://b-seeds.com/,https://b-seeds.com/,https://b-seeds.com/un-mobilephone,高報酬の通信販売！「個人向け携帯電話」販売パートナー募集,,,,販売方法に応じて手数料をお支払い,11万円（税込）,,全国 募集対象 法人・個人事業主・個人 初期費用 11万円（税込）,法人・個人事業主・個人 初期費用 11万円（税込）,「個人向け携帯電話」は、大手キャリアなどの携帯電話を催事販売やショップでのヘルパー業務を通じて販売できるビジネスです。営業未経験でも、独自のトレーニングプログラムやマンツーマンサポートにより、しっかり稼げる環境を提供します。報酬は成果に応じて増加し、努力次第で月収100万円以上の高収入も実現可能です。 当ビジネスは、未経験者でも安心して始められる環境が整っています。弊社の教育サポート体制は万全で、,,,active,2026-03-24T08:47:16Z,2026-03-24T08:47:16Z,2026-03-24T08:47:16Z
b-seeds,https://b-seeds.com/,https://b-seeds.com/,https://b-seeds.com/kt-foodsogo,高報酬の飲食店支援商材！「フードデリバリー」総合開拓代理店募集,,,,"最大61,000円の手数料をお支払い",無料,,岡山県 募集対象 法人・個人事業主・個人 初期費用 無料,法人・個人事業主・個人 初期費用 無料,「早く始めて、早く稼ぎたい」という方にぴったりなのが、この代理店制度のスピード感です。申し込みから稼働開始まで、最短で1週間。無駄な待機期間がないため、「やる気があるうちに動きたい」という方にこそ最適な環境が整っています。 初回の打ち合わせはZOOMで30～45分ほど。そこで全体の概要や条件をしっかり説明します。その後、契約手続きとLINEグループへの参加が完了すれば、すぐに動画やWEBを使った研,,,active,2026-03-24T08:52:00Z,2026-03-24T08:52:00Z,2026-03-24T08:52:00Z
b-seeds,https://b-seeds.com/,https://b-seeds.com/,https://b-seeds.com/ca-locoreach,高機能MEOで集客強化！「MEOサービス LOCOREACH」販売代理店募集,,,,獲得件数に応じた手数料をお支払い,"55,000円（税込）",,"全国 募集対象 法人・個人事業主・個人 初期費用 55,000円（税込）","法人・個人事業主・個人 初期費用 55,000円（税込）",当サービスの販売代理店制度では、すでに多くの方が成功を収めており、実際の事例から収益の目安や取り組み方を学ぶことができます。たとえば、通信業界で営業4名体制の代理店は、月間15件の成約で月利155万円を達成しています。また、キャッシュレス関連事業では営業1名で月10件の成約、月利110万円という実績も。さらに、太陽光業界の2名チームでも月8件の成約で月利80万円という成果を上げています。 目標を立,,,active,2026-03-24T08:44:42Z,2026-03-24T08:44:42Z,2026-03-24T08:44:42Z
b-seeds,https://b-seeds.com/,https://b-seeds.com/,https://b-seeds.com/kp-osouzikakumei,高満足度の清掃ビジネス！「おそうじ革命」フランチャイズ加盟店募集,,,,売上から諸経費を差し引いた金額,55万円～110万円（税込）,,全国 募集対象 法人 初期費用 55万円～110万円（税込）,法人 初期費用 55万円～110万円（税込）,「おそうじ革命」は、原付バイク一台から始められるハウスクリーニングサービスです。顧客満足度5年連続業界第1位の実績もあり、独自の教育プログラムにより、顧客様から厚い信頼がございます。現場で活躍するプロから直接、実技や知識を学ぶことができ、独立後も安心のサポート体制が整っています。高利益率で始めやすさが魅力のおそうじビジネスに、ぜひ参入しませんか？ 当サービスの独自プログラム・イールシステムでは、業,,,active,2026-03-24T08:46:37Z,2026-03-24T08:46:37Z,2026-03-24T08:46:37Z
b-seeds,https://b-seeds.com/,https://b-seeds.com/,https://b-seeds.com/gs-nurokodate,高知名度で提案しやすく販売実績も豊富な商材！「NURO光 戸建てタイプ」販売代理店募集,,,,1ヵ月で100万円超えの報酬が可能,無料,,全国（一部地域を除く） 募集対象 法人 初期費用 無料,法人 初期費用 無料,戸建て住宅にお住まいの方へご提案できる「NURO光」は、ソニーネットワークコミュニケーションズが提供する高速インターネットサービスです。下り最大2Gbpsという圧倒的な通信速度と安定した接続環境により、動画視聴・リモートワーク・オンラインゲームなど、日常のあらゆるネット利用を快適にサポートします。 戸建て住宅では光回線の選択肢が広がるため、「速くて安定したネット環境を整えたい」というニーズが高く、,,,active,2026-03-24T08:42:35Z,2026-03-24T08:42:35Z,2026-03-24T08:42:35Z
b-seeds,https://b-seeds.com/,https://b-seeds.com/,https://b-seeds.com/re-reene,高知名度の電力商材！「法人向け新電力サービス リエネでんき」紹介パートナー募集,,,,獲得した顧客の契約内容により、契約が続く限り毎月手数料をお支払いいたします（ストック収益）,無料,あり,茨城県/栃木県/群馬県/埼玉県/千葉県/東京都/神奈川県 募集対象 法人・個人事業主・個人 初期費用 無料,法人・個人事業主・個人 初期費用 無料,「リエネでんき」は、再エネ電力の導入支援に特化した電力小売サービスです。その運営母体は、都市開発・不動産で知られる東急不動産株式会社の100％子会社「株式会社リエネ」。大手グループの一員であることが、初めてこの分野にチャレンジする方にとっても大きな安心材料となります。 特に、法人営業においては「どこの会社の商品なのか」が非常に重要視されます。その点、東急不動産グループというネームバリューは、信頼の,,,active,2026-03-24T08:52:16Z,2026-03-24T08:52:16Z,2026-03-24T08:52:16Z
b-seeds,https://b-seeds.com/,https://b-seeds.com/,https://b-seeds.com/ra-saijihanbai,高知名度通信で稼ぐ！「ソフトバンク光」催事販売パートナー募集,,,,獲得件数に応じた報酬,無料,,東京都/神奈川県/埼玉県/千葉県/茨城県/群馬県/栃木県 募集対象 個人事業主・個人 初期費用 無料,個人事業主・個人 初期費用 無料,"弊社はソフトバンクの一次代理店としてインターネット及びモバイル商材の事業を展開しております。今回募集させていただくのは催事販売を行っていただく法人様です。弊社は月販で8,000件以上という業界内では最上位の実績を上げており、これまで50社以上の代理店様のサポートを行っております。催事販売の成功ノウハウをお教えしますので、是非ご応募いただければ幸いです。 弊社はネットとモバイルを同時に扱える数少ない",,,active,2026-03-24T08:54:30Z,2026-03-24T08:54:30Z,2026-03-24T08:54:30Z
b-seeds,https://b-seeds.com/,https://b-seeds.com/,https://b-seeds.com/go-benchmark,高精度の広告運用支援！「ベンチマークターゲティング」OEM代理店募集,,,,ご成約件数に応じた手数料をお支払い,無料,,全国 募集対象 法人・個人事業主・個人 初期費用 無料,法人・個人事業主・個人 初期費用 無料,「ベンチマークターゲティング」は、競合他社のホームページを閲覧したユーザーに対し、Googleのバナー広告でアプローチできるWeb広告サービスです。このサービスの最大の特長は、“競合他社のホームページを見た人”に広告を配信できる点。たとえば歯科医院を例にとると、「近くの歯医者を探している」段階で競合サイトを閲覧したユーザーに対し、自社の広告をYouTubeやニュースサイト上で表示させることができま,,,active,2026-03-24T08:42:53Z,2026-03-24T08:42:53Z,2026-03-24T08:42:53Z
b-seeds,https://b-seeds.com/,https://b-seeds.com/,https://b-seeds.com/bn-gemcerey,高級ジュエリーを扱う新事業！「カラーストーン取扱ジュエリーブランド GEMCEREY」販売代理店募集,,,,販売手数料とコンサルティングフィー（紹介料）,"11,000円（税込）",,"全国 募集対象 法人・個人事業主 初期費用 11,000円（税込）","法人・個人事業主 初期費用 11,000円（税込）",「GEMCEREY」（ジェムケリー）は、国内最大級のカラーストーン取扱量を誇るジュエリーブランドです。「ピジョンブラッドルビー」や「アレキサンドライト」など世界的にも希少な宝石を自社工房で一点物のオーダーメイドジュエリーへと仕立てています。 当製品は、高品質かつブランド認知度があり、説明や提案がしやすいのが特長です。加えて、商品自体の魅力やデザイン力によって“商品が勝手に語ってくれる”ことも多く、,,,active,2026-03-24T08:44:09Z,2026-03-24T08:44:09Z,2026-03-24T08:44:09Z
b-seeds,https://b-seeds.com/,https://b-seeds.com/,https://b-seeds.com/ii-musenwifi,高速通信で副業にも！「5G対応無線Wi-Fi」販売代理店募集,,,,販売件数に応じたショット＋ストック手数料をお支払い,"198,000円（税込）",あり,"全国 募集対象 個人 初期費用 198,000円（税込）","個人 初期費用 198,000円（税込）",「5G対応無線Wi-Fi」は、業界トップクラスのコストパフォーマンスで最大4.2Gbpsの高速インターネットが利用できるサービスです。工事不要で利用できるため、工事費用などのコストが無くコンセントに挿すだけですぐに使えます。3日後に届くため、すぐにインターネット環境が欲しいお客様、獲得インセンティブを早く欲しい代理店様に最適な商材です。 当サービスは代理店様の裁量で料金を割引できる仕組みのため、ク,,,active,2026-03-24T08:52:38Z,2026-03-24T08:52:38Z,2026-03-24T08:52:38Z
b-seeds,https://b-seeds.com/,https://b-seeds.com/,https://b-seeds.com/kt-nurohikari,高速通信で即収益化！「NURO光 for マンション」訪販代理店募集,,,,1件あたり最大3万円以上の報酬（オプション込み）,無料,,岡山県/香川県 募集対象 法人・個人事業主・個人 初期費用 無料,法人・個人事業主・個人 初期費用 無料,「NURO光 for マンション」は、ソニーグループが提供する最新インターネットのマンション向けサービスです。 弊社は全国で担当物件が圧倒的1位の確保数という実績がある営業会社です。今回、全国で訪販代理店を募集させていただくことになりました。 コロナ前と比べて訪問獲得件数が2倍～4倍と、獲得しやすくなっていますので、高報酬が期待できるビジネスです。 NUROはテレビCMも積極的に展開中で、サービス,,,active,2026-03-24T08:52:18Z,2026-03-24T08:52:18Z,2026-03-24T08:52:18Z
b-seeds,https://b-seeds.com/,https://b-seeds.com/,https://b-seeds.com/snc-nuromansionhou,高速通信で安定収益を！「NURO光（マンション）」訪問販売パートナー募集,,,,1件獲得開通に応じて報酬の支払い（取次方法により異なります）,無料,,全国 募集対象 法人・個人事業主・個人 初期費用 無料,法人・個人事業主・個人 初期費用 無料,NURO光(マンション)は集合住宅向けサービスとして、下り２Ｇの高速サービスを低価格にてご利用いただける商材となります。回線のアピールポイントがはっきりとしているため、初めて商材をお取扱いいただく方にも取り次ぎやすく実績をとりやすいサービスとして専売・併売の方問わずご好評をいただいております。 従来までのマンションプランについては、弊社設備が事前に導入されている棟のみ獲得対象となっておりました。こ,,,active,2026-03-24T08:43:32Z,2026-03-24T08:43:32Z,2026-03-24T08:43:32Z
b-seeds,https://b-seeds.com/,https://b-seeds.com/,https://b-seeds.com/snc-nurohikarig2t,高速通信で安定収益！「NURO光」訪問販売パートナー募集,,,,高い獲得生産性により、営業効率と報酬単価の両立が可能,110万円（税込）～,,全国 募集対象 法人・個人事業主 初期費用 110万円（税込）～,法人・個人事業主 初期費用 110万円（税込）～,「NURO光」は、ソニーネットワークコミュニケーションズが提供する戸建て・集合住宅向けの光インターネットサービスです。 現在多くのサービスは下り最大1Gbpsが主流ですが、下り最大通信速度2Gbpsという圧倒的な回線速度を実現しています。 今回、全国にて訪問販売に特化した販売パートナー様を募集させていただくことになりました。訪問販売を得意とされている法人様・個人事業主は是非ご応募いただければ幸いで,,,active,2026-03-24T08:54:05Z,2026-03-24T08:54:05Z,2026-03-24T08:54:05Z
b-seeds,https://b-seeds.com/,https://b-seeds.com/,https://b-seeds.com/kt-nurohipartner,高速通信で安定収益！「NURO光」販売パートナー募集,,,,獲得件数に応じた報酬をお支払いします,無料,,東京都/神奈川県/千葉県/埼玉県 募集対象 法人・個人事業主・個人 初期費用 無料,法人・個人事業主・個人 初期費用 無料,「NURO光」 は、快適に高画質・大容量コンテンツを利用できる光回線サービスです。趣味の動画鑑賞のほか、テレワークでも少ない待ち時間で、ストレスなく行える通信環境を提供します。当商材は月利240万円以上の実績もあり、お客様満足度の高いサービスとなっております。 当商材では、NURO光対象エリアにて訪問営業をお願いします。各種乗り換えキャンペーンなどの対象ですので、すでに他社回線とご契約済みのお客様,,,active,2026-03-24T08:51:58Z,2026-03-24T08:51:58Z,2026-03-24T08:51:58Z
b-seeds,https://b-seeds.com/,https://b-seeds.com/,https://b-seeds.com/ng-nichigasutokyo,高需要のエネルギー商材！「ニチガスのLPガス・都市ガス・電気」ビジネスパートナー募集,,,,安定した継続収入とインセンティブにより、長期的な利益が期待できます,55万円～110万円（税込）,あり,全国 募集対象 法人 初期費用 55万円～110万円（税込）,法人 初期費用 55万円～110万円（税込）,「ニチガスのLPガス・都市ガス・電気」は、ニチガスによるガスや電気の供給を、お客様にご提案いただくお仕事です。日常生活にお困りのお客様に喜ばれるビジネスで、すでに190万人を超えるお客様にご利用いただいております。2016年の電力の小売り全面自由化や2017年の都市ガスの小売り自由化により、今エネルギー事業には大きなビジネスチャンスが到来しています。1955年の設立以来、常に変化し続けるエネルギー,,,active,2026-03-24T08:49:47Z,2026-03-24T08:49:47Z,2026-03-24T08:49:47Z
b-seeds,https://b-seeds.com/,https://b-seeds.com/,https://b-seeds.com/re-delivery,高需要の外食支援商材！「デリバリーサービス」販売代理店募集,,,,"約60,000〜200,000円 / 店舗",無料,,東京都 募集対象 法人 初期費用 無料,法人 初期費用 無料,「デリバリーサービス」は、高い知名度のあるデリバリーサービスをご提案いただけるビジネスです。 近年、デリバリーが当たり前になったとはいえ、まだまだ成長の余地が大きく、今後も高い需要が見込めます。 デリバリー市場の拡大に伴い、新しい顧客層の開拓や、既存のビジネスモデルへの付加価値の提供など、多方面にわたるメリットが期待できます。 このような市場の動向を踏まえ、飲食店様だけでなく、ビジネスパートナー様,,,active,2026-03-24T08:51:33Z,2026-03-24T08:51:33Z,2026-03-24T08:51:33Z
b-seeds,https://b-seeds.com/,https://b-seeds.com/,https://b-seeds.com/nc-denryokukaisen,高額インセンティブ設計！「インフラ商材 回線（個人）・電力（法人）」販売代理店募集,,,,お申し込み件数に応じた手数料をお支払い,無料,,全国 募集対象 法人・個人事業主・個人 初期費用 無料,法人・個人事業主・個人 初期費用 無料,「インフラ商材 回線・電力」は、個人向け回線や法人向け電力をお取り扱いできる、需要と継続性に基づいたビジネスです。 個人向け回線は、キャリアブランドの信頼性に加え、回線品質・サポート体制・契約設計のバランスが取れたサービスです。代理店様がよく抱える「戻入（ペナルティ）」「クレーム対応」「不明瞭な条件設定」といったストレスを極力排除し、「通る申込」「残る契約」に焦点を当てた設計をしています。無理な値,,,active,2026-03-24T08:54:14Z,2026-03-24T08:54:14Z,2026-03-24T08:54:14Z
b-seeds,https://b-seeds.com/,https://b-seeds.com/,https://b-seeds.com/jda-security,高額報酬の暗号研修商材！「助成金活用セキュリティ研修」販売代理店募集,,,,1名ご契約につき数万円（1社平均12名となっています）,"33,000円（税込）",,"全国（一部地域を除く） 募集対象 法人・個人事業主 初期費用 33,000円（税込）","法人・個人事業主 初期費用 33,000円（税込）",今、世界中で注目を集めているのが「完全暗号」という分野です。これまでのセキュリティ技術では、時間をかければ解読される可能性がありました。しかし「完全暗号」は、量子コンピュータをもってしても解読が不可能とされる、まったく新しいアプローチの技術です。 この研修では、その量子暗号技術を基にしたセキュリティ対策をテーマにしています。提供している企業は、国内の大手企業や官公庁とも技術協力を行っている信頼性の,,,active,2026-03-24T08:56:02Z,2026-03-24T08:56:02Z,2026-03-24T08:56:02Z
kkhashi,https://www.kkhashi.com/matters,https://www.kkhashi.com/matters,https://www.kkhashi.com/matters/detail/522,代理店・フランチャイズ募集サイト,株式会社からだ元気治療院,,フランチャイズ / 代理店,,300～500万,あり,,,ホーム 医療・福祉・インフラ・生活・美容・健康 無店舗＆未経験から始める社会貢献！手堅く継続収益を生むビジネスチャンス！ ... 無店舗＆未経験から始める社会貢献！手堅く継続収益を生むビジネスチャンス！ 資料ダウンロード ダウンロードリストに 追加 ビジネス概要 企業情報 無店舗＆未経験から始める社会貢献！手堅く継続収益を生むビジネスチャンス！：ビジネス概要 店舗不要・完全未経験OK！高齢化社会を支えながら「安定した継続収入」の柱を作る社会貢献ビジネス。 「からだ元気治療院」は、自力での通院が難しいご高齢者や障がい者の方のご自宅・施設へ伺い、リハビリやマッサージ、鍼灸を提供するサービスです。 ＜当ビジネスの大きな魅力＞ ■ オーナー様は施術・資格不要！マネジメントに専念 実際の施術は国家資格を持つマッサージ師が行います。オーナー様ご自身に資格や経験は一切不要で、経営やスタッフ管理に専念できるため、異業種からの参入が非常にスムーズです。 ■ 無店舗型で低リスク開業 お客様のご自宅へ訪問するスタイルのため、高額な敷金や内装費がかかる店舗物件は不要です。初期投資を大幅に抑えつつ、スピーディー,,,active,2026-03-24T08:56:18Z,2026-03-24T08:56:18Z,2026-03-24T08:56:18Z
kkhashi,https://www.kkhashi.com/matters,https://www.kkhashi.com/matters,https://www.kkhashi.com/matters/detail/476,代理店・フランチャイズ募集サイト,株式会社北海道親育ち研究所,,フランチャイズ / 代理店 / 取次店 / 副業,,完全0円,,,,ホーム 教育・学習・医療・福祉 副業OK！紹介するだけで手離れ◎M&Aパートナー（取次店）募集 ... 副業OK！紹介するだけで手離れ◎M&Aパートナー（取次店）募集 資料ダウンロード ダウンロードリストに 追加 ビジネス概要 企業情報 副業OK！紹介するだけで手離れ◎M&Aパートナー（取次店）募集：ビジネス概要 スモールスタート可能◎年会費0円&専門知識不要！療育施設経営者を紹介するだけのM&Aパートナー募集 ／ 療育施設や放課後等デイサービスの運営に お悩みの方をご紹介いただくだけ☆ 手離れ抜群の事業です！ ＼ 知人や親族に「療育施設の運営がうまくいかない」「放課後等デイサービス事業を継ぐ人がいない」 このようなお悩みを抱える方がいる方は、ぜひ当社にご紹介ください。 法的体制の整備や支援内容（サービスの中身）など、 利用者のニーズに合っているのか、どのように収益を上げていくのかなど コンサルティングから事業売却までを一貫して対応いたします！ ▼具体的なお仕事の流れ （1）当社に療育施設や放課後等デイサービスの運営に困っている方をご紹介いただきます。 ※紹介いただく方の名前や連絡先、,,,active,2026-03-24T08:56:20Z,2026-03-24T08:56:20Z,2026-03-24T08:56:20Z
kkhashi,https://www.kkhashi.com/matters,https://www.kkhashi.com/matters,https://www.kkhashi.com/matters/detail/507,代理店・フランチャイズ募集サイト,株式会社KUROZUMI,,FC / フランチャイズ / 代理店,,100～300万,,,,ホーム 小売・卸売・流通・物販・サービス業・飲食 【1年で58店舗】夜×SNS集客「夜ドーナツ」FC募集！最短1ヶ月回収 ... 【1年で58店舗】夜×SNS集客「夜ドーナツ」FC募集！最短1ヶ月回収 資料ダウンロード ダウンロードリストに 追加 ビジネス概要 企業情報 【1年で58店舗】夜×SNS集客「夜ドーナツ」FC募集！最短1ヶ月回収：ビジネス概要 営業は夜の4時間だけ。SNS拡散で集客費0円を実現する「夜ドーナツ」経営 20時～24時の「夜」限定で営業するテイクアウト専門のドーナツ・スイーツ店です。 「非日常×映え」をコンセプトに、Z世代や女性客を中心にSNSで爆発的に拡散。 広告費をかけずに集客する仕組みがあります。 1年で約58店舗を展開する急成長ブランドで、低資金開業が可能なキッチンカーモデルや、原価率20%の新業態クッキー店も選択可能です。 募集対象となる方 空き物件やキッチンカー用を有効活用したい方、本業後の「夜間」を活用して副収入を得たい個人・法人様に最適です。 飲食未経験でも運営可能な簡易オペレーションで、若手起業家や地方での新規事業をお探しの方にもマッチします。,,,active,2026-03-24T08:56:21Z,2026-03-24T08:56:21Z,2026-03-24T08:56:21Z
kkhashi,https://www.kkhashi.com/matters,https://www.kkhashi.com/matters,https://www.kkhashi.com/matters/detail/508,代理店・フランチャイズ募集サイト,TOKYO株式会社,,FC / フランチャイズ / 代理店 / 副業,,100～300万,,,,ホーム サービス業・美容・健康・飲食 損益分岐点1日13杯！Z世代支持率92%のアサイーボウルFC ... 損益分岐点1日13杯！Z世代支持率92%のアサイーボウルFC 資料ダウンロード ダウンロードリストに 追加 ビジネス概要 企業情報 損益分岐点1日13杯！Z世代支持率92%のアサイーボウルFC：ビジネス概要 人件費削減のセルフレジ×セントラルキッチン！未経験・副業OKの高収益アサイーボウルFC 世界的に急成長するアサイー市場を背景に展開する『J BOWL』。 セントラルキッチンでの一括製造と完全セルフレジ導入により、「職人不要」「人件費削減」を実現しました。 損益分岐点は1日わずか13杯と低く、未経験や副業でも参入可能な高収益モデルです。 キッチンカー、テイクアウト専門店、商業施設など多様な出店が可能で、Z世代を中心に圧倒的な支持を得ています。 募集対象となる方 飲食未経験の方、副業で安定収入を得たい個人の方、既存事業の多角化を目指す法人様に最適です。 特に「手間をかけずに収益化したい」「人手不足に悩みたくない」というオーナー様や、省スペースで開業したい方にマッチします。 また、,,,active,2026-03-24T08:56:22Z,2026-03-24T08:56:22Z,2026-03-24T08:56:22Z
kkhashi,https://www.kkhashi.com/matters,https://www.kkhashi.com/matters,https://www.kkhashi.com/matters/detail/433,代理店・フランチャイズ募集サイト,ALgory株式会社,,フランチャイズ / 代理店,,完全0円,,,,ホーム 営業・インフラ・生活・小売・卸売・流通・物販 加盟金０円！圧倒的なコスト削減×月100万超実績も◎オクトパスエナジー販売パートナー募集！！ ... 加盟金０円！圧倒的なコスト削減×月100万超実績も◎オクトパスエナジー販売パートナー募集！！ 資料ダウンロード ダウンロードリストに 追加 ビジネス概要 企業情報 加盟金０円！圧倒的なコスト削減×月100万超実績も◎オクトパスエナジー販売パートナー募集！！：ビジネス概要 法人向け新電力サービス「TGオクトパスエナジー」の販売代理店募集 ☆加盟金ゼロで始めるグリーンエネルギー「オクトパスエナジー」の販売代理店募集☆ 営業サポート体制万全なので、業界未経験の法人様・個人様も参入しやすい！ パートナー様1カ月目で100万円の収益を上げた実績あり◎ ＜オクトパスエナジーとは？＞ イギリスでNo.1（※1）のシェアを誇るオクトパスエナジー社が、 2021年に東京ガス株式会社と共同出資して立ち上げた電力会社です。 実質再生可能エネルギー100%（※2）の持続性可能な電力を、 安定的な価格で供給できるのが魅力です。 ＜販売ターゲット＞ 販売ターゲ,,,active,2026-03-24T08:56:24Z,2026-03-24T08:56:24Z,2026-03-24T08:56:24Z
kkhashi,https://www.kkhashi.com/matters,https://www.kkhashi.com/matters,https://www.kkhashi.com/matters/detail/442,代理店・フランチャイズ募集サイト,株式会社Trust,,フランチャイズ / 代理店,,50～100万,,,,"ホーム 営業・広告・メディア・IT・Web 【導入5,000社突破！】粗利85％で年商6,600万円も可能なSNS支援ツールOEM ... 【導入5,000社突破！】粗利85％で年商6,600万円も可能なSNS支援ツールOEM 資料ダウンロード ダウンロードリストに 追加 ビジネス概要 企業情報 【導入5,000社突破！】粗利85％で年商6,600万円も可能なSNS支援ツールOEM：ビジネス概要 既存顧客の売上に貢献できるものを提案しませんか？安定したストック収益につながるツールです！ 「SNSをどう活用すれば売上につながるか分からない」 そんな悩みを抱える中小企業は今、急増しています。 Pegasusは、InstagramやTikTokを軸に、 投稿分析・競合比較・チャットbot対応・来店予約導線などを一体化。 “成果が見えるSNS運用”を実現する法人向け支援ツールです。 すでに5,000超のアカウントが導入。 工務店様での例では、導入によりInstagramきっかけの予約数が0件→10件に！ またその結果、住宅年間棟数が8棟→15棟に増加し、大変喜ばれました◎ 今回パートナー様には",,,active,2026-03-24T08:56:25Z,2026-03-24T08:56:25Z,2026-03-24T08:56:25Z
kkhashi,https://www.kkhashi.com/matters,https://www.kkhashi.com/matters,https://www.kkhashi.com/matters/detail/487,代理店・フランチャイズ募集サイト,株式会社エフティグループ,,フランチャイズ / 代理店,,完全0円,,,,"ホーム 営業・広告・メディア・不動産・修理・建設業・美容・健康・飲食・アパレル・服飾・IT・Web・レジャー・娯楽 【圧倒的収益性】AIに選ばれる時代へ。次世代MEO代理店募集 ... 【圧倒的収益性】AIに選ばれる時代へ。次世代MEO代理店募集 資料ダウンロード ダウンロードリストに 追加 ビジネス概要 企業情報 【圧倒的収益性】AIに選ばれる時代へ。次世代MEO代理店募集：ビジネス概要 “SNS + MAP + AI”で勝つ！AIが推す店はこう作る！営業だけの高収益ビジネス 今や検索は“AIが答えを決める時代”。 BridgePlusは、従来のMEOの枠を超え、AIに「選ばれる店舗づくり」を支援する次世代型ローカルSEOツールです。 GoogleビジネスプロフィールとInstagramを連携し、投稿・写真・レビュー・キーワードをAIが最適化。 さらに、独自のLLMO（大規模言語モデル最適化）技術により、「AIが好む情報設計」「AIに伝わる店づくり」を自動で支援します。 既に導入実績は3,000店舗を突破。 飲食、美容、整体、小売など、全国のリアル店舗に導入され、**“競合と違いが出",,,active,2026-03-24T08:56:27Z,2026-03-24T08:56:27Z,2026-03-24T08:56:27Z
kkhashi,https://www.kkhashi.com/matters,https://www.kkhashi.com/matters,https://www.kkhashi.com/matters/detail/239,代理店・フランチャイズ募集サイト,コードキャンプ株式会社,,フランチャイズ / 代理店,,100～300万,,,,ホーム 教育・学習・インフラ・生活・サービス業・人材・コンサルティング・通信・IT・Web・システム 未来を切り拓く子ども達の育成を仕事にしませんか？未経験から始める「CodeCampKIDS」 ... 未来を切り拓く子ども達の育成を仕事にしませんか？未経験から始める「CodeCampKIDS」 資料ダウンロード ダウンロードリストに 追加 ビジネス概要 企業情報 未来を切り拓く子ども達の育成を仕事にしませんか？未経験から始める「CodeCampKIDS」：ビジネス概要 急激な市場成長が見込まれ、社会貢献性が高いプログラミング教室の運営を仕事に 「プログラミング教育には興味があるが、教えられる人材がいない」――そんな不安で足踏みしていませんか? CodeCampKIDSは、東証プライム上場グループが運営する、日本最大級のプログラミングスクールのノウハウを凝縮した教室モデルです。 最大の強みは、「教えなくていい」独自の学習システム。 IT教育専業の企業が設計したオリジナルの映像教材を使い、子どもたちが自走して学ぶスタイル。オーナー様やスタッフに高度なプログラミングスキルは不要です。 20,,,active,2026-03-24T08:56:28Z,2026-03-24T08:56:28Z,2026-03-24T08:56:28Z
kkhashi,https://www.kkhashi.com/matters,https://www.kkhashi.com/matters,https://www.kkhashi.com/matters/detail/461,代理店・フランチャイズ募集サイト,株式会社からだ元気治療院,,フランチャイズ / 代理店,,300～500万,,,,ホーム 医療・福祉・インフラ・生活・美容・健康 施術不要！簡単マネジメントで安定収益を生む訪問マッサージ事業 ... 施術不要！簡単マネジメントで安定収益を生む訪問マッサージ事業 資料ダウンロード ダウンロードリストに 追加 ビジネス概要 企業情報 説明会・セミナー 施術不要！簡単マネジメントで安定収益を生む訪問マッサージ事業：ビジネス概要 国の制度を活用した安定ビジネス！異業種からでも手堅い経営を実現できる訪問マッサージ事業。 ☆からだ元気治療院とは… ご高齢者や身体障がい者のご自宅や入所施設にお伺いし、リハビリ・機能訓練・はり・お灸・マッサージを行う訪問専門の治療院です。 「動けなかった関節が動かせるようになった！」と感謝される、社会貢献度とやりがいの非常に大きいお仕事です。 【ビジネスの3つの大きなポイント】 ① 決して需要がなくならない圧倒的な市場優位性 ② 有資格者を採用するため、完全未経験からでも超簡単経営 ③ 収益を安定させる盤石なサポートと継続的な収益 ◯店舗物件の準備や管理は一切不要！ 訪問治療のため店舗が不要で、高額な内外装工事も要りません。低リスクで開業でき、煩わ,,,active,2026-03-24T08:56:29Z,2026-03-24T08:56:29Z,2026-03-24T08:56:29Z
kkhashi,https://www.kkhashi.com/matters,https://www.kkhashi.com/matters,https://www.kkhashi.com/matters/detail/521,代理店・フランチャイズ募集サイト,株式会社ネット,,FC / フランチャイズ / 代理店,,商談時ご説明,,,,ホーム 教育・学習・医療・福祉・美容・健康 開業初月から月収100万可！働きながら技術を学び独立。姿勢改善FC ... 開業初月から月収100万可！働きながら技術を学び独立。姿勢改善FC 資料ダウンロード ダウンロードリストに 追加 ビジネス概要 企業情報 開業初月から月収100万可！働きながら技術を学び独立。姿勢改善FC：ビジネス概要 固定ロイヤリティで利益率約50％！学びながら収入を得られる姿勢ケア専門FC KCSセンターは、1991年の運営開始から30年以上の実績を持つ姿勢改善専門フランチャイズです。 全国に84店舗を展開し、総施術実績は227万人を突破。本モデル最大の特徴は、「学びながら収入を得る」手厚い教育システムにあります。 インターンとして現場で実践経験を積み、収入を得ながら着実に開業準備を進められます。 収益面では、利益率約50%という高い収益性を実現。また、実績のある店舗を引き継いで独立を目指す「開業支援制度」を利用すれば、初期リスクを抑えて自己資金ゼロからの出店も可能です。 募集対象となる方 ◎未経験から手に職をつけて独立・起業を目指したい方 ◎健康意識の高まりに応,,,active,2026-03-24T08:56:31Z,2026-03-24T08:56:31Z,2026-03-24T08:56:31Z
kkhashi,https://www.kkhashi.com/matters,https://www.kkhashi.com/matters,https://www.kkhashi.com/matters/detail/512,代理店・フランチャイズ募集サイト,マイルストーン株式会社,,フランチャイズ / 代理店,,0～50万,,,,ホーム 営業・小売・卸売・流通・物販・不動産・修理・建設業・サービス業・人材・コンサルティング・美容・健康・飲食・IT・Web 美容・飲食・クリニック等の電話をAI化！店舗コンサル・運営者向け代理店 ... 美容・飲食・クリニック等の電話をAI化！店舗コンサル・運営者向け代理店 資料ダウンロード ダウンロードリストに 追加 ビジネス概要 企業情報 美容・飲食・クリニック等の電話をAI化！店舗コンサル・運営者向け代理店：ビジネス概要 全業種の店舗が対象。「施術中・接客中」の電話とりこぼしをAIでゼロに 「SmartCall」は、あらゆる実店舗の電話対応を自動化するAIシステムです。 美容室での施術中、クリニックの診察中、飲食店のピークタイム…。店舗ビジネスにおいて「目の前のお客様対応で電話に出られない」という課題は全業種共通です。 本サービスは、24時間365日、AIが人間に代わって予約受付や質問対応を行います。 飲食店はもちろん、美容室、ネイルサロン、整体・整骨院、歯科医院、カーリペア、クリーニング店など、電話対応が発生する全ての店舗が提案対象です。 店舗向けサービスを展開されている事,,,active,2026-03-24T08:56:32Z,2026-03-24T08:56:32Z,2026-03-24T08:56:32Z
kkhashi,https://www.kkhashi.com/matters,https://www.kkhashi.com/matters,https://www.kkhashi.com/matters/detail/515,代理店・フランチャイズ募集サイト,マイルストーン株式会社,,フランチャイズ / 代理店,,0～50万,,,,ホーム AI・営業・サービス業・人材・コンサルティング・通信・美容・健康・飲食・IT・Web・システム オフィスの電話番をAI化！総務の負担減・営業電話をブロックするDX商材 ... オフィスの電話番をAI化！総務の負担減・営業電話をブロックするDX商材 資料ダウンロード ダウンロードリストに 追加 ビジネス概要 企業情報 オフィスの電話番をAI化！総務の負担減・営業電話をブロックするDX商材：ビジネス概要 脱・電話番！オフィスの受電業務をAIが代行。フロー×ストック報酬で安定収益を構築 「SmartCall」は、オフィスの電話対応を自動化・効率化する対話型AI電話システムです。 多くの企業では、総務や新人が「電話番」として業務を中断され、その大半が不要な営業電話や単純な取次業務であるという課題を抱えています。 本サービスを導入することで、以下のメリットを提供できます。 1．営業電話のブロック：AIが相手の用件を聞き出し、不要な売り込みを自動で遮断。 2．取次業務の自動化：担当者名を聞き取り、チャットツール（Slack/Chatwork等）やメールへ即座に通知。 3．24時間対応：営業,,,active,2026-03-24T08:56:34Z,2026-03-24T08:56:34Z,2026-03-24T08:56:34Z
kkhashi,https://www.kkhashi.com/matters,https://www.kkhashi.com/matters,https://www.kkhashi.com/matters/detail/516,代理店・フランチャイズ募集サイト,株式会社LEAN,,フランチャイズ / 代理店,,完全0円,,,,"ホーム サービス業・美容・健康・IT・Web・レジャー・娯楽 国内最大級オンラインフィットネス！LEAN BODY販売パートナー募集 ... 国内最大級オンラインフィットネス！LEAN BODY販売パートナー募集 資料ダウンロード ダウンロードリストに 追加 ビジネス概要 企業情報 国内最大級オンラインフィットネス！LEAN BODY販売パートナー募集：ビジネス概要 ユーザー数・SNSフォロワー数国内No.1！「令和版ビリーズブートキャンプ」独占配信サービスの販売 日本最大級のオンラインフィットネス動画配信サービス「LEAN BODY（リーンボディ）」の販売・紹介パートナーを募集します。 厳選された有名インストラクターによるヨガ、筋トレ、ダンス、ピラティスなど1,000本以上のレッスンが見放題。 あの「令和版ビリーズブートキャンプ」の独占配信でも話題となり、Instagramのフォロワー数は国内オンラインフィットネスサービスでNo.1を誇ります。 【ビジネスの仕組み】 販売パートナー様には、専用のコラボLPやバナーをご案内します。 そのリンク経由でユーザー様が会員登録・有料プラン契約を",,,active,2026-03-24T08:56:36Z,2026-03-24T08:56:36Z,2026-03-24T08:56:36Z
kkhashi,https://www.kkhashi.com/matters,https://www.kkhashi.com/matters,https://www.kkhashi.com/matters/detail/517,代理店・フランチャイズ募集サイト,株式会社採用戦略研究所,,フランチャイズ / 代理店,,0～50万,あり,,,"ホーム 広告・メディア・人材・コンサルティング・IT・Web 販売価格自由！採用DXシステム『CRS』代理店募集。高収益ストックモデル ... 販売価格自由！採用DXシステム『CRS』代理店募集。高収益ストックモデル 資料ダウンロード ダウンロードリストに 追加 ビジネス概要 企業情報 説明会・セミナー 販売価格自由！採用DXシステム『CRS』代理店募集。高収益ストックモデル：ビジネス概要 導入8000社以上！販売価格は自由設定。採用サイト・適性検査・電子契約をワンストップで。 「CRS（Cloud Recruitment System）」は、採用業務に必要な機能をすべて網羅したオールインワン型クラウドシステムです。 導入実績は8,000社以上。以下の機能をワンストップで提供し、企業の採用DXを推進します。 ◎採用サイト構築：最短5営業日で高品質なサイトを作成。SEOに強く、Indeed PLUS※やGoogleしごと検索など主要検索エンジンと自動連携。 応募者一元管理（ATS）：複数の求人媒体からの応募者を自動で取り込み、管理画面で一括管理。 ◎適性検査・組織診断：精神科医監修のメン",,,active,2026-03-24T08:56:37Z,2026-03-24T08:56:37Z,2026-03-24T08:56:37Z
kkhashi,https://www.kkhashi.com/matters,https://www.kkhashi.com/matters,https://www.kkhashi.com/matters/detail/519,代理店・フランチャイズ募集サイト,株式会社A.Pプランニング,,フランチャイズ / 代理店,,500万～1000万,,,,ホーム 金融・保険・マネー・不動産・修理・建設業・サービス業 土地不要・管理丸投げ！実質利回り15%超のトランクルーム経営 ... 土地不要・管理丸投げ！実質利回り15%超のトランクルーム経営 資料ダウンロード ダウンロードリストに 追加 ビジネス概要 企業情報 説明会・セミナー 土地不要・管理丸投げ！実質利回り15%超のトランクルーム経営：ビジネス概要 加盟金・ロイヤリティ0円！既存稼働物件もあり即収益化可能なストックビジネス 株式会社A.Pプランニングが提供する「トランクルーム（コンテナ収納）経営」の募集です。住環境の狭小化や不動産価格高騰により収納ニーズが急増しており、市場規模はこの10年で約2.4倍に拡大しています 。 本案件は、コンテナ設置による収納スペース貸し出し事業です。土地をお持ちでない方でも、弊社が最適な立地を選定・開発するため参入可能です 。 【選べる3つのプラン】 １．新規開業：高利回りを狙う（実質利回り15～25%前後） ２．既存物件購入：利用者が既にいるため、初月から収益発生 ３．小口ファンド：少額資金から手軽に始める投資（利回り15%超実績あり） 最大の特徴,,,active,2026-03-24T08:56:39Z,2026-03-24T08:56:39Z,2026-03-24T08:56:39Z
kkhashi,https://www.kkhashi.com/matters,https://www.kkhashi.com/matters,https://www.kkhashi.com/matters/detail/520,代理店・フランチャイズ募集サイト,株式会社A.Pプランニング,,フランチャイズ / 代理店 / 副業,,50～100万,,,,ホーム 金融・保険・マネー・不動産・修理・建設業 賢い副業の新定番！小規模から始める管理不要トランクルーム投資！ ... 賢い副業の新定番！小規模から始める管理不要トランクルーム投資！ 資料ダウンロード ダウンロードリストに 追加 ビジネス概要 企業情報 説明会・セミナー 賢い副業の新定番！小規模から始める管理不要トランクルーム投資！：ビジネス概要 【利回り15%超】50万円の少額投資でオーナーに！管理業務一切なしの完全不労所得モデル 株式会社A.Pプランニングが提案する、既存稼働中の大型トランクルーム現場を30分割して販売する「少額投資モデル（区分売却）」のご案内です。 通常、トランクルーム経営には土地やコンテナ購入など多額の資金が必要ですが、本案件は低予算での参入が可能です。 対象物件は兵庫県三田市にある稼働率86%（提案書時点）の実績ある現場。これを30名限定でファンド形式にて保有していただきます。 最大の魅力は、集客・契約・巡回・清掃・クレーム対応などの管理業務をすべて本部が代行する点です。 オーナー様は一切の業務負担なく、月々の賃料収入を得られる「完全不労所得」を実現できます,,,active,2026-03-24T08:56:40Z,2026-03-24T08:56:40Z,2026-03-24T08:56:40Z
kkhashi,https://www.kkhashi.com/matters,https://www.kkhashi.com/matters,https://www.kkhashi.com/matters/detail/301,代理店・フランチャイズ募集サイト,株式会社スーパーホテル,,フランチャイズ / 代理店,,完全0円,,,,ホーム サービス業 今の仕事を、あと40年続けますか？ 〜ふたりで未来を創る力を〜 ... 今の仕事を、あと40年続けますか？ 〜ふたりで未来を創る力を〜 資料ダウンロード ダウンロードリストに 追加 ビジネス概要 企業情報 説明会・セミナー 今の仕事を、あと40年続けますか？ 〜ふたりで未来を創る力を〜：ビジネス概要 ぺアで住み込み！家賃光熱費不要！4年で4750万～！経営を実務で学べるスーパーホテルベンチャー支配人 全国にあるスーパーホテルの支配人副支配人として、住み込みで1棟運営します。 リスクを負って自身で開業したり加盟金を支払って始めるものではありません。 スーパーホテルの責任者としてホテル運営を通じ経営ノウハウと将来の為の貯蓄をしませんかというプロジェクトです。 将来の目標や目的達成の為にスーパーホテルで経験を積みませんか。 条件については、①同居が可能なペアで応募必須②全国勤務可能な方③ペアと同居必須④ペットなど生き物の飼育不可⑤小学生以上のお子様1名迄同居可です。 質問等ありましたらいつでも受付てます。 アミューズメント業界フライダル業界飲食や不動産営業などからチャレン,,,active,2026-03-24T08:56:42Z,2026-03-24T08:56:42Z,2026-03-24T08:56:42Z
kkhashi,https://www.kkhashi.com/matters,https://www.kkhashi.com/matters,https://www.kkhashi.com/matters/detail/439,代理店・フランチャイズ募集サイト,株式会社Alain,,フランチャイズ / 代理店,,0～50万,,,,ホーム 営業・医療・福祉・小売・卸売・流通・物販・サービス業・人材・コンサルティング・美容・健康・趣味・ペット 【加盟金0円】【無在庫】【一ヶ月で黒字化可能】水素吸入機器の販売代理店様募集！ ... 【加盟金0円】【無在庫】【一ヶ月で黒字化可能】水素吸入機器の販売代理店様募集！ 資料ダウンロード ダウンロードリストに 追加 ビジネス概要 企業情報 【加盟金0円】【無在庫】【一ヶ月で黒字化可能】水素吸入機器の販売代理店様募集！：ビジネス概要 【ストックも有】研修など豊富なサポートで安心して開業◎ニーズの高いヘルスケア商材 ▼「ドクター水素ボトル」とは アスリートにも選ばれ、健康・美容面で幅広い世代から注目される水素吸入機。 確かな科学的根拠と医療レベルの技術によって設計されています。 抗アレルギー・抗酸化作用も認められ、子どもから高齢者、ペットまで使える先端ヘルスケア商材。 累計売上は2025年6月時点で100億円を突破し、信頼できる実績を誇ります。 「毎日をもっとラクに過ごしたい」 「好きなことをずっと楽しめる体でいたい」 「自分の体は自分でケアしていきたい」 そんなニーズに応えられる,,,active,2026-03-24T08:56:43Z,2026-03-24T08:56:43Z,2026-03-24T08:56:43Z
kkhashi,https://www.kkhashi.com/matters,https://www.kkhashi.com/matters,https://www.kkhashi.com/matters/detail/220,代理店・フランチャイズ募集サイト,株式会社NEXT,,フランチャイズ / 代理店,,0～50万,,,,ホーム 小売・卸売・流通・物販・サービス業・システム 1日60分～2つの作業で年商5000万超実績も！システム任せの兼業特化ビジネス ... 1日60分～2つの作業で年商5000万超実績も！システム任せの兼業特化ビジネス 資料ダウンロード ダウンロードリストに 追加 ビジネス概要 企業情報 説明会・セミナー 1日60分～2つの作業で年商5000万超実績も！システム任せの兼業特化ビジネス：ビジネス概要 創業11年目、選ばれ続ける理由がここに！PC1台で出来る新規ビジネス「アクセス」 本業やプライベートの《スキマ時間》を有効活用！ 常に変化しているこの時代の中で、 オンライン物販市場は今までにない勢いで成長しております！ その時代の波に乗り、堅実に売上を上げることが出来る ビジネスが自動システム【アクセス】です！ 実績も評価していただき、 メディアからお声がかかる機会が増えてきました。 「カンニング竹山のイチバン研究所」に4回目の出演をいたしました！ ※2024年6月15日放送 実績があるからこそ出来る導入費全額保証プラン有（適用条件あり） ■「アクセス」とは？ 世界最大のネットショッピン,,,active,2026-03-24T08:56:45Z,2026-03-24T08:56:45Z,2026-03-24T08:56:45Z
kkhashi,https://www.kkhashi.com/matters,https://www.kkhashi.com/matters,https://www.kkhashi.com/matters/detail/509,代理店・フランチャイズ募集サイト,株式会社liberte,,フランチャイズ / 代理店,,0～50万,,,,ホーム 小売・卸売・流通・物販・美容・健康・趣味・ペット 愛猫の腎臓の健康をサポート！猫用サプリ販売パートナー募集 ... 愛猫の腎臓の健康をサポート！猫用サプリ販売パートナー募集 資料ダウンロード ダウンロードリストに 追加 ビジネス概要 企業情報 愛猫の腎臓の健康をサポート！猫用サプリ販売パートナー募集：ビジネス概要 【猫の腎臓ケア】「薬の都」富山の企業が開発。NMN配合の次世代猫用サプリメント販売店募集 「愛する猫と過ごす時間を少しでも長く」という想いから生まれた猫用サプリメント『CK4C』の取扱パートナーを募集します。 「薬の都」富山県の企業が、人間用のサプリにも使われる「ブルーベリー茎エキス」と話題の成分「NMN」を配合し開発。 8歳を超えると多くの猫が抱える腎臓の健康維持をサポートします。 パッケージにもこだわり、プレゼント需要にも対応した高品質なペット商材です。 募集対象となる方 ペットショップ、トリミングサロン、猫カフェ等の店舗様 ・動物病院やブリーダー様 ・ペット関連のECサイト運営者様 ・猫好きの個人事業主様、インフルエンサー様 ・既存顧客（ペットオーナー）へのクロ,,,active,2026-03-24T08:56:46Z,2026-03-24T08:56:46Z,2026-03-24T08:56:46Z
kkhashi,https://www.kkhashi.com/matters,https://www.kkhashi.com/matters,https://www.kkhashi.com/matters/detail/495,代理店・フランチャイズ募集サイト,株式会社モーダクラトーレ,,フランチャイズ / 代理店,,50～100万,,,,ホーム 営業・小売・卸売・流通・物販・サービス業・美容・健康・アパレル・服飾 未経験OK！年収1000万円を狙える無店舗・無在庫オーダースーツ専門店 ... 未経験OK！年収1000万円を狙える無店舗・無在庫オーダースーツ専門店 資料ダウンロード ダウンロードリストに 追加 ビジネス概要 企業情報 未経験OK！年収1000万円を狙える無店舗・無在庫オーダースーツ専門店：ビジネス概要 未経験OK！オーダースーツ販売で自分のブランドを低リスクで実現 私たち Moda Curatore は、未経験の方でも安心してスタートできるオーダースーツ販売の代理店プログラムを展開しています。 採寸や提案の基礎から、実際の接客・販売に必要なスキルまで、対面とオンラインの研修でしっかりサポート。アパレル経験がない方も、プロのノウハウを身につけながら一歩ずつ成長できます。 扱うのは、国内トップクラスの工場で仕立てられた高品質スーツ。プロスポーツ選手や著名人にも選ばれる確かな商品力があるからこそ、自信を持って販売でき、自然とリピートにつながります。 また、オリジナルタグで自社ブランドを展開することも可能。開業後,,,active,2026-03-24T08:56:47Z,2026-03-24T08:56:47Z,2026-03-24T08:56:47Z
kkhashi,https://www.kkhashi.com/matters,https://www.kkhashi.com/matters,https://www.kkhashi.com/matters/detail/463,代理店・フランチャイズ募集サイト,株式会社（北関東支店）,,フランチャイズ / 代理店 / 副業,,完全0円,,,,ホーム インフラ・生活 【副業OK／ニチガスの代理店】LPガス訪問販売正規代理店募集 ... 【副業OK／ニチガスの代理店】LPガス訪問販売正規代理店募集 資料ダウンロード ダウンロードリストに 追加 ビジネス概要 企業情報 【副業OK／ニチガスの代理店】LPガス訪問販売正規代理店募集：ビジネス概要 ニチガスのブランド力で提案しやすい☆月間収益60万円超も可能◎ガス・でんきの販売代理店を募集します！ ＜ニチガスで、エネルギー業界の未来を切り開く仕事に挑戦しませんか？＞ 私たちニチガスは、エネルギー最適化だけにとどまらず、 お客様一人ひとりの「課題解決」をサポートする新しいビジネスモデルを展開しています。 ガスや電気にとどまらず、住まいのリフォームや最新の太陽光・蓄電池といったエネルギー商材を手掛け、 これからの時代に必要不可欠なサービスを提供しています。 そんな当社の販売代理店として、LPガスやでんきの拡販にお力添えいただけませんか？ 用意されているマニュアル通りに提案するだけなので、未経験の方もスタートしやすいのがポイント☆ 週3日以上の稼働で月収月60万円以上の収益も実現可能です。,,,active,2026-03-24T08:56:49Z,2026-03-24T08:56:49Z,2026-03-24T08:56:49Z
kkhashi,https://www.kkhashi.com/matters,https://www.kkhashi.com/matters,https://www.kkhashi.com/matters/detail/500,代理店・フランチャイズ募集サイト,マルシェ株式会社,,フランチャイズ / 代理店,,50～100万,,,,ホーム サービス業・飲食・レジャー・娯楽 【カケハシ限定プラン】未経験OK！飲食店経営を経営しませんか？ ... 【カケハシ限定プラン】未経験OK！飲食店経営を経営しませんか？ 資料ダウンロード ダウンロードリストに 追加 ビジネス概要 企業情報 【カケハシ限定プラン】未経験OK！飲食店経営を経営しませんか？：ビジネス概要 【物件取得・内装工事不要】未経験OK＆すでに飲食店で働いていて店を持ちたい方は必見！ ～第二弾【炭火焼 八剣伝】～ 「酔虎伝」でも名高く、全国で３００店舗近く店舗展開中の上場企業マルシェが提供する、圧倒的な商材力のブランド。 本格炭火焼き鳥店として、アットホームなサービスと落ち着いた雰囲気で幅広いお客様に人気です。 地域に密着した店舗展開を行っており、おひとり様からファミリーでのご利用まで、多様な用途に対応したお店づくり。 木と炭がテーマの落ち着いた雰囲気で、ゆったりと寛いでお食事いただける居酒屋です。 【２０００億円市場】 ① ドリームコース 設備完備された店舗を譲渡！ ✓物件取得・内装工事不要のラクラク開業 ✓あきらめかけたお店を出す夢を叶える ✓居酒屋専門の上,,,active,2026-03-24T08:56:50Z,2026-03-24T08:56:50Z,2026-03-24T08:56:50Z
kkhashi,https://www.kkhashi.com/matters,https://www.kkhashi.com/matters,https://www.kkhashi.com/matters/detail/514,代理店・フランチャイズ募集サイト,株式会社ルーチェ,,フランチャイズ / 代理店 / 取次店,,完全0円,,,,ホーム 広告・メディア・サービス業・人材・コンサルティング 紹介のみでOK！エンジニア採用・広報に強いWantedly運用代行募集 ... 紹介のみでOK！エンジニア採用・広報に強いWantedly運用代行募集 資料ダウンロード ダウンロードリストに 追加 ビジネス概要 企業情報 紹介のみでOK！エンジニア採用・広報に強いWantedly運用代行募集：ビジネス概要 実績270社超！紹介で報酬15％。エンジニア採用・広報に強い運用代行「トモニ採用」 「トモニ採用」は、当社が掲げる採用支援のサービス理念です。 その中核サービスである「Wantedly運用代行サービス」では、運用実績270社以上を誇り、若手人材の採用はもちろん、難易度の高いエンジニアやクリエイティブ人材の採用、さらには企業の「採用広報・ブランディング」強化までを一気通貫で支援しています。 本募集は、企業様をご紹介いただくだけの販売パートナー（取次店）募集です。 パートナー様には、採用や広報に課題を持つ企業様を当社にトスアップ（ご紹介）いただくだけでOK。 その後の詳細提案、商談、契約締結、請求業務、そして実際の運用まですべて,,,active,2026-03-24T08:56:52Z,2026-03-24T08:56:52Z,2026-03-24T08:56:52Z
kkhashi,https://www.kkhashi.com/matters,https://www.kkhashi.com/matters,https://www.kkhashi.com/matters/detail/482,代理店・フランチャイズ募集サイト,株式会社PULLPUSH企画,,フランチャイズ / 代理店,,0～50万,,,,ホーム 営業・広告・メディア・教育・学習・医療・福祉・インフラ・生活・小売・卸売・流通・物販・金融・保険・マネー・不動産・修理・建設業・サービス業・美容・健康・飲食・アパレル・服飾・レジャー・娯楽・趣味・ペット 【話題沸騰中！】えんどう豆100％プロテイン販売代理店募集！補助金活用で広告費大幅カバー◎ ... 【話題沸騰中！】えんどう豆100％プロテイン販売代理店募集！補助金活用で広告費大幅カバー◎ 資料ダウンロード ダウンロードリストに 追加 ビジネス概要 企業情報 【話題沸騰中！】えんどう豆100％プロテイン販売代理店募集！補助金活用で広告費大幅カバー◎：ビジネス概要 1袋販売で1000円の粗利◎アレルギーの心配なし！えんどう豆100%のプロテイン販売代理店募集 ／ しかも今なら持続化補助金で広告費大幅削減できるって知ってた？ ＼ 今こそ新事業のチャンス！ 広告費は持続化補助金で大幅カバー可能◎ 助成金申請は弊社の本業なので、申請からサポートまで丸ごとお任せいただけます。 ※詳細は資料ダウンロード後ご説明いたします。 ＜具体的な委託内容＞ えんどう豆100％・無添加プロテインの販売,,,active,2026-03-24T08:56:53Z,2026-03-24T08:56:53Z,2026-03-24T08:56:53Z
kkhashi,https://www.kkhashi.com/matters,https://www.kkhashi.com/matters,https://www.kkhashi.com/matters/detail/455,代理店・フランチャイズ募集サイト,株式会社アルファplus,,FC / フランチャイズ / 代理店,,,,,,ホーム 医療・福祉・インフラ・生活 ニーズ拡大中で将来性抜群！訪問看護FCで安定経営を実現 ... ニーズ拡大中で将来性抜群！訪問看護FCで安定経営を実現 資料ダウンロード ダウンロードリストに 追加 ビジネス概要 企業情報 ニーズ拡大中で将来性抜群！訪問看護FCで安定経営を実現：ビジネス概要 売上の7割以上が国からの還元なので未払いリスク少なめ◎初めての経営でも安心の訪問看護FC店募集 今後も必要とされる業界で、社会貢献性の高い事業を手掛けてみませんか？ 未経験・個人事業主も大歓迎！ SmiLoop訪問看護ステーションのオーナー様を募集します。 ＼こんな事業です／ 看護師やリハビリ職のスタッフが直接利用者さまのご自宅に訪問し 医療ケアや生活支援を提供する事業です。 オーナー様には訪問看護ステーションの経営者になって 地域の医療や福祉のニーズに応えながら事業所を運営していただきます！ ＼ここがPOINT／ ▼未収リスク少なめ 訪問看護事業は健康保険が適用されるので、 売上の7割〜9割が国からの支払いです。 未払いリスクが少なく、安定的な運営が可能です。 ▼将来性◎ 厚生労働省の方針によ,,,active,2026-03-24T08:56:54Z,2026-03-24T08:56:54Z,2026-03-24T08:56:54Z
kkhashi,https://www.kkhashi.com/matters,https://www.kkhashi.com/matters,https://www.kkhashi.com/matters/detail/278,代理店・フランチャイズ募集サイト,株式会社アトムチェーン本部,,フランチャイズ / 代理店,,0～50万,,,,ホーム インフラ・生活・小売・卸売・流通・物販・不動産・修理・建設業 【加盟金0円】「本業に家電販売をプラス」で経営にもう１つの柱を ... 【加盟金0円】「本業に家電販売をプラス」で経営にもう１つの柱を 資料ダウンロード ダウンロードリストに 追加 ビジネス概要 企業情報 【加盟金0円】「本業に家電販売をプラス」で経営にもう１つの柱を：ビジネス概要 【本業に家電をプラス】家電量販店と地域の電器店の「いいとこ取り」システム 本業に家電販売をプラスしませんか？ 住宅系やガス販売、ハウスクリーニング、新聞配達など地域密着型の事業をメインとされている方に 非常にアツいビジネスになってます。 本業に家電販売をプラスすることで ・顧客満足度の向上 ・売り上げの向上 ・ラインナップの充実 と、いいことずくめ！ なのに ・仕入や在庫に対するノルマなし！ ・看板や商号の変更も強制なし！ ・チラシなど販促活動も取捨選択可能！ ルールに縛られず、自店に合った店舗運営が可能です（商圏エリアなどテリトリー規定は有り） 本部と加盟店様が役割分担することで「いいとこ取り」のサービスを実現しました！ ぜひ私たちと一,,,active,2026-03-24T08:56:56Z,2026-03-24T08:56:56Z,2026-03-24T08:56:56Z
kkhashi,https://www.kkhashi.com/matters,https://www.kkhashi.com/matters,https://www.kkhashi.com/matters/detail/367,代理店・フランチャイズ募集サイト,南陽吉久株式会社,,フランチャイズ / 代理店,,50～100万,,,,ホーム インフラ・生活・小売・卸売・流通・物販・不動産・修理・建設業 “覚悟不要”の賃貸住宅！資産運用や土地活用など説明会実施中！ ... “覚悟不要”の賃貸住宅！資産運用や土地活用など説明会実施中！ 資料ダウンロード ダウンロードリストに 追加 ビジネス概要 企業情報 “覚悟不要”の賃貸住宅！資産運用や土地活用など説明会実施中！：ビジネス概要 “遊休地”を“有給地”に変える、土地活用アドバイザーになりませんか？ これまでの常識を変えたともいわれる“覚悟不要”の戸建賃貸住宅『CUSMO』を販売いただける加盟店募集になります。 『CUSMO』は 資材仕入れ～設計～建設～アフターフォローまで、ワンストップで提供できる戸建賃貸住宅です。 “貸すも、住むも、カスタムも。” 土地活用に、戸建賃貸住宅をワンストップ提供でパッケージ化された画期的なサービスです！ 実は今、戸建賃貸住宅が注目されているんです！ 先行きが不透明な経済、課題が山積みの社会問題、そんな時代の中、土地活用や資産運用方法として… また、ニーズが非常に多く、共同賃貸は余っているのに対して、戸建賃貸は供給数が圧倒的に足りていない、め,,,active,2026-03-24T08:56:57Z,2026-03-24T08:56:57Z,2026-03-24T08:56:57Z
kkhashi,https://www.kkhashi.com/matters,https://www.kkhashi.com/matters,https://www.kkhashi.com/matters/detail/425,代理店・フランチャイズ募集サイト,株式会社ダスキン（メリーメイド事業）,,FC / フランチャイズ / 代理店,,商談時ご説明,,,,ホーム サービス業・環境・公共 【家事代行のパイオニア】ダスキン家事代行FC☆安定収入×安心のサポート体制 ... 【家事代行のパイオニア】ダスキン家事代行FC☆安定収入×安心のサポート体制 資料ダウンロード ダウンロードリストに 追加 ビジネス概要 企業情報 【家事代行のパイオニア】ダスキン家事代行FC☆安定収入×安心のサポート体制：ビジネス概要 【未経験歓迎】地域に根付いた事業支援あり◎ダスキンブランドの家事代行サービス／安定した運営が可能！ ニーズ拡大中☆家事代行のプロとして活躍◎メリーメイド事業のFC加盟店を募集します！ ＜メリーメイド事業とは？＞ 家事代行サービスのパイオニアとして1989年にスタートしたダスキンのメリーメイド事業は、 共働き世帯や単身世帯の増加に伴い、高い需要を集めています。 「お掃除おまかせサービス」や「家事おてつだいサービス」など、 定期性のある多彩なメニューが特徴で、安定収益が見込めるビジネスモデルです。 特に定期サービスが売上の75％以上を占め、安定した運営が可能です。 特に「家事おてつだいサービス」は成長が目覚ましく、今後も高い需要が期待できます！,,,active,2026-03-24T08:56:59Z,2026-03-24T08:56:59Z,2026-03-24T08:56:59Z
kkhashi,https://www.kkhashi.com/matters,https://www.kkhashi.com/matters,https://www.kkhashi.com/matters/detail/501,代理店・フランチャイズ募集サイト,キントウンマーケティング株式会社,,フランチャイズ / 代理店,,完全0円,,,,ホーム 営業・インフラ・生活・不動産・修理・建設業・通信・IT・Web 地域・建物タイプに応じて提案できる光回線販売パートナー募集 ... 地域・建物タイプに応じて提案できる光回線販売パートナー募集 資料ダウンロード ダウンロードリストに 追加 ビジネス概要 企業情報 地域・建物タイプに応じて提案できる光回線販売パートナー募集：ビジネス概要 各ブランドの強みを活かした光回線販売で安定獲得可能 弊社はNURO光、So-net光（コラボ／auひかり）、BBIQ、メガエッグなど主要光回線を取り扱っています。住居タイプや地域に合わせた最適な提案が可能で、訪問販売・催事・店舗など様々な営業スタイルに対応。 光回線は継続的な需要が見込まれる分野であり、新規参入でも成功しやすい商材となっています。 募集対象となる方 ・個人事業主／法人どちらも応募可能 ・営業経験者歓迎（訪問販売経験は特に歓迎） ・通信／電力／ウォーターサーバーなどのクロスセル商材をお持ちの方に最適 ・未経験でもスタート可能（研修あり） 募集企業からのメッセージ 弊社ではソネット光（コラボ）以外にもＮＵＲＯ光や各電力系インターネットサ,,,active,2026-03-24T08:57:00Z,2026-03-24T08:57:00Z,2026-03-24T08:57:00Z
kkhashi,https://www.kkhashi.com/matters,https://www.kkhashi.com/matters,https://www.kkhashi.com/matters/detail/303,代理店・フランチャイズ募集サイト,株式会社ユーロフ,,フランチャイズ / 代理店 / 副業,,完全0円,,,,ホーム 営業 【紹介/アポのみで報酬】オフィスで必須のSaaS系サービスで提案しやすい！副業～代理店まで即開始可！ ... 【紹介/アポのみで報酬】オフィスで必須のSaaS系サービスで提案しやすい！副業～代理店まで即開始可！ 資料ダウンロード ダウンロードリストに 追加 ビジネス概要 企業情報 【紹介/アポのみで報酬】オフィスで必須のSaaS系サービスで提案しやすい！副業～代理店まで即開始可！：ビジネス概要 【紹介/アポのみ】獲得報酬1件2万円程度の案件多数！ニーズ高まるオフィス向けツールで簡単提案！ 私たち株式会社ユーロフは、 BtoC、BtoB、店舗向けサービス問わずクライアントの望むアポイントの取得代行を行っている会社です。 ニーズ増加おける事業拡大にともない、この度新たにテレアポを代行していただける代理店様を募集する運びとなりました。 ▼取扱商材一例 ・MF（マネーフォワード：経理） ・jinjer（経費精算・領収書受領） ・TOKIUM（請求書受領） ・Bill One（請求書発行・受領） ・リチェック（リーガルチェック） ・クルメオ（MEO対策サービス） ・バク楽電子帳簿保,,,active,2026-03-24T08:57:01Z,2026-03-24T08:57:01Z,2026-03-24T08:57:01Z
kkhashi,https://www.kkhashi.com/matters,https://www.kkhashi.com/matters,https://kkhashi.com/matters/detail/292,代理店・フランチャイズ募集サイト,SANGO株式会社,,フランチャイズ / 代理店,,0～50万,,,,ホーム 営業・広告・メディア ★今見ているサイトが商材です！★カケハシを貴社商材にしませんか？ ... ★今見ているサイトが商材です！★カケハシを貴社商材にしませんか？ 資料ダウンロード ダウンロードリストに 追加 ビジネス概要 企業情報 ★今見ているサイトが商材です！★カケハシを貴社商材にしませんか？：ビジネス概要 今見ているこのサイトが商材です！カケハシの掲載アポイントをトスアップしてください！ みなさまに日々ご利用いただいております「代理店募集・フランチャイズ募集専門サイト カケハシ」を貴社商材のラインナップに加えてください！！ 募集対象となる方 法人・個人は問いません 募集企業からのメッセージ こんにちは！カケハシ運営事務局です。 日頃カケハシをご利用いただき、誠にありがとうございます。 この度、代理店やフランチャイズなどの『パートナー展開』を手がける企業様への更なる拡大をご支援するために、カケハシ認定パートナー制度を創立いたしました。 カケハシを通じて企業様のパートナー活動を最大化し、利益創出はもちろんのこと、さらにその先にある企業様のミッション達成に寄与したいと考えておりま,,,active,2026-03-24T08:57:04Z,2026-03-24T08:57:04Z,2026-03-24T08:57:04Z
kkhashi,https://www.kkhashi.com/matters,https://www.kkhashi.com/matters,https://www.kkhashi.com/matters/detail/483,代理店・フランチャイズ募集サイト,SANGO株式会社,,フランチャイズ / 代理店,,0～50万,,,,ホーム IT・Web・システム AI活用をもっと身近に。高収益チャットAI販売 ... AI活用をもっと身近に。高収益チャットAI販売 資料ダウンロード ダウンロードリストに 追加 ビジネス概要 企業情報 AI活用をもっと身近に。高収益チャットAI販売：ビジネス概要 法人向け生成AIツール「ナレフルチャット」販売パートナー募集 Knowlefulは、会社の資料やマニュアルをAIに覚えさせて、チャットで何でも聞けるようにするサービスです。 例えば「去年の営業資料どこ？」「この製品の仕様は？」みたいな質問に、AIがパッと答えてくれます。 PDFでもExcelでも何でもOK。 導入した企業では「探す時間が激減した」「新人教育がラクになった」と大好評です！ 今、AIを使ってみたいけど何から始めればいいか分からない企業がたくさんあります。 そこにKnowlefulを提案すると「これだ！」って反応が多いんです！ 営業資料もデモ環境も全部こちらで用意してるので、あとは提案するだけ。AIに詳しくなくても大丈夫です！ 一緒にこの新しい市場を開拓していきましょう！ 募集対象となる方 ・法人向けIT提案・営,,,active,2026-03-24T08:57:05Z,2026-03-24T08:57:05Z,2026-03-24T08:57:05Z
